#
# There is insufficient memory for the Java Runtime Environment to continue.
# Native memory allocation (mmap) failed to map 642777088 bytes. Error detail: G1 virtual space
# Possible reasons:
#   The system is out of physical RAM or swap space
#   This process is running with CompressedOops enabled, and the Java Heap may be blocking the growth of the native heap
# Possible solutions:
#   Reduce memory load on the system
#   Increase physical memory or swap space
#   Check if swap backing store is full
#   Decrease Java heap size (-Xmx/-Xms)
#   Decrease number of Java threads
#   Decrease Java thread stack sizes (-Xss)
#   Set larger code cache with -XX:ReservedCodeCacheSize=
#   JVM is running with Unscaled Compressed Oops mode in which the Java heap is
#     placed in the first 4GB address space. The Java Heap base address is the
#     maximum limit for the native heap growth. Please use -XX:HeapBaseMinAddress
#     to set the Java Heap base and to place the Java Heap above 4GB virtual address.
# This output file may be truncated or incomplete.
#
#  Out of Memory Error (os_windows.cpp:3926), pid=27068, tid=28188
#
# JRE version: OpenJDK Runtime Environment (21.0.10) (build 21.0.10+-14961533-b1163.108)
# Java VM: OpenJDK 64-Bit Server VM (21.0.10+-14961533-b1163.108, mixed mode, tiered, compressed oops, compressed class ptrs, g1 gc, windows-amd64)
# No core dump will be written. Minidumps are not enabled by default on client versions of Windows
#

---------------  S U M M A R Y ------------

Command Line: --add-opens=java.base/java.lang=ALL-UNNAMED --add-opens=java.base/java.lang.invoke=ALL-UNNAMED --add-opens=java.base/java.util=ALL-UNNAMED --add-opens=java.prefs/java.util.prefs=ALL-UNNAMED --add-exports=jdk.compiler/com.sun.tools.javac.api=ALL-UNNAMED --add-exports=jdk.compiler/com.sun.tools.javac.util=ALL-UNNAMED --add-opens=java.base/java.util=ALL-UNNAMED --add-opens=java.prefs/java.util.prefs=ALL-UNNAMED --add-opens=java.base/java.nio.charset=ALL-UNNAMED --add-opens=java.base/java.net=ALL-UNNAMED --add-opens=java.base/java.util.concurrent=ALL-UNNAMED --add-opens=java.base/java.util.concurrent.atomic=ALL-UNNAMED --add-opens=java.xml/javax.xml.namespace=ALL-UNNAMED --add-opens=java.base/java.time=ALL-UNNAMED -Xmx2048m -Dfile.encoding=UTF-8 -Duser.country=FI -Duser.language=fi -Duser.variant -javaagent:C:\Users\sinis\.gradle\wrapper\dists\gradle-9.4.1-bin\arn2x92ynaizyzdaamcbpbhtj\gradle-9.4.1\lib\agents\gradle-instrumentation-agent-9.4.1.jar org.gradle.launcher.daemon.bootstrap.GradleDaemon 9.4.1

Host: Intel(R) Core(TM) i5-9300H CPU @ 2.40GHz, 8 cores, 7G,  Windows 11 , 64 bit Build 26100 (10.0.26100.8875)
Time: Wed Aug 12 23:01:39 2026 Suomen kesäaika elapsed time: 18810.233058 seconds (0d 5h 13m 30s)

---------------  T H R E A D  ---------------

Current thread (0x000001b1cc9acdb0):  VMThread "VM Thread"          [id=28188, stack(0x000000316c200000,0x000000316c300000) (1024K)]

Stack: [0x000000316c200000,0x000000316c300000]
Native frames: (J=compiled Java code, j=interpreted, Vv=VM code, C=native code)
V  [jvm.dll+0x6d78a9]
V  [jvm.dll+0x8665b3]
V  [jvm.dll+0x868bde]
V  [jvm.dll+0x8692c3]
V  [jvm.dll+0x280ee6]
V  [jvm.dll+0x6d4165]
V  [jvm.dll+0x6c77fa]
V  [jvm.dll+0x358f4b]
V  [jvm.dll+0x360bc6]
V  [jvm.dll+0x3b2ea6]
V  [jvm.dll+0x3b3178]
V  [jvm.dll+0x32b65c]
V  [jvm.dll+0x32b6e7]
V  [jvm.dll+0x3715cc]
V  [jvm.dll+0x36fd7e]
V  [jvm.dll+0x32adb1]
V  [jvm.dll+0x36f480]
V  [jvm.dll+0x86f048]
V  [jvm.dll+0x870394]
V  [jvm.dll+0x8708d0]
V  [jvm.dll+0x870b63]
V  [jvm.dll+0x80fd28]
V  [jvm.dll+0x6d60fd]
C  [ucrtbase.dll+0x2cd30]
C  [KERNEL32.DLL+0x2e957]
C  [ntdll.dll+0xaad6c]

VM_Operation (0x000000316f4f94f0): G1CollectForAllocation, mode: safepoint, requested by thread 0x000001b1d7317160


---------------  P R O C E S S  ---------------

Threads class SMR info:
_java_thread_list=0x000001b1d47f9220, length=83, elements={
0x000001b1b516d3e0, 0x000001b1cca2a700, 0x000001b1cca3b950, 0x000001b1cca2b160,
0x000001b1cca2d0f0, 0x000001b1cca2db50, 0x000001b1cca50170, 0x000001b1cca51740,
0x000001b1cca61990, 0x000001b1cca65800, 0x000001b1d1088fc0, 0x000001b1d3f2d7c0,
0x000001b1d2671860, 0x000001b1d27ff520, 0x000001b1d2dc8240, 0x000001b1d3b41b30,
0x000001b1d3b414a0, 0x000001b1d3b46360, 0x000001b1d3b469f0, 0x000001b1d3b47710,
0x000001b1d5d99da0, 0x000001b1d6f55f60, 0x000001b1d6f58030, 0x000001b1dc72f4e0,
0x000001b1dc72daa0, 0x000001b1dc72d410, 0x000001b1d750e070, 0x000001b1d750e700,
0x000001b1d750ed90, 0x000001b1d6420680, 0x000001b1dd027410, 0x000001b1f9747390,
0x000001b1dd026060, 0x000001b1dd0266f0, 0x000001b1dd026d80, 0x000001b1f8465990,
0x000001b1f8466020, 0x000001b1f9746d00, 0x000001b1dcd40060, 0x000001b1dcd406f0,
0x000001b1dcd40d80, 0x000001b1f8a9fd50, 0x000001b1d7314370, 0x000001b1d7316440,
0x000001b1d7316ad0, 0x000001b1d7315090, 0x000001b1d7317160, 0x000001b1f84666b0,
0x000001b1dcb85ba0, 0x000001b1dd672060, 0x000001b1f84673d0, 0x000001b1dcd9ef60,
0x000001b1f9745fe0, 0x000001b1f9744c30, 0x000001b1dc72fb70, 0x000001b1f8aa03e0,
0x000001b1f8a9f030, 0x000001b1d7315720, 0x000001b1dc72e7c0, 0x000001b1dc72ee50,
0x000001b1dc72c6f0, 0x000001b1dc72cd80, 0x000001b1f8f8fe50, 0x000001b1f8f8d060,
0x000001b1f8f8f7c0, 0x000001b1dcd9e240, 0x000001b1d7314a00, 0x000001b1d6423b00,
0x000001b1f8f8d6f0, 0x000001b1f2b25980, 0x000001b1dd028e50, 0x000001b1f2b1e420,
0x000001b1f2b1d700, 0x000001b1f2b1fda0, 0x000001b1d737e5f0, 0x000001b1f2b1dd90,
0x000001b1f2b1d070, 0x000001b1d6420d10, 0x000001b1f3529e60, 0x000001b1d6424820,
0x000001b1f3529140, 0x000001b1d67271c0, 0x000001b1f90aa6f0
}

Java Threads: ( => current thread )
  0x000001b1b516d3e0 JavaThread "main"                              [_thread_blocked, id=27336, stack(0x000000316bb00000,0x000000316bc00000) (1024K)]
  0x000001b1cca2a700 JavaThread "Common-Cleaner"             daemon [_thread_blocked, id=25624, stack(0x000000316c300000,0x000000316c400000) (1024K)]
  0x000001b1cca3b950 JavaThread "Reference Handler"          daemon [_thread_blocked, id=15084, stack(0x000000316c400000,0x000000316c500000) (1024K)]
  0x000001b1cca2b160 JavaThread "Finalizer"                  daemon [_thread_blocked, id=28068, stack(0x000000316c500000,0x000000316c600000) (1024K)]
  0x000001b1cca2d0f0 JavaThread "Signal Dispatcher"          daemon [_thread_blocked, id=22816, stack(0x000000316c600000,0x000000316c700000) (1024K)]
  0x000001b1cca2db50 JavaThread "Attach Listener"            daemon [_thread_blocked, id=19332, stack(0x000000316c700000,0x000000316c800000) (1024K)]
  0x000001b1cca50170 JavaThread "Service Thread"             daemon [_thread_blocked, id=23300, stack(0x000000316c800000,0x000000316c900000) (1024K)]
  0x000001b1cca51740 JavaThread "Monitor Deflation Thread"   daemon [_thread_blocked, id=18632, stack(0x000000316c900000,0x000000316ca00000) (1024K)]
  0x000001b1cca61990 JavaThread "C2 CompilerThread0"         daemon [_thread_blocked, id=27856, stack(0x000000316ca00000,0x000000316cb00000) (1024K)]
  0x000001b1cca65800 JavaThread "C1 CompilerThread0"         daemon [_thread_blocked, id=9096, stack(0x000000316cb00000,0x000000316cc00000) (1024K)]
  0x000001b1d1088fc0 JavaThread "Notification Thread"        daemon [_thread_blocked, id=15544, stack(0x000000316cc00000,0x000000316cd00000) (1024K)]
  0x000001b1d3f2d7c0 JavaThread "Daemon health stats"               [_thread_blocked, id=10204, stack(0x000000316d200000,0x000000316d300000) (1024K)]
  0x000001b1d2671860 JavaThread "Incoming local TCP Connector on port 62702"        [_thread_in_native, id=9824, stack(0x000000316d300000,0x000000316d400000) (1024K)]
  0x000001b1d27ff520 JavaThread "Daemon periodic checks"            [_thread_blocked, id=19488, stack(0x000000316d400000,0x000000316d500000) (1024K)]
  0x000001b1d2dc8240 JavaThread "Cache worker for journal cache (C:\Users\sinis\.gradle\caches\journal-1)"        [_thread_blocked, id=21564, stack(0x000000316cd00000,0x000000316ce00000) (1024K)]
  0x000001b1d3b41b30 JavaThread "File lock request listener"        [_thread_in_native, id=22348, stack(0x000000316e000000,0x000000316e100000) (1024K)]
  0x000001b1d3b414a0 JavaThread "Cache worker for file hash cache (C:\Users\sinis\.gradle\caches\9.4.1\fileHashes)"        [_thread_blocked, id=18052, stack(0x000000316e100000,0x000000316e200000) (1024K)]
  0x000001b1d3b46360 JavaThread "Cache worker for file content cache (C:\Users\sinis\.gradle\caches\9.4.1\fileContent)"        [_thread_blocked, id=18844, stack(0x000000316e500000,0x000000316e600000) (1024K)]
  0x000001b1d3b469f0 JavaThread "File watcher server"        daemon [_thread_blocked, id=18000, stack(0x000000316e600000,0x000000316e700000) (1024K)]
  0x000001b1d3b47710 JavaThread "File watcher consumer"      daemon [_thread_blocked, id=23564, stack(0x000000316e700000,0x000000316e800000) (1024K)]
  0x000001b1d5d99da0 JavaThread "Memory manager"                    [_thread_blocked, id=19612, stack(0x000000316eb00000,0x000000316ec00000) (1024K)]
  0x000001b1d6f55f60 JavaThread "RMI Scheduler(0)"           daemon [_thread_blocked, id=8424, stack(0x000000316fe00000,0x000000316ff00000) (1024K)]
  0x000001b1d6f58030 JavaThread "RMI TCP Accept-0"           daemon [_thread_in_native, id=2516, stack(0x0000003170200000,0x0000003170300000) (1024K)]
  0x000001b1dc72f4e0 JavaThread "jar transforms"                    [_thread_blocked, id=3876, stack(0x000000316e200000,0x000000316e300000) (1024K)]
  0x000001b1dc72daa0 JavaThread "jar transforms Thread 2"           [_thread_blocked, id=29104, stack(0x000000316e300000,0x000000316e400000) (1024K)]
  0x000001b1dc72d410 JavaThread "jar transforms Thread 3"           [_thread_blocked, id=7684, stack(0x000000316e400000,0x000000316e500000) (1024K)]
  0x000001b1d750e070 JavaThread "jar transforms Thread 4"           [_thread_blocked, id=24892, stack(0x000000316e800000,0x000000316e900000) (1024K)]
  0x000001b1d750e700 JavaThread "jar transforms Thread 5"           [_thread_blocked, id=19136, stack(0x000000316e900000,0x000000316ea00000) (1024K)]
  0x000001b1d750ed90 JavaThread "jar transforms Thread 6"           [_thread_blocked, id=19816, stack(0x000000316ea00000,0x000000316eb00000) (1024K)]
  0x000001b1d6420680 JavaThread "jar transforms Thread 7"           [_thread_blocked, id=21480, stack(0x000000316ec00000,0x000000316ed00000) (1024K)]
  0x000001b1dd027410 JavaThread "jar transforms Thread 8"           [_thread_blocked, id=18228, stack(0x000000316ed00000,0x000000316ee00000) (1024K)]
  0x000001b1f9747390 JavaThread "Daemon Thread 17"                  [_thread_blocked, id=2348, stack(0x000000316b800000,0x000000316b900000) (1024K)]
  0x000001b1dd026060 JavaThread "Handler for socket connection from /127.0.0.1:62702 to /127.0.0.1:61236"        [_thread_in_native, id=7548, stack(0x000000316b900000,0x000000316ba00000) (1024K)]
  0x000001b1dd0266f0 JavaThread "Cancel handler"                    [_thread_blocked, id=24472, stack(0x000000316ba00000,0x000000316bb00000) (1024K)]
  0x000001b1dd026d80 JavaThread "Daemon worker Thread 16"           [_thread_blocked, id=28432, stack(0x000000316d500000,0x000000316d600000) (1024K)]
  0x000001b1f8465990 JavaThread "Asynchronous log dispatcher for DefaultDaemonConnection: socket connection from /127.0.0.1:62702 to /127.0.0.1:61236"        [_thread_blocked, id=8988, stack(0x000000316d600000,0x000000316d700000) (1024K)]
  0x000001b1f8466020 JavaThread "Stdin handler"                     [_thread_blocked, id=4368, stack(0x000000316db00000,0x000000316dc00000) (1024K)]
  0x000001b1f9746d00 JavaThread "Daemon client event forwarder"        [_thread_blocked, id=21444, stack(0x000000316dc00000,0x000000316dd00000) (1024K)]
  0x000001b1dcd40060 JavaThread "Cache worker for file hash cache (C:\Users\sinis\AndroidStudioProjects\BLEEX\.gradle\9.4.1\fileHashes)"        [_thread_blocked, id=28780, stack(0x000000316dd00000,0x000000316de00000) (1024K)]
  0x000001b1dcd406f0 JavaThread "Cache worker for checksums cache (C:\Users\sinis\AndroidStudioProjects\BLEEX\.gradle\9.4.1\checksums)"        [_thread_blocked, id=27456, stack(0x000000316de00000,0x000000316df00000) (1024K)]
  0x000001b1dcd40d80 JavaThread "Cache worker for Build Output Cleanup Cache (C:\Users\sinis\AndroidStudioProjects\BLEEX\.gradle\buildOutputCleanup)"        [_thread_blocked, id=18588, stack(0x000000316df00000,0x000000316e000000) (1024K)]
  0x000001b1f8a9fd50 JavaThread "Cache worker for cache directory md-supplier (C:\Users\sinis\.gradle\caches\9.4.1\md-supplier)"        [_thread_blocked, id=25512, stack(0x000000316ee00000,0x000000316ef00000) (1024K)]
  0x000001b1d7314370 JavaThread "Cache worker for cache directory md-rule (C:\Users\sinis\.gradle\caches\9.4.1\md-rule)"        [_thread_blocked, id=25872, stack(0x000000316ef00000,0x000000316f000000) (1024K)]
  0x000001b1d7316440 JavaThread "Build operations"                  [_thread_blocked, id=19424, stack(0x000000316f100000,0x000000316f200000) (1024K)]
  0x000001b1d7316ad0 JavaThread "Build operations Thread 2"         [_thread_blocked, id=27808, stack(0x000000316f200000,0x000000316f300000) (1024K)]
  0x000001b1d7315090 JavaThread "Build operations Thread 3"         [_thread_blocked, id=24752, stack(0x000000316f300000,0x000000316f400000) (1024K)]
  0x000001b1d7317160 JavaThread "Build operations Thread 4"         [_thread_blocked, id=19060, stack(0x000000316f400000,0x000000316f500000) (1024K)]
  0x000001b1f84666b0 JavaThread "Build operations Thread 5"         [_thread_blocked, id=15996, stack(0x000000316f500000,0x000000316f600000) (1024K)]
  0x000001b1dcb85ba0 JavaThread "Build operations Thread 6"         [_thread_blocked, id=6596, stack(0x000000316f600000,0x000000316f700000) (1024K)]
  0x000001b1dd672060 JavaThread "Build operations Thread 7"         [_thread_blocked, id=25064, stack(0x000000316f700000,0x000000316f800000) (1024K)]
  0x000001b1f84673d0 JavaThread "Build operations Thread 8"         [_thread_blocked, id=27340, stack(0x000000316f000000,0x000000316f100000) (1024K)]
  0x000001b1dcd9ef60 JavaThread "Configuration cache report writer"        [_thread_blocked, id=5644, stack(0x000000316fa00000,0x000000316fb00000) (1024K)]
  0x000001b1f9745fe0 JavaThread "build event listener"              [_thread_blocked, id=7344, stack(0x000000316fd00000,0x000000316fe00000) (1024K)]
  0x000001b1f9744c30 JavaThread "build event listener"              [_thread_blocked, id=14636, stack(0x000000316fc00000,0x000000316fd00000) (1024K)]
  0x000001b1dc72fb70 JavaThread "Exec process"                      [_thread_blocked, id=2728, stack(0x000000316ff00000,0x0000003170000000) (1024K)]
  0x000001b1f8aa03e0 JavaThread "Exec process Thread 2"             [_thread_blocked, id=27820, stack(0x0000003170000000,0x0000003170100000) (1024K)]
  0x000001b1f8a9f030 JavaThread "Exec process Thread 3"             [_thread_blocked, id=26500, stack(0x0000003170100000,0x0000003170200000) (1024K)]
  0x000001b1d7315720 JavaThread "included builds"                   [_thread_blocked, id=19108, stack(0x0000003170300000,0x0000003170400000) (1024K)]
  0x000001b1dc72e7c0 JavaThread "Execution worker"                  [_thread_blocked, id=27392, stack(0x0000003170400000,0x0000003170500000) (1024K)]
  0x000001b1dc72ee50 JavaThread "Execution worker Thread 2"         [_thread_blocked, id=28180, stack(0x0000003170500000,0x0000003170600000) (1024K)]
  0x000001b1dc72c6f0 JavaThread "Execution worker Thread 3"         [_thread_blocked, id=21700, stack(0x0000003170600000,0x0000003170700000) (1024K)]
  0x000001b1dc72cd80 JavaThread "Execution worker Thread 4"         [_thread_blocked, id=26348, stack(0x0000003170700000,0x0000003170800000) (1024K)]
  0x000001b1f8f8fe50 JavaThread "Execution worker Thread 5"         [_thread_blocked, id=29052, stack(0x0000003170800000,0x0000003170900000) (1024K)]
  0x000001b1f8f8d060 JavaThread "Execution worker Thread 6"         [_thread_blocked, id=20832, stack(0x0000003170900000,0x0000003170a00000) (1024K)]
  0x000001b1f8f8f7c0 JavaThread "Execution worker Thread 7"         [_thread_blocked, id=29552, stack(0x0000003170a00000,0x0000003170b00000) (1024K)]
  0x000001b1dcd9e240 JavaThread "Cache worker for execution history cache (C:\Users\sinis\AndroidStudioProjects\BLEEX\.gradle\9.4.1\executionHistory)"        [_thread_blocked, id=26264, stack(0x0000003170b00000,0x0000003170c00000) (1024K)]
  0x000001b1d7314a00 JavaThread "WorkerExecutor Queue"              [_thread_blocked, id=16736, stack(0x0000003170c00000,0x0000003170d00000) (1024K)]
  0x000001b1d6423b00 JavaThread "RMI TCP Connection(109)-127.0.0.1" daemon [_thread_in_native, id=2656, stack(0x0000003171600000,0x0000003171700000) (1024K)]
  0x000001b1f8f8d6f0 JavaThread "WorkerExecutor Queue Thread 2"        [_thread_blocked, id=22384, stack(0x0000003171700000,0x0000003171800000) (1024K)]
  0x000001b1f2b25980 JavaThread "WorkerExecutor Queue Thread 4"        [_thread_blocked, id=7944, stack(0x0000003170e00000,0x0000003170f00000) (1024K)]
  0x000001b1dd028e50 JavaThread "WorkerExecutor Queue Thread 6"        [_thread_blocked, id=8180, stack(0x0000003170f00000,0x0000003171000000) (1024K)]
  0x000001b1f2b1e420 JavaThread "WorkerExecutor Queue Thread 7"        [_thread_blocked, id=28264, stack(0x0000003171000000,0x0000003171100000) (1024K)]
  0x000001b1f2b1d700 JavaThread "WorkerExecutor Queue Thread 8"        [_thread_blocked, id=21676, stack(0x0000003171100000,0x0000003171200000) (1024K)]
  0x000001b1f2b1fda0 JavaThread "WorkerExecutor Queue Thread 9"        [_thread_blocked, id=28872, stack(0x0000003171200000,0x0000003171300000) (1024K)]
  0x000001b1d737e5f0 JavaThread "WorkerExecutor Queue Thread 10"        [_thread_blocked, id=29472, stack(0x0000003171300000,0x0000003171400000) (1024K)]
  0x000001b1f2b1dd90 JavaThread "ForkJoinPool-4-worker-1"    daemon [_thread_blocked, id=29668, stack(0x0000003171400000,0x0000003171500000) (1024K)]
  0x000001b1f2b1d070 JavaThread "ForkJoinPool-4-worker-2"    daemon [_thread_blocked, id=25348, stack(0x0000003171800000,0x0000003171900000) (1024K)]
  0x000001b1d6420d10 JavaThread "ForkJoinPool-4-worker-3"    daemon [_thread_blocked, id=29276, stack(0x0000003171900000,0x0000003171a00000) (1024K)]
  0x000001b1f3529e60 JavaThread "ForkJoinPool-4-worker-4"    daemon [_thread_blocked, id=29512, stack(0x0000003171b00000,0x0000003171c00000) (1024K)]
  0x000001b1d6424820 JavaThread "ForkJoinPool-4-worker-5"    daemon [_thread_blocked, id=12244, stack(0x0000003171c00000,0x0000003171d00000) (1024K)]
  0x000001b1f3529140 JavaThread "ForkJoinPool-4-worker-6"    daemon [_thread_blocked, id=24264, stack(0x0000003171d00000,0x0000003171e00000) (1024K)]
  0x000001b1d67271c0 JavaThread "ForkJoinPool-4-worker-7"    daemon [_thread_blocked, id=22956, stack(0x0000003171e00000,0x0000003171f00000) (1024K)]
  0x000001b1f90aa6f0 JavaThread "ForkJoinPool-4-worker-8"    daemon [_thread_blocked, id=13356, stack(0x0000003171f00000,0x0000003172000000) (1024K)]
Total: 83

Other Threads:
=>0x000001b1cc9acdb0 VMThread "VM Thread"                           [id=28188, stack(0x000000316c200000,0x000000316c300000) (1024K)]
  0x000001b1cc1c8780 WatcherThread "VM Periodic Task Thread"        [id=904, stack(0x000000316c100000,0x000000316c200000) (1024K)]
  0x000001b1b51c5110 WorkerThread "GC Thread#0"                     [id=7640, stack(0x000000316bc00000,0x000000316bd00000) (1024K)]
  0x000001b1d1d33150 WorkerThread "GC Thread#1"                     [id=8116, stack(0x000000316ce00000,0x000000316cf00000) (1024K)]
  0x000001b1d1d17130 WorkerThread "GC Thread#2"                     [id=22448, stack(0x000000316cf00000,0x000000316d000000) (1024K)]
  0x000001b1d1cccfc0 WorkerThread "GC Thread#3"                     [id=6220, stack(0x000000316d000000,0x000000316d100000) (1024K)]
  0x000001b1d1d607c0 WorkerThread "GC Thread#4"                     [id=11836, stack(0x000000316d100000,0x000000316d200000) (1024K)]
  0x000001b1d3c74f20 WorkerThread "GC Thread#5"                     [id=15396, stack(0x000000316d700000,0x000000316d800000) (1024K)]
  0x000001b1d3c752d0 WorkerThread "GC Thread#6"                     [id=22732, stack(0x000000316d800000,0x000000316d900000) (1024K)]
  0x000001b1d3c75a30 WorkerThread "GC Thread#7"                     [id=11060, stack(0x000000316d900000,0x000000316da00000) (1024K)]
  0x000001b1b51d6820 ConcurrentGCThread "G1 Main Marker"            [id=20752, stack(0x000000316bd00000,0x000000316be00000) (1024K)]
  0x000001b1b51d8080 WorkerThread "G1 Conc#0"                       [id=26180, stack(0x000000316be00000,0x000000316bf00000) (1024K)]
  0x000001b1d3c74060 WorkerThread "G1 Conc#1"                       [id=18856, stack(0x000000316da00000,0x000000316db00000) (1024K)]
  0x000001b1b521e7b0 ConcurrentGCThread "G1 Refine#0"               [id=2388, stack(0x000000316bf00000,0x000000316c000000) (1024K)]
  0x000001b1cc08f820 ConcurrentGCThread "G1 Service"                [id=21772, stack(0x000000316c000000,0x000000316c100000) (1024K)]
Total: 15

Threads with active compile tasks:
C2 CompilerThread0  18810870 52252       4       com.android.tools.r8.internal.nv::a (4509 bytes)
C1 CompilerThread0  18810871 52451       2       com.android.tools.r8.internal.dj3::a (22 bytes)
Total: 2

VM state: at safepoint (normal execution)

VM Mutex/Monitor currently owned by a thread:  ([mutex/lock_event])
[0x00007ffe7b8386d0] Threads_lock - owner thread: 0x000001b1cc9acdb0
[0x00007ffe7b8387d0] Heap_lock - owner thread: 0x000001b1d7317160

Heap address: 0x0000000080000000, size: 2048 MB, Compressed Oops mode: 32-bit

CDS archive(s) not mapped
Compressed class space mapped at: 0x0000000100000000-0x0000000140000000, reserved size: 1073741824
Narrow klass base: 0x0000000000000000, Narrow klass shift: 3, Narrow klass range: 0x140000000

GC Precious Log:
 CardTable entry size: 512
 Card Set container configuration: InlinePtr #cards 5 size 8 Array Of Cards #cards 12 size 40 Howl #buckets 4 coarsen threshold 1843 Howl Bitmap #cards 512 size 80 coarsen threshold 460 Card regions per heap region 1 cards per card region 2048
 CPUs: 8 total, 8 available
 Memory: 8072M
 Large Page Support: Disabled
 NUMA Support: Disabled
 Compressed Oops: Enabled (32-bit)
 Heap Region Size: 1M
 Heap Min Capacity: 8M
 Heap Initial Capacity: 128M
 Heap Max Capacity: 2G
 Pre-touch: Disabled
 Parallel Workers: 8
 Concurrent Workers: 2
 Concurrent Refinement Workers: 8
 Periodic GC: Disabled

Heap:
 garbage-first heap   total 529408K, used 361605K [0x0000000080000000, 0x0000000100000000)
  region size 1024K, 4 young (4096K), 4 survivors (4096K)
 Metaspace       used 299038K, committed 301824K, reserved 1310720K
  class space    used 39818K, committed 41216K, reserved 1048576K

Heap Regions: E=young(eden), S=young(survivor), O=old, HS=humongous(starts), HC=humongous(continues), CS=collection set, F=free, TAMS=top-at-mark-start, PB=parsable bottom
|   0|0x0000000080000000, 0x0000000080100000, 0x0000000080100000|100%|HS|  |TAMS 0x0000000080100000| PB 0x0000000080000000| Complete 
|   1|0x0000000080100000, 0x0000000080200000, 0x0000000080200000|100%|HC|  |TAMS 0x0000000080200000| PB 0x0000000080100000| Complete 
|   2|0x0000000080200000, 0x0000000080300000, 0x0000000080300000|100%|HC|  |TAMS 0x0000000080300000| PB 0x0000000080200000| Complete 
|   3|0x0000000080300000, 0x0000000080400000, 0x0000000080400000|100%|HC|  |TAMS 0x0000000080400000| PB 0x0000000080300000| Complete 
|   4|0x0000000080400000, 0x00000000804ffe38, 0x0000000080500000| 99%| O|  |TAMS 0x00000000804ffe38| PB 0x0000000080400000| Untracked 
|   5|0x0000000080500000, 0x0000000080600000, 0x0000000080600000|100%| O|  |TAMS 0x0000000080600000| PB 0x0000000080500000| Untracked 
|   6|0x0000000080600000, 0x0000000080700000, 0x0000000080700000|100%| O|  |TAMS 0x0000000080700000| PB 0x0000000080600000| Untracked 
|   7|0x0000000080700000, 0x00000000807fc6f0, 0x0000000080800000| 98%| O|  |TAMS 0x00000000807fc6f0| PB 0x0000000080700000| Untracked 
|   8|0x0000000080800000, 0x0000000080900000, 0x0000000080900000|100%| O|  |TAMS 0x0000000080900000| PB 0x0000000080800000| Untracked 
|   9|0x0000000080900000, 0x0000000080a00000, 0x0000000080a00000|100%| O|  |TAMS 0x0000000080a00000| PB 0x0000000080900000| Untracked 
|  10|0x0000000080a00000, 0x0000000080afffe0, 0x0000000080b00000| 99%| O|  |TAMS 0x0000000080afffe0| PB 0x0000000080a00000| Untracked 
|  11|0x0000000080b00000, 0x0000000080c00000, 0x0000000080c00000|100%|HS|  |TAMS 0x0000000080c00000| PB 0x0000000080b00000| Complete 
|  12|0x0000000080c00000, 0x0000000080cffff0, 0x0000000080d00000| 99%| O|  |TAMS 0x0000000080cffff0| PB 0x0000000080c00000| Untracked 
|  13|0x0000000080d00000, 0x0000000080e00000, 0x0000000080e00000|100%| O|  |TAMS 0x0000000080e00000| PB 0x0000000080d00000| Untracked 
|  14|0x0000000080e00000, 0x0000000080efffe8, 0x0000000080f00000| 99%| O|  |TAMS 0x0000000080efffe8| PB 0x0000000080e00000| Untracked 
|  15|0x0000000080f00000, 0x0000000081000000, 0x0000000081000000|100%|HS|  |TAMS 0x0000000081000000| PB 0x0000000080f00000| Complete 
|  16|0x0000000081000000, 0x0000000081100000, 0x0000000081100000|100%|HS|  |TAMS 0x0000000081100000| PB 0x0000000081000000| Complete 
|  17|0x0000000081100000, 0x0000000081200000, 0x0000000081200000|100%|HS|  |TAMS 0x0000000081200000| PB 0x0000000081100000| Complete 
|  18|0x0000000081200000, 0x0000000081300000, 0x0000000081300000|100%|HS|  |TAMS 0x0000000081300000| PB 0x0000000081200000| Complete 
|  19|0x0000000081300000, 0x0000000081400000, 0x0000000081400000|100%|HC|  |TAMS 0x0000000081400000| PB 0x0000000081300000| Complete 
|  20|0x0000000081400000, 0x0000000081500000, 0x0000000081500000|100%|HS|  |TAMS 0x0000000081500000| PB 0x0000000081400000| Complete 
|  21|0x0000000081500000, 0x0000000081600000, 0x0000000081600000|100%|HS|  |TAMS 0x0000000081600000| PB 0x0000000081500000| Complete 
|  22|0x0000000081600000, 0x0000000081700000, 0x0000000081700000|100%|HC|  |TAMS 0x0000000081700000| PB 0x0000000081600000| Complete 
|  23|0x0000000081700000, 0x00000000817fffc0, 0x0000000081800000| 99%| O|  |TAMS 0x00000000817fffc0| PB 0x0000000081700000| Untracked 
|  24|0x0000000081800000, 0x0000000081900000, 0x0000000081900000|100%| O|  |TAMS 0x0000000081900000| PB 0x0000000081800000| Updating 
|  25|0x0000000081900000, 0x00000000819ffff8, 0x0000000081a00000| 99%| O|  |TAMS 0x00000000819ffff8| PB 0x0000000081900000| Untracked 
|  26|0x0000000081a00000, 0x0000000081afff68, 0x0000000081b00000| 99%| O|  |TAMS 0x0000000081afff68| PB 0x0000000081a00000| Untracked 
|  27|0x0000000081b00000, 0x0000000081bfffe8, 0x0000000081c00000| 99%| O|  |TAMS 0x0000000081bfffe8| PB 0x0000000081b00000| Untracked 
|  28|0x0000000081c00000, 0x0000000081d00000, 0x0000000081d00000|100%|HS|  |TAMS 0x0000000081d00000| PB 0x0000000081c00000| Complete 
|  29|0x0000000081d00000, 0x0000000081e00000, 0x0000000081e00000|100%|HS|  |TAMS 0x0000000081e00000| PB 0x0000000081d00000| Complete 
|  30|0x0000000081e00000, 0x0000000081efffd8, 0x0000000081f00000| 99%| O|  |TAMS 0x0000000081efffd8| PB 0x0000000081e00000| Updating 
|  31|0x0000000081f00000, 0x0000000081fffff8, 0x0000000082000000| 99%| O|  |TAMS 0x0000000081fffff8| PB 0x0000000081f00000| Untracked 
|  32|0x0000000082000000, 0x0000000082100000, 0x0000000082100000|100%| O|  |TAMS 0x0000000082100000| PB 0x0000000082000000| Untracked 
|  33|0x0000000082100000, 0x00000000821fffd0, 0x0000000082200000| 99%| O|  |TAMS 0x00000000821fffd0| PB 0x0000000082100000| Untracked 
|  34|0x0000000082200000, 0x00000000822ffff0, 0x0000000082300000| 99%| O|  |TAMS 0x00000000822ffff0| PB 0x0000000082200000| Untracked 
|  35|0x0000000082300000, 0x0000000082400000, 0x0000000082400000|100%| O|  |TAMS 0x0000000082400000| PB 0x0000000082300000| Updating 
|  36|0x0000000082400000, 0x00000000824fffe8, 0x0000000082500000| 99%| O|  |TAMS 0x00000000824fffe8| PB 0x0000000082400000| Updating 
|  37|0x0000000082500000, 0x00000000825ff730, 0x0000000082600000| 99%| O|  |TAMS 0x00000000825ff730| PB 0x0000000082500000| Updating 
|  38|0x0000000082600000, 0x0000000082700000, 0x0000000082700000|100%| O|  |TAMS 0x0000000082600000| PB 0x0000000082600000| Untracked 
|  39|0x0000000082700000, 0x00000000827ff828, 0x0000000082800000| 99%| O|  |TAMS 0x00000000827ff828| PB 0x0000000082700000| Updating 
|  40|0x0000000082800000, 0x00000000828fc870, 0x0000000082900000| 98%| O|  |TAMS 0x00000000828fc870| PB 0x0000000082800000| Updating 
|  41|0x0000000082900000, 0x00000000829ffff0, 0x0000000082a00000| 99%| O|  |TAMS 0x00000000829ffff0| PB 0x0000000082900000| Updating 
|  42|0x0000000082a00000, 0x0000000082afffa8, 0x0000000082b00000| 99%| O|  |TAMS 0x0000000082afffa8| PB 0x0000000082a00000| Updating 
|  43|0x0000000082b00000, 0x0000000082c00000, 0x0000000082c00000|100%| O|  |TAMS 0x0000000082b00000| PB 0x0000000082b00000| Untracked 
|  44|0x0000000082c00000, 0x0000000082cffff0, 0x0000000082d00000| 99%| O|  |TAMS 0x0000000082cffff0| PB 0x0000000082c00000| Updating 
|  45|0x0000000082d00000, 0x0000000082dfffb0, 0x0000000082e00000| 99%| O|  |TAMS 0x0000000082dfffb0| PB 0x0000000082d00000| Updating 
|  46|0x0000000082e00000, 0x0000000082effff8, 0x0000000082f00000| 99%| O|  |TAMS 0x0000000082effff8| PB 0x0000000082e00000| Untracked 
|  47|0x0000000082f00000, 0x0000000082ffffb8, 0x0000000083000000| 99%| O|  |TAMS 0x0000000082ffffb8| PB 0x0000000082f00000| Updating 
|  48|0x0000000083000000, 0x00000000830fffa8, 0x0000000083100000| 99%| O|  |TAMS 0x00000000830fffa8| PB 0x0000000083000000| Untracked 
|  49|0x0000000083100000, 0x00000000831ffff8, 0x0000000083200000| 99%| O|  |TAMS 0x00000000831ffff8| PB 0x0000000083100000| Updating 
|  50|0x0000000083200000, 0x0000000083300000, 0x0000000083300000|100%| O|  |TAMS 0x0000000083300000| PB 0x0000000083200000| Updating 
|  51|0x0000000083300000, 0x0000000083400000, 0x0000000083400000|100%| O|  |TAMS 0x0000000083300000| PB 0x0000000083300000| Untracked 
|  52|0x0000000083400000, 0x00000000834fffc8, 0x0000000083500000| 99%| O|  |TAMS 0x00000000834fffc8| PB 0x0000000083400000| Updating 
|  53|0x0000000083500000, 0x00000000835ffff0, 0x0000000083600000| 99%| O|  |TAMS 0x00000000835ffff0| PB 0x0000000083500000| Updating 
|  54|0x0000000083600000, 0x00000000836fffe8, 0x0000000083700000| 99%| O|  |TAMS 0x00000000836fffe8| PB 0x0000000083600000| Updating 
|  55|0x0000000083700000, 0x00000000837fffc0, 0x0000000083800000| 99%| O|  |TAMS 0x00000000837fffc0| PB 0x0000000083700000| Updating 
|  56|0x0000000083800000, 0x00000000838ffff0, 0x0000000083900000| 99%| O|  |TAMS 0x00000000838ffff0| PB 0x0000000083800000| Updating 
|  57|0x0000000083900000, 0x00000000839ffff0, 0x0000000083a00000| 99%| O|  |TAMS 0x00000000839ffff0| PB 0x0000000083900000| Untracked 
|  58|0x0000000083a00000, 0x0000000083b00000, 0x0000000083b00000|100%| O|  |TAMS 0x0000000083b00000| PB 0x0000000083a00000| Updating 
|  59|0x0000000083b00000, 0x0000000083bffff0, 0x0000000083c00000| 99%| O|  |TAMS 0x0000000083bffff0| PB 0x0000000083b00000| Updating 
|  60|0x0000000083c00000, 0x0000000083cfffe0, 0x0000000083d00000| 99%| O|  |TAMS 0x0000000083cfffe0| PB 0x0000000083c00000| Untracked 
|  61|0x0000000083d00000, 0x0000000083dfffe8, 0x0000000083e00000| 99%| O|  |TAMS 0x0000000083dfffe8| PB 0x0000000083d00000| Updating 
|  62|0x0000000083e00000, 0x0000000083effff0, 0x0000000083f00000| 99%| O|  |TAMS 0x0000000083effff0| PB 0x0000000083e00000| Updating 
|  63|0x0000000083f00000, 0x0000000084000000, 0x0000000084000000|100%|HS|  |TAMS 0x0000000084000000| PB 0x0000000083f00000| Complete 
|  64|0x0000000084000000, 0x0000000084100000, 0x0000000084100000|100%|HC|  |TAMS 0x0000000084100000| PB 0x0000000084000000| Complete 
|  65|0x0000000084100000, 0x0000000084200000, 0x0000000084200000|100%|HC|  |TAMS 0x0000000084200000| PB 0x0000000084100000| Complete 
|  66|0x0000000084200000, 0x00000000842fffe0, 0x0000000084300000| 99%| O|  |TAMS 0x00000000842fffe0| PB 0x0000000084200000| Updating 
|  67|0x0000000084300000, 0x00000000843fffe8, 0x0000000084400000| 99%| O|  |TAMS 0x00000000843fffe8| PB 0x0000000084300000| Untracked 
|  68|0x0000000084400000, 0x00000000844e28a8, 0x0000000084500000| 88%| O|  |TAMS 0x00000000844e28a8| PB 0x0000000084400000| Updating 
|  69|0x0000000084500000, 0x00000000845ffff8, 0x0000000084600000| 99%| O|  |TAMS 0x00000000845ffff8| PB 0x0000000084500000| Untracked 
|  70|0x0000000084600000, 0x00000000846f9a20, 0x0000000084700000| 97%| O|  |TAMS 0x00000000846f9a20| PB 0x0000000084600000| Untracked 
|  71|0x0000000084700000, 0x00000000847fffe8, 0x0000000084800000| 99%| O|  |TAMS 0x00000000847fffe8| PB 0x0000000084700000| Untracked 
|  72|0x0000000084800000, 0x00000000848fffe8, 0x0000000084900000| 99%| O|  |TAMS 0x00000000848fffe8| PB 0x0000000084800000| Updating 
|  73|0x0000000084900000, 0x00000000849d3b28, 0x0000000084a00000| 82%| O|  |TAMS 0x00000000849d3b28| PB 0x0000000084900000| Updating 
|  74|0x0000000084a00000, 0x0000000084b00000, 0x0000000084b00000|100%| O|  |TAMS 0x0000000084a00000| PB 0x0000000084a00000| Untracked 
|  75|0x0000000084b00000, 0x0000000084bf9ec0, 0x0000000084c00000| 97%| O|  |TAMS 0x0000000084bf9ec0| PB 0x0000000084b00000| Updating 
|  76|0x0000000084c00000, 0x0000000084cfffd8, 0x0000000084d00000| 99%| O|  |TAMS 0x0000000084cfffd8| PB 0x0000000084c00000| Updating 
|  77|0x0000000084d00000, 0x0000000084e00000, 0x0000000084e00000|100%| O|  |TAMS 0x0000000084e00000| PB 0x0000000084d00000| Untracked 
|  78|0x0000000084e00000, 0x0000000084ef4120, 0x0000000084f00000| 95%| O|  |TAMS 0x0000000084ef4120| PB 0x0000000084e00000| Untracked 
|  79|0x0000000084f00000, 0x0000000085000000, 0x0000000085000000|100%| O|  |TAMS 0x0000000085000000| PB 0x0000000084f00000| Untracked 
|  80|0x0000000085000000, 0x00000000850ff338, 0x0000000085100000| 99%| O|  |TAMS 0x00000000850ff338| PB 0x0000000085000000| Untracked 
|  81|0x0000000085100000, 0x0000000085200000, 0x0000000085200000|100%|HS|  |TAMS 0x0000000085200000| PB 0x0000000085100000| Complete 
|  82|0x0000000085200000, 0x0000000085300000, 0x0000000085300000|100%| O|  |TAMS 0x0000000085300000| PB 0x0000000085200000| Untracked 
|  83|0x0000000085300000, 0x0000000085400000, 0x0000000085400000|100%| O|  |TAMS 0x0000000085400000| PB 0x0000000085300000| Untracked 
|  84|0x0000000085400000, 0x0000000085500000, 0x0000000085500000|100%|HS|  |TAMS 0x0000000085500000| PB 0x0000000085400000| Complete 
|  85|0x0000000085500000, 0x0000000085600000, 0x0000000085600000|100%|HS|  |TAMS 0x0000000085600000| PB 0x0000000085500000| Complete 
|  86|0x0000000085600000, 0x0000000085700000, 0x0000000085700000|100%| O|  |TAMS 0x0000000085700000| PB 0x0000000085600000| Untracked 
|  87|0x0000000085700000, 0x0000000085800000, 0x0000000085800000|100%|HS|  |TAMS 0x0000000085800000| PB 0x0000000085700000| Complete 
|  88|0x0000000085800000, 0x0000000085900000, 0x0000000085900000|100%|HC|  |TAMS 0x0000000085900000| PB 0x0000000085800000| Complete 
|  89|0x0000000085900000, 0x0000000085a00000, 0x0000000085a00000|100%|HC|  |TAMS 0x0000000085a00000| PB 0x0000000085900000| Complete 
|  90|0x0000000085a00000, 0x0000000085b00000, 0x0000000085b00000|100%|HC|  |TAMS 0x0000000085b00000| PB 0x0000000085a00000| Complete 
|  91|0x0000000085b00000, 0x0000000085c00000, 0x0000000085c00000|100%|HC|  |TAMS 0x0000000085c00000| PB 0x0000000085b00000| Complete 
|  92|0x0000000085c00000, 0x0000000085d00000, 0x0000000085d00000|100%|HC|  |TAMS 0x0000000085d00000| PB 0x0000000085c00000| Complete 
|  93|0x0000000085d00000, 0x0000000085e00000, 0x0000000085e00000|100%|HS|  |TAMS 0x0000000085e00000| PB 0x0000000085d00000| Complete 
|  94|0x0000000085e00000, 0x0000000085f00000, 0x0000000085f00000|100%|HC|  |TAMS 0x0000000085f00000| PB 0x0000000085e00000| Complete 
|  95|0x0000000085f00000, 0x0000000086000000, 0x0000000086000000|100%|HC|  |TAMS 0x0000000086000000| PB 0x0000000085f00000| Complete 
|  96|0x0000000086000000, 0x0000000086100000, 0x0000000086100000|100%|HC|  |TAMS 0x0000000086100000| PB 0x0000000086000000| Complete 
|  97|0x0000000086100000, 0x0000000086200000, 0x0000000086200000|100%|HC|  |TAMS 0x0000000086200000| PB 0x0000000086100000| Complete 
|  98|0x0000000086200000, 0x0000000086300000, 0x0000000086300000|100%|HC|  |TAMS 0x0000000086300000| PB 0x0000000086200000| Complete 
|  99|0x0000000086300000, 0x0000000086400000, 0x0000000086400000|100%|HS|  |TAMS 0x0000000086400000| PB 0x0000000086300000| Complete 
| 100|0x0000000086400000, 0x0000000086500000, 0x0000000086500000|100%|HS|  |TAMS 0x0000000086500000| PB 0x0000000086400000| Complete 
| 101|0x0000000086500000, 0x0000000086600000, 0x0000000086600000|100%| O|  |TAMS 0x0000000086600000| PB 0x0000000086500000| Untracked 
| 102|0x0000000086600000, 0x0000000086700000, 0x0000000086700000|100%| O|  |TAMS 0x0000000086700000| PB 0x0000000086600000| Untracked 
| 103|0x0000000086700000, 0x0000000086800000, 0x0000000086800000|100%| O|  |TAMS 0x0000000086800000| PB 0x0000000086700000| Untracked 
| 104|0x0000000086800000, 0x0000000086900000, 0x0000000086900000|100%| O|  |TAMS 0x0000000086900000| PB 0x0000000086800000| Updating 
| 105|0x0000000086900000, 0x0000000086a00000, 0x0000000086a00000|100%| O|  |TAMS 0x0000000086a00000| PB 0x0000000086900000| Untracked 
| 106|0x0000000086a00000, 0x0000000086b00000, 0x0000000086b00000|100%| O|  |TAMS 0x0000000086b00000| PB 0x0000000086a00000| Updating 
| 107|0x0000000086b00000, 0x0000000086c00000, 0x0000000086c00000|100%| O|  |TAMS 0x0000000086c00000| PB 0x0000000086b00000| Untracked 
| 108|0x0000000086c00000, 0x0000000086d00000, 0x0000000086d00000|100%| O|  |TAMS 0x0000000086d00000| PB 0x0000000086c00000| Untracked 
| 109|0x0000000086d00000, 0x0000000086e00000, 0x0000000086e00000|100%| O|  |TAMS 0x0000000086e00000| PB 0x0000000086d00000| Updating 
| 110|0x0000000086e00000, 0x0000000086f00000, 0x0000000086f00000|100%| O|  |TAMS 0x0000000086e00000| PB 0x0000000086e00000| Untracked 
| 111|0x0000000086f00000, 0x0000000087000000, 0x0000000087000000|100%| O|  |TAMS 0x0000000087000000| PB 0x0000000086f00000| Untracked 
| 112|0x0000000087000000, 0x0000000087100000, 0x0000000087100000|100%| O|  |TAMS 0x0000000087100000| PB 0x0000000087000000| Updating 
| 113|0x0000000087100000, 0x0000000087200000, 0x0000000087200000|100%| O|  |TAMS 0x0000000087200000| PB 0x0000000087100000| Updating 
| 114|0x0000000087200000, 0x0000000087300000, 0x0000000087300000|100%| O|  |TAMS 0x0000000087300000| PB 0x0000000087200000| Updating 
| 115|0x0000000087300000, 0x0000000087400000, 0x0000000087400000|100%| O|  |TAMS 0x0000000087400000| PB 0x0000000087300000| Updating 
| 116|0x0000000087400000, 0x0000000087500000, 0x0000000087500000|100%| O|  |TAMS 0x0000000087500000| PB 0x0000000087400000| Updating 
| 117|0x0000000087500000, 0x0000000087600000, 0x0000000087600000|100%| O|  |TAMS 0x0000000087600000| PB 0x0000000087500000| Untracked 
| 118|0x0000000087600000, 0x0000000087700000, 0x0000000087700000|100%| O|  |TAMS 0x0000000087700000| PB 0x0000000087600000| Untracked 
| 119|0x0000000087700000, 0x0000000087800000, 0x0000000087800000|100%| O|  |TAMS 0x0000000087800000| PB 0x0000000087700000| Updating 
| 120|0x0000000087800000, 0x0000000087900000, 0x0000000087900000|100%| O|  |TAMS 0x0000000087900000| PB 0x0000000087800000| Updating 
| 121|0x0000000087900000, 0x0000000087a00000, 0x0000000087a00000|100%| O|  |TAMS 0x0000000087a00000| PB 0x0000000087900000| Updating 
| 122|0x0000000087a00000, 0x0000000087b00000, 0x0000000087b00000|100%| O|  |TAMS 0x0000000087b00000| PB 0x0000000087a00000| Updating 
| 123|0x0000000087b00000, 0x0000000087c00000, 0x0000000087c00000|100%| O|  |TAMS 0x0000000087c00000| PB 0x0000000087b00000| Updating 
| 124|0x0000000087c00000, 0x0000000087d00000, 0x0000000087d00000|100%| O|  |TAMS 0x0000000087d00000| PB 0x0000000087c00000| Untracked 
| 125|0x0000000087d00000, 0x0000000087e00000, 0x0000000087e00000|100%| O|  |TAMS 0x0000000087d00000| PB 0x0000000087d00000| Untracked 
| 126|0x0000000087e00000, 0x0000000087f00000, 0x0000000087f00000|100%| O|  |TAMS 0x0000000087f00000| PB 0x0000000087e00000| Updating 
| 127|0x0000000087f00000, 0x0000000088000000, 0x0000000088000000|100%| O|  |TAMS 0x0000000088000000| PB 0x0000000087f00000| Updating 
| 128|0x0000000088000000, 0x0000000088100000, 0x0000000088100000|100%| O|  |TAMS 0x0000000088100000| PB 0x0000000088000000| Untracked 
| 129|0x0000000088100000, 0x0000000088200000, 0x0000000088200000|100%| O|  |TAMS 0x0000000088200000| PB 0x0000000088100000| Untracked 
| 130|0x0000000088200000, 0x0000000088300000, 0x0000000088300000|100%| O|  |TAMS 0x0000000088300000| PB 0x0000000088200000| Updating 
| 131|0x0000000088300000, 0x0000000088400000, 0x0000000088400000|100%| O|  |TAMS 0x0000000088400000| PB 0x0000000088300000| Untracked 
| 132|0x0000000088400000, 0x0000000088500000, 0x0000000088500000|100%| O|  |TAMS 0x0000000088500000| PB 0x0000000088400000| Updating 
| 133|0x0000000088500000, 0x0000000088600000, 0x0000000088600000|100%| O|  |TAMS 0x0000000088600000| PB 0x0000000088500000| Updating 
| 134|0x0000000088600000, 0x0000000088700000, 0x0000000088700000|100%| O|  |TAMS 0x0000000088700000| PB 0x0000000088600000| Updating 
| 135|0x0000000088700000, 0x0000000088800000, 0x0000000088800000|100%| O|  |TAMS 0x0000000088800000| PB 0x0000000088700000| Untracked 
| 136|0x0000000088800000, 0x0000000088900000, 0x0000000088900000|100%| O|  |TAMS 0x0000000088900000| PB 0x0000000088800000| Untracked 
| 137|0x0000000088900000, 0x0000000088a00000, 0x0000000088a00000|100%| O|  |TAMS 0x0000000088a00000| PB 0x0000000088900000| Updating 
| 138|0x0000000088a00000, 0x0000000088b00000, 0x0000000088b00000|100%| O|  |TAMS 0x0000000088b00000| PB 0x0000000088a00000| Updating 
| 139|0x0000000088b00000, 0x0000000088c00000, 0x0000000088c00000|100%| O|  |TAMS 0x0000000088b00000| PB 0x0000000088b00000| Untracked 
| 140|0x0000000088c00000, 0x0000000088d00000, 0x0000000088d00000|100%| O|  |TAMS 0x0000000088d00000| PB 0x0000000088c00000| Updating 
| 141|0x0000000088d00000, 0x0000000088e00000, 0x0000000088e00000|100%| O|  |TAMS 0x0000000088e00000| PB 0x0000000088d00000| Updating 
| 142|0x0000000088e00000, 0x0000000088f00000, 0x0000000088f00000|100%| O|  |TAMS 0x0000000088f00000| PB 0x0000000088e00000| Updating 
| 143|0x0000000088f00000, 0x0000000089000000, 0x0000000089000000|100%| O|  |TAMS 0x0000000089000000| PB 0x0000000088f00000| Updating 
| 144|0x0000000089000000, 0x0000000089100000, 0x0000000089100000|100%| O|  |TAMS 0x0000000089100000| PB 0x0000000089000000| Updating 
| 145|0x0000000089100000, 0x0000000089200000, 0x0000000089200000|100%| O|  |TAMS 0x0000000089200000| PB 0x0000000089100000| Updating 
| 146|0x0000000089200000, 0x0000000089300000, 0x0000000089300000|100%| O|  |TAMS 0x0000000089300000| PB 0x0000000089200000| Updating 
| 147|0x0000000089300000, 0x0000000089400000, 0x0000000089400000|100%| O|  |TAMS 0x0000000089400000| PB 0x0000000089300000| Untracked 
| 148|0x0000000089400000, 0x0000000089500000, 0x0000000089500000|100%| O|  |TAMS 0x0000000089400000| PB 0x0000000089400000| Untracked 
| 149|0x0000000089500000, 0x0000000089600000, 0x0000000089600000|100%| O|  |TAMS 0x0000000089600000| PB 0x0000000089500000| Updating 
| 150|0x0000000089600000, 0x0000000089700000, 0x0000000089700000|100%| O|  |TAMS 0x0000000089700000| PB 0x0000000089600000| Updating 
| 151|0x0000000089700000, 0x0000000089800000, 0x0000000089800000|100%| O|  |TAMS 0x0000000089800000| PB 0x0000000089700000| Untracked 
| 152|0x0000000089800000, 0x0000000089900000, 0x0000000089900000|100%| O|  |TAMS 0x0000000089900000| PB 0x0000000089800000| Updating 
| 153|0x0000000089900000, 0x0000000089a00000, 0x0000000089a00000|100%| O|  |TAMS 0x0000000089a00000| PB 0x0000000089900000| Updating 
| 154|0x0000000089a00000, 0x0000000089b00000, 0x0000000089b00000|100%| O|  |TAMS 0x0000000089b00000| PB 0x0000000089a00000| Updating 
| 155|0x0000000089b00000, 0x0000000089c00000, 0x0000000089c00000|100%| O|  |TAMS 0x0000000089c00000| PB 0x0000000089b00000| Updating 
| 156|0x0000000089c00000, 0x0000000089d00000, 0x0000000089d00000|100%| O|  |TAMS 0x0000000089d00000| PB 0x0000000089c00000| Updating 
| 157|0x0000000089d00000, 0x0000000089e00000, 0x0000000089e00000|100%| O|  |TAMS 0x0000000089d00000| PB 0x0000000089d00000| Untracked 
| 158|0x0000000089e00000, 0x0000000089f00000, 0x0000000089f00000|100%| O|  |TAMS 0x0000000089e00000| PB 0x0000000089e00000| Untracked 
| 159|0x0000000089f00000, 0x000000008a000000, 0x000000008a000000|100%| O|  |TAMS 0x000000008a000000| PB 0x0000000089f00000| Updating 
| 160|0x000000008a000000, 0x000000008a100000, 0x000000008a100000|100%| O|  |TAMS 0x000000008a100000| PB 0x000000008a000000| Updating 
| 161|0x000000008a100000, 0x000000008a200000, 0x000000008a200000|100%| O|  |TAMS 0x000000008a200000| PB 0x000000008a100000| Untracked 
| 162|0x000000008a200000, 0x000000008a300000, 0x000000008a300000|100%| O|  |TAMS 0x000000008a300000| PB 0x000000008a200000| Untracked 
| 163|0x000000008a300000, 0x000000008a400000, 0x000000008a400000|100%| O|  |TAMS 0x000000008a400000| PB 0x000000008a300000| Updating 
| 164|0x000000008a400000, 0x000000008a500000, 0x000000008a500000|100%| O|  |TAMS 0x000000008a500000| PB 0x000000008a400000| Untracked 
| 165|0x000000008a500000, 0x000000008a600000, 0x000000008a600000|100%| O|  |TAMS 0x000000008a600000| PB 0x000000008a500000| Updating 
| 166|0x000000008a600000, 0x000000008a700000, 0x000000008a700000|100%| O|  |TAMS 0x000000008a700000| PB 0x000000008a600000| Updating 
| 167|0x000000008a700000, 0x000000008a800000, 0x000000008a800000|100%| O|  |TAMS 0x000000008a800000| PB 0x000000008a700000| Updating 
| 168|0x000000008a800000, 0x000000008a900000, 0x000000008a900000|100%| O|  |TAMS 0x000000008a900000| PB 0x000000008a800000| Updating 
| 169|0x000000008a900000, 0x000000008aa00000, 0x000000008aa00000|100%| O|  |TAMS 0x000000008aa00000| PB 0x000000008a900000| Updating 
| 170|0x000000008aa00000, 0x000000008ab00000, 0x000000008ab00000|100%| O|  |TAMS 0x000000008ab00000| PB 0x000000008aa00000| Updating 
| 171|0x000000008ab00000, 0x000000008ac00000, 0x000000008ac00000|100%| O|  |TAMS 0x000000008ac00000| PB 0x000000008ab00000| Updating 
| 172|0x000000008ac00000, 0x000000008ad00000, 0x000000008ad00000|100%| O|  |TAMS 0x000000008ad00000| PB 0x000000008ac00000| Untracked 
| 173|0x000000008ad00000, 0x000000008ae00000, 0x000000008ae00000|100%| O|  |TAMS 0x000000008ae00000| PB 0x000000008ad00000| Updating 
| 174|0x000000008ae00000, 0x000000008af00000, 0x000000008af00000|100%| O|  |TAMS 0x000000008af00000| PB 0x000000008ae00000| Updating 
| 175|0x000000008af00000, 0x000000008b000000, 0x000000008b000000|100%| O|  |TAMS 0x000000008b000000| PB 0x000000008af00000| Updating 
| 176|0x000000008b000000, 0x000000008b100000, 0x000000008b100000|100%| O|  |TAMS 0x000000008b100000| PB 0x000000008b000000| Updating 
| 177|0x000000008b100000, 0x000000008b200000, 0x000000008b200000|100%| O|  |TAMS 0x000000008b200000| PB 0x000000008b100000| Untracked 
| 178|0x000000008b200000, 0x000000008b300000, 0x000000008b300000|100%| O|  |TAMS 0x000000008b200000| PB 0x000000008b200000| Untracked 
| 179|0x000000008b300000, 0x000000008b400000, 0x000000008b400000|100%| O|  |TAMS 0x000000008b300000| PB 0x000000008b300000| Untracked 
| 180|0x000000008b400000, 0x000000008b500000, 0x000000008b500000|100%| O|  |TAMS 0x000000008b500000| PB 0x000000008b400000| Updating 
| 181|0x000000008b500000, 0x000000008b600000, 0x000000008b600000|100%| O|  |TAMS 0x000000008b600000| PB 0x000000008b500000| Untracked 
| 182|0x000000008b600000, 0x000000008b700000, 0x000000008b700000|100%| O|  |TAMS 0x000000008b700000| PB 0x000000008b600000| Updating 
| 183|0x000000008b700000, 0x000000008b800000, 0x000000008b800000|100%| O|  |TAMS 0x000000008b700000| PB 0x000000008b700000| Untracked 
| 184|0x000000008b800000, 0x000000008b900000, 0x000000008b900000|100%| O|  |TAMS 0x000000008b800000| PB 0x000000008b800000| Untracked 
| 185|0x000000008b900000, 0x000000008ba00000, 0x000000008ba00000|100%| O|  |TAMS 0x000000008ba00000| PB 0x000000008b900000| Untracked 
| 186|0x000000008ba00000, 0x000000008bb00000, 0x000000008bb00000|100%| O|  |TAMS 0x000000008ba00000| PB 0x000000008ba00000| Untracked 
| 187|0x000000008bb00000, 0x000000008bc00000, 0x000000008bc00000|100%| O|  |TAMS 0x000000008bb00000| PB 0x000000008bb00000| Untracked 
| 188|0x000000008bc00000, 0x000000008bd00000, 0x000000008bd00000|100%| O|  |TAMS 0x000000008bc00000| PB 0x000000008bc00000| Untracked 
| 189|0x000000008bd00000, 0x000000008be00000, 0x000000008be00000|100%| O|  |TAMS 0x000000008be00000| PB 0x000000008bd00000| Untracked 
| 190|0x000000008be00000, 0x000000008bf00000, 0x000000008bf00000|100%| O|  |TAMS 0x000000008bf00000| PB 0x000000008be00000| Updating 
| 191|0x000000008bf00000, 0x000000008c000000, 0x000000008c000000|100%| O|  |TAMS 0x000000008c000000| PB 0x000000008bf00000| Updating 
| 192|0x000000008c000000, 0x000000008c100000, 0x000000008c100000|100%| O|  |TAMS 0x000000008c000000| PB 0x000000008c000000| Untracked 
| 193|0x000000008c100000, 0x000000008c200000, 0x000000008c200000|100%| O|  |TAMS 0x000000008c200000| PB 0x000000008c100000| Updating 
| 194|0x000000008c200000, 0x000000008c300000, 0x000000008c300000|100%| O|  |TAMS 0x000000008c200000| PB 0x000000008c200000| Untracked 
| 195|0x000000008c300000, 0x000000008c400000, 0x000000008c400000|100%| O|  |TAMS 0x000000008c400000| PB 0x000000008c300000| Updating 
| 196|0x000000008c400000, 0x000000008c500000, 0x000000008c500000|100%| O|  |TAMS 0x000000008c500000| PB 0x000000008c400000| Updating 
| 197|0x000000008c500000, 0x000000008c600000, 0x000000008c600000|100%| O|  |TAMS 0x000000008c600000| PB 0x000000008c500000| Updating 
| 198|0x000000008c600000, 0x000000008c700000, 0x000000008c700000|100%| O|  |TAMS 0x000000008c700000| PB 0x000000008c600000| Updating 
| 199|0x000000008c700000, 0x000000008c800000, 0x000000008c800000|100%| O|  |TAMS 0x000000008c800000| PB 0x000000008c700000| Updating 
| 200|0x000000008c800000, 0x000000008c900000, 0x000000008c900000|100%| O|  |TAMS 0x000000008c900000| PB 0x000000008c800000| Untracked 
| 201|0x000000008c900000, 0x000000008ca00000, 0x000000008ca00000|100%| O|  |TAMS 0x000000008ca00000| PB 0x000000008c900000| Untracked 
| 202|0x000000008ca00000, 0x000000008cb00000, 0x000000008cb00000|100%| O|  |TAMS 0x000000008cb00000| PB 0x000000008ca00000| Updating 
| 203|0x000000008cb00000, 0x000000008cc00000, 0x000000008cc00000|100%| O|  |TAMS 0x000000008cc00000| PB 0x000000008cb00000| Untracked 
| 204|0x000000008cc00000, 0x000000008cd00000, 0x000000008cd00000|100%| O|  |TAMS 0x000000008cd00000| PB 0x000000008cc00000| Updating 
| 205|0x000000008cd00000, 0x000000008ce00000, 0x000000008ce00000|100%| O|  |TAMS 0x000000008ce00000| PB 0x000000008cd00000| Updating 
| 206|0x000000008ce00000, 0x000000008cf00000, 0x000000008cf00000|100%| O|  |TAMS 0x000000008cf00000| PB 0x000000008ce00000| Updating 
| 207|0x000000008cf00000, 0x000000008d000000, 0x000000008d000000|100%| O|  |TAMS 0x000000008cf00000| PB 0x000000008cf00000| Untracked 
| 208|0x000000008d000000, 0x000000008d100000, 0x000000008d100000|100%| O|  |TAMS 0x000000008d100000| PB 0x000000008d000000| Updating 
| 209|0x000000008d100000, 0x000000008d200000, 0x000000008d200000|100%| O|  |TAMS 0x000000008d200000| PB 0x000000008d100000| Untracked 
| 210|0x000000008d200000, 0x000000008d300000, 0x000000008d300000|100%| O|  |TAMS 0x000000008d300000| PB 0x000000008d200000| Updating 
| 211|0x000000008d300000, 0x000000008d400000, 0x000000008d400000|100%| O|  |TAMS 0x000000008d400000| PB 0x000000008d300000| Updating 
| 212|0x000000008d400000, 0x000000008d500000, 0x000000008d500000|100%| O|  |TAMS 0x000000008d500000| PB 0x000000008d400000| Untracked 
| 213|0x000000008d500000, 0x000000008d600000, 0x000000008d600000|100%| O|  |TAMS 0x000000008d500000| PB 0x000000008d500000| Untracked 
| 214|0x000000008d600000, 0x000000008d700000, 0x000000008d700000|100%| O|  |TAMS 0x000000008d700000| PB 0x000000008d600000| Updating 
| 215|0x000000008d700000, 0x000000008d800000, 0x000000008d800000|100%| O|  |TAMS 0x000000008d700000| PB 0x000000008d700000| Untracked 
| 216|0x000000008d800000, 0x000000008d900000, 0x000000008d900000|100%| O|  |TAMS 0x000000008d800000| PB 0x000000008d800000| Untracked 
| 217|0x000000008d900000, 0x000000008da00000, 0x000000008da00000|100%| O|  |TAMS 0x000000008da00000| PB 0x000000008d900000| Updating 
| 218|0x000000008da00000, 0x000000008db00000, 0x000000008db00000|100%| O|  |TAMS 0x000000008db00000| PB 0x000000008da00000| Untracked 
| 219|0x000000008db00000, 0x000000008dc00000, 0x000000008dc00000|100%| O|  |TAMS 0x000000008dc00000| PB 0x000000008db00000| Untracked 
| 220|0x000000008dc00000, 0x000000008dd00000, 0x000000008dd00000|100%| O|  |TAMS 0x000000008dd00000| PB 0x000000008dc00000| Updating 
| 221|0x000000008dd00000, 0x000000008de00000, 0x000000008de00000|100%| O|  |TAMS 0x000000008de00000| PB 0x000000008dd00000| Untracked 
| 222|0x000000008de00000, 0x000000008df00000, 0x000000008df00000|100%| O|  |TAMS 0x000000008df00000| PB 0x000000008de00000| Updating 
| 223|0x000000008df00000, 0x000000008e000000, 0x000000008e000000|100%| O|  |TAMS 0x000000008e000000| PB 0x000000008df00000| Untracked 
| 224|0x000000008e000000, 0x000000008e100000, 0x000000008e100000|100%| O|  |TAMS 0x000000008e100000| PB 0x000000008e000000| Untracked 
| 225|0x000000008e100000, 0x000000008e200000, 0x000000008e200000|100%| O|  |TAMS 0x000000008e200000| PB 0x000000008e100000| Untracked 
| 226|0x000000008e200000, 0x000000008e300000, 0x000000008e300000|100%| O|  |TAMS 0x000000008e300000| PB 0x000000008e200000| Untracked 
| 227|0x000000008e300000, 0x000000008e400000, 0x000000008e400000|100%| O|  |TAMS 0x000000008e400000| PB 0x000000008e300000| Untracked 
| 228|0x000000008e400000, 0x000000008e500000, 0x000000008e500000|100%| O|  |TAMS 0x000000008e500000| PB 0x000000008e400000| Untracked 
| 229|0x000000008e500000, 0x000000008e600000, 0x000000008e600000|100%| O|  |TAMS 0x000000008e600000| PB 0x000000008e500000| Untracked 
| 230|0x000000008e600000, 0x000000008e700000, 0x000000008e700000|100%| O|  |TAMS 0x000000008e700000| PB 0x000000008e600000| Untracked 
| 231|0x000000008e700000, 0x000000008e800000, 0x000000008e800000|100%| O|  |TAMS 0x000000008e800000| PB 0x000000008e700000| Untracked 
| 232|0x000000008e800000, 0x000000008e900000, 0x000000008e900000|100%| O|  |TAMS 0x000000008e900000| PB 0x000000008e800000| Untracked 
| 233|0x000000008e900000, 0x000000008ea00000, 0x000000008ea00000|100%| O|  |TAMS 0x000000008ea00000| PB 0x000000008e900000| Untracked 
| 234|0x000000008ea00000, 0x000000008eb00000, 0x000000008eb00000|100%| O|  |TAMS 0x000000008eb00000| PB 0x000000008ea00000| Untracked 
| 235|0x000000008eb00000, 0x000000008ec00000, 0x000000008ec00000|100%| O|  |TAMS 0x000000008ec00000| PB 0x000000008eb00000| Updating 
| 236|0x000000008ec00000, 0x000000008ed00000, 0x000000008ed00000|100%| O|  |TAMS 0x000000008ed00000| PB 0x000000008ec00000| Untracked 
| 237|0x000000008ed00000, 0x000000008ee00000, 0x000000008ee00000|100%| O|  |TAMS 0x000000008ee00000| PB 0x000000008ed00000| Updating 
| 238|0x000000008ee00000, 0x000000008ef00000, 0x000000008ef00000|100%| O|  |TAMS 0x000000008ef00000| PB 0x000000008ee00000| Updating 
| 239|0x000000008ef00000, 0x000000008f000000, 0x000000008f000000|100%| O|  |TAMS 0x000000008f000000| PB 0x000000008ef00000| Untracked 
| 240|0x000000008f000000, 0x000000008f100000, 0x000000008f100000|100%| O|  |TAMS 0x000000008f100000| PB 0x000000008f000000| Untracked 
| 241|0x000000008f100000, 0x000000008f200000, 0x000000008f200000|100%| O|  |TAMS 0x000000008f200000| PB 0x000000008f100000| Untracked 
| 242|0x000000008f200000, 0x000000008f300000, 0x000000008f300000|100%| O|  |TAMS 0x000000008f300000| PB 0x000000008f200000| Updating 
| 243|0x000000008f300000, 0x000000008f400000, 0x000000008f400000|100%| O|  |TAMS 0x000000008f400000| PB 0x000000008f300000| Untracked 
| 244|0x000000008f400000, 0x000000008f500000, 0x000000008f500000|100%| O|  |TAMS 0x000000008f500000| PB 0x000000008f400000| Untracked 
| 245|0x000000008f500000, 0x000000008f600000, 0x000000008f600000|100%| O|  |TAMS 0x000000008f600000| PB 0x000000008f500000| Updating 
| 246|0x000000008f600000, 0x000000008f700000, 0x000000008f700000|100%| O|  |TAMS 0x000000008f700000| PB 0x000000008f600000| Updating 
| 247|0x000000008f700000, 0x000000008f800000, 0x000000008f800000|100%| O|  |TAMS 0x000000008f800000| PB 0x000000008f700000| Updating 
| 248|0x000000008f800000, 0x000000008f900000, 0x000000008f900000|100%| O|  |TAMS 0x000000008f900000| PB 0x000000008f800000| Updating 
| 249|0x000000008f900000, 0x000000008fa00000, 0x000000008fa00000|100%| O|  |TAMS 0x000000008fa00000| PB 0x000000008f900000| Untracked 
| 250|0x000000008fa00000, 0x000000008fb00000, 0x000000008fb00000|100%| O|  |TAMS 0x000000008fb00000| PB 0x000000008fa00000| Untracked 
| 251|0x000000008fb00000, 0x000000008fc00000, 0x000000008fc00000|100%| O|  |TAMS 0x000000008fc00000| PB 0x000000008fb00000| Untracked 
| 252|0x000000008fc00000, 0x000000008fd00000, 0x000000008fd00000|100%| O|  |TAMS 0x000000008fd00000| PB 0x000000008fc00000| Untracked 
| 253|0x000000008fd00000, 0x000000008fe00000, 0x000000008fe00000|100%|HS|  |TAMS 0x000000008fe00000| PB 0x000000008fd00000| Complete 
| 254|0x000000008fe00000, 0x000000008ff00000, 0x000000008ff00000|100%|HC|  |TAMS 0x000000008ff00000| PB 0x000000008fe00000| Complete 
| 255|0x000000008ff00000, 0x0000000090000000, 0x0000000090000000|100%| O|  |TAMS 0x0000000090000000| PB 0x000000008ff00000| Untracked 
| 256|0x0000000090000000, 0x0000000090100000, 0x0000000090100000|100%| O|  |TAMS 0x0000000090100000| PB 0x0000000090000000| Untracked 
| 257|0x0000000090100000, 0x0000000090200000, 0x0000000090200000|100%| O|  |TAMS 0x0000000090200000| PB 0x0000000090100000| Untracked 
| 258|0x0000000090200000, 0x0000000090300000, 0x0000000090300000|100%| O|  |TAMS 0x0000000090300000| PB 0x0000000090200000| Untracked 
| 259|0x0000000090300000, 0x0000000090400000, 0x0000000090400000|100%| O|  |TAMS 0x0000000090400000| PB 0x0000000090300000| Untracked 
| 260|0x0000000090400000, 0x0000000090500000, 0x0000000090500000|100%| O|  |TAMS 0x0000000090400000| PB 0x0000000090400000| Untracked 
| 261|0x0000000090500000, 0x0000000090600000, 0x0000000090600000|100%| O|  |TAMS 0x0000000090500000| PB 0x0000000090500000| Untracked 
| 262|0x0000000090600000, 0x0000000090700000, 0x0000000090700000|100%| O|  |TAMS 0x0000000090700000| PB 0x0000000090700000| Untracked 
| 263|0x0000000090700000, 0x0000000090800000, 0x0000000090800000|100%| O|  |TAMS 0x0000000090800000| PB 0x0000000090800000| Untracked 
| 264|0x0000000090800000, 0x0000000090900000, 0x0000000090900000|100%| O|  |TAMS 0x0000000090900000| PB 0x0000000090900000| Untracked 
| 265|0x0000000090900000, 0x0000000090a00000, 0x0000000090a00000|100%| O|  |TAMS 0x0000000090a00000| PB 0x0000000090a00000| Untracked 
| 266|0x0000000090a00000, 0x0000000090b00000, 0x0000000090b00000|100%| O|  |TAMS 0x0000000090b00000| PB 0x0000000090b00000| Updating 
| 267|0x0000000090b00000, 0x0000000090c00000, 0x0000000090c00000|100%| O|  |TAMS 0x0000000090c00000| PB 0x0000000090c00000| Updating 
| 268|0x0000000090c00000, 0x0000000090d00000, 0x0000000090d00000|100%| O|  |TAMS 0x0000000090d00000| PB 0x0000000090d00000| Updating 
| 269|0x0000000090d00000, 0x0000000090e00000, 0x0000000090e00000|100%| O|  |TAMS 0x0000000090e00000| PB 0x0000000090e00000| Updating 
| 270|0x0000000090e00000, 0x0000000090f00000, 0x0000000090f00000|100%| O|  |TAMS 0x0000000090f00000| PB 0x0000000090f00000| Untracked 
| 271|0x0000000090f00000, 0x0000000091000000, 0x0000000091000000|100%| O|  |TAMS 0x0000000091000000| PB 0x0000000091000000| Untracked 
| 272|0x0000000091000000, 0x0000000091100000, 0x0000000091100000|100%| O|  |TAMS 0x00000000910a16a8| PB 0x00000000910a16a8| Updating 
| 273|0x0000000091100000, 0x0000000091200000, 0x0000000091200000|100%| O|  |TAMS 0x0000000091100000| PB 0x0000000091100000| Untracked 
| 274|0x0000000091200000, 0x0000000091300000, 0x0000000091300000|100%| O|  |TAMS 0x0000000091200000| PB 0x0000000091200000| Untracked 
| 275|0x0000000091300000, 0x0000000091400000, 0x0000000091400000|100%| O|  |TAMS 0x0000000091300000| PB 0x0000000091300000| Untracked 
| 276|0x0000000091400000, 0x0000000091500000, 0x0000000091500000|100%| O|  |TAMS 0x0000000091400000| PB 0x0000000091400000| Untracked 
| 277|0x0000000091500000, 0x0000000091600000, 0x0000000091600000|100%| O|  |TAMS 0x0000000091600000| PB 0x0000000091600000| Updating 
| 278|0x0000000091600000, 0x0000000091700000, 0x0000000091700000|100%| O|  |TAMS 0x0000000091600000| PB 0x0000000091600000| Untracked 
| 279|0x0000000091700000, 0x0000000091800000, 0x0000000091800000|100%| O|  |TAMS 0x0000000091700000| PB 0x0000000091700000| Untracked 
| 280|0x0000000091800000, 0x0000000091900000, 0x0000000091900000|100%| O|  |TAMS 0x0000000091800000| PB 0x0000000091800000| Untracked 
| 281|0x0000000091900000, 0x0000000091a00000, 0x0000000091a00000|100%| O|  |TAMS 0x0000000091900000| PB 0x0000000091900000| Untracked 
| 282|0x0000000091a00000, 0x0000000091b00000, 0x0000000091b00000|100%| O|  |TAMS 0x0000000091a00000| PB 0x0000000091a00000| Untracked 
| 283|0x0000000091b00000, 0x0000000091c00000, 0x0000000091c00000|100%| O|  |TAMS 0x0000000091c00000| PB 0x0000000091c00000| Updating 
| 284|0x0000000091c00000, 0x0000000091d00000, 0x0000000091d00000|100%| O|  |TAMS 0x0000000091c00000| PB 0x0000000091c00000| Untracked 
| 285|0x0000000091d00000, 0x0000000091e00000, 0x0000000091e00000|100%| O|  |TAMS 0x0000000091d00000| PB 0x0000000091d00000| Untracked 
| 286|0x0000000091e00000, 0x0000000091f00000, 0x0000000091f00000|100%| O|  |TAMS 0x0000000091e00000| PB 0x0000000091e00000| Untracked 
| 287|0x0000000091f00000, 0x0000000092000000, 0x0000000092000000|100%| O|  |TAMS 0x0000000091f00000| PB 0x0000000091f00000| Untracked 
| 288|0x0000000092000000, 0x0000000092100000, 0x0000000092100000|100%| O|  |TAMS 0x0000000092000000| PB 0x0000000092000000| Untracked 
| 289|0x0000000092100000, 0x0000000092200000, 0x0000000092200000|100%| O|  |TAMS 0x0000000092100000| PB 0x0000000092100000| Untracked 
| 290|0x0000000092200000, 0x0000000092300000, 0x0000000092300000|100%| O|  |TAMS 0x0000000092200000| PB 0x0000000092200000| Untracked 
| 291|0x0000000092300000, 0x0000000092400000, 0x0000000092400000|100%| O|  |TAMS 0x0000000092400000| PB 0x0000000092400000| Updating 
| 292|0x0000000092400000, 0x0000000092500000, 0x0000000092500000|100%| O|  |TAMS 0x0000000092400000| PB 0x0000000092400000| Untracked 
| 293|0x0000000092500000, 0x0000000092600000, 0x0000000092600000|100%| O|  |TAMS 0x0000000092500000| PB 0x0000000092500000| Untracked 
| 294|0x0000000092600000, 0x0000000092700000, 0x0000000092700000|100%| O|  |TAMS 0x0000000092600000| PB 0x0000000092600000| Untracked 
| 295|0x0000000092700000, 0x0000000092800000, 0x0000000092800000|100%| O|  |TAMS 0x0000000092800000| PB 0x0000000092800000| Updating 
| 296|0x0000000092800000, 0x0000000092900000, 0x0000000092900000|100%| O|  |TAMS 0x0000000092900000| PB 0x0000000092900000| Updating 
| 297|0x0000000092900000, 0x0000000092a00000, 0x0000000092a00000|100%| O|  |TAMS 0x0000000092900000| PB 0x0000000092900000| Untracked 
| 298|0x0000000092a00000, 0x0000000092b00000, 0x0000000092b00000|100%| O|  |TAMS 0x0000000092a00000| PB 0x0000000092a00000| Untracked 
| 299|0x0000000092b00000, 0x0000000092c00000, 0x0000000092c00000|100%|HS|  |TAMS 0x0000000092c00000| PB 0x0000000092b00000| Complete 
| 300|0x0000000092c00000, 0x0000000092d00000, 0x0000000092d00000|100%|HC|  |TAMS 0x0000000092d00000| PB 0x0000000092c00000| Complete 
| 301|0x0000000092d00000, 0x0000000092e00000, 0x0000000092e00000|100%|HC|  |TAMS 0x0000000092e00000| PB 0x0000000092d00000| Complete 
| 302|0x0000000092e00000, 0x0000000092f00000, 0x0000000092f00000|100%|HC|  |TAMS 0x0000000092f00000| PB 0x0000000092e00000| Complete 
| 303|0x0000000092f00000, 0x0000000093000000, 0x0000000093000000|100%|HC|  |TAMS 0x0000000093000000| PB 0x0000000092f00000| Complete 
| 304|0x0000000093000000, 0x0000000093100000, 0x0000000093100000|100%|HC|  |TAMS 0x0000000093100000| PB 0x0000000093000000| Complete 
| 305|0x0000000093100000, 0x0000000093200000, 0x0000000093200000|100%|HC|  |TAMS 0x0000000093200000| PB 0x0000000093100000| Complete 
| 306|0x0000000093200000, 0x0000000093300000, 0x0000000093300000|100%| O|  |TAMS 0x0000000093200000| PB 0x0000000093200000| Untracked 
| 307|0x0000000093300000, 0x0000000093400000, 0x0000000093400000|100%| O|  |TAMS 0x0000000093300000| PB 0x0000000093300000| Untracked 
| 308|0x0000000093400000, 0x0000000093500000, 0x0000000093500000|100%| O|  |TAMS 0x0000000093400000| PB 0x0000000093400000| Untracked 
| 309|0x0000000093500000, 0x0000000093600000, 0x0000000093600000|100%| O|  |TAMS 0x0000000093500000| PB 0x0000000093500000| Untracked 
| 310|0x0000000093600000, 0x0000000093700000, 0x0000000093700000|100%| O|  |TAMS 0x0000000093600000| PB 0x0000000093600000| Untracked 
| 311|0x0000000093700000, 0x0000000093800000, 0x0000000093800000|100%| O|  |TAMS 0x0000000093700000| PB 0x0000000093700000| Untracked 
| 312|0x0000000093800000, 0x0000000093900000, 0x0000000093900000|100%| O|  |TAMS 0x0000000093800000| PB 0x0000000093800000| Untracked 
| 313|0x0000000093900000, 0x0000000093a00000, 0x0000000093a00000|100%| O|  |TAMS 0x0000000093900000| PB 0x0000000093900000| Untracked 
| 314|0x0000000093a00000, 0x0000000093b00000, 0x0000000093b00000|100%| O|  |TAMS 0x0000000093a00000| PB 0x0000000093a00000| Untracked 
| 315|0x0000000093b00000, 0x0000000093c00000, 0x0000000093c00000|100%| O|  |TAMS 0x0000000093b00000| PB 0x0000000093b00000| Untracked 
| 316|0x0000000093c00000, 0x0000000093d00000, 0x0000000093d00000|100%| O|  |TAMS 0x0000000093c00000| PB 0x0000000093c00000| Untracked 
| 317|0x0000000093d00000, 0x0000000093e00000, 0x0000000093e00000|100%| O|  |TAMS 0x0000000093d00000| PB 0x0000000093d00000| Untracked 
| 318|0x0000000093e00000, 0x0000000093f00000, 0x0000000093f00000|100%| O|  |TAMS 0x0000000093e00000| PB 0x0000000093e00000| Untracked 
| 319|0x0000000093f00000, 0x0000000094000000, 0x0000000094000000|100%| O|  |TAMS 0x0000000093f00000| PB 0x0000000093f00000| Untracked 
| 320|0x0000000094000000, 0x0000000094100000, 0x0000000094100000|100%| O|  |TAMS 0x0000000094000000| PB 0x0000000094000000| Untracked 
| 321|0x0000000094100000, 0x0000000094200000, 0x0000000094200000|100%| O|  |TAMS 0x0000000094100000| PB 0x0000000094100000| Untracked 
| 322|0x0000000094200000, 0x0000000094300000, 0x0000000094300000|100%| O|  |TAMS 0x0000000094200000| PB 0x0000000094200000| Untracked 
| 323|0x0000000094300000, 0x0000000094400000, 0x0000000094400000|100%| O|  |TAMS 0x0000000094300000| PB 0x0000000094300000| Untracked 
| 324|0x0000000094400000, 0x0000000094500000, 0x0000000094500000|100%| O|  |TAMS 0x0000000094400000| PB 0x0000000094400000| Untracked 
| 325|0x0000000094500000, 0x0000000094600000, 0x0000000094600000|100%| O|  |TAMS 0x0000000094500000| PB 0x0000000094500000| Untracked 
| 326|0x0000000094600000, 0x0000000094700000, 0x0000000094700000|100%| O|  |TAMS 0x0000000094600000| PB 0x0000000094600000| Untracked 
| 327|0x0000000094700000, 0x0000000094800000, 0x0000000094800000|100%| O|  |TAMS 0x0000000094700000| PB 0x0000000094700000| Untracked 
| 328|0x0000000094800000, 0x0000000094900000, 0x0000000094900000|100%| O|  |TAMS 0x0000000094800000| PB 0x0000000094800000| Untracked 
| 329|0x0000000094900000, 0x0000000094a00000, 0x0000000094a00000|100%| O|  |TAMS 0x0000000094900000| PB 0x0000000094900000| Untracked 
| 330|0x0000000094a00000, 0x0000000094b00000, 0x0000000094b00000|100%| O|  |TAMS 0x0000000094a00000| PB 0x0000000094a00000| Untracked 
| 331|0x0000000094b00000, 0x0000000094c00000, 0x0000000094c00000|100%| O|  |TAMS 0x0000000094b00000| PB 0x0000000094b00000| Untracked 
| 332|0x0000000094c00000, 0x0000000094d00000, 0x0000000094d00000|100%| O|  |TAMS 0x0000000094c00000| PB 0x0000000094c00000| Untracked 
| 333|0x0000000094d00000, 0x0000000094e00000, 0x0000000094e00000|100%|HS|  |TAMS 0x0000000094d00000| PB 0x0000000094d00000| Complete 
| 334|0x0000000094e00000, 0x0000000094f00000, 0x0000000094f00000|100%| O|  |TAMS 0x0000000094e00000| PB 0x0000000094e00000| Untracked 
| 335|0x0000000094f00000, 0x0000000095000000, 0x0000000095000000|100%| O|  |TAMS 0x0000000094f00000| PB 0x0000000094f00000| Untracked 
| 336|0x0000000095000000, 0x0000000095100000, 0x0000000095100000|100%| O|  |TAMS 0x0000000095000000| PB 0x0000000095000000| Untracked 
| 337|0x0000000095100000, 0x0000000095200000, 0x0000000095200000|100%|HS|  |TAMS 0x0000000095100000| PB 0x0000000095100000| Complete 
| 338|0x0000000095200000, 0x0000000095300000, 0x0000000095300000|100%| O|  |TAMS 0x0000000095200000| PB 0x0000000095200000| Untracked 
| 339|0x0000000095300000, 0x0000000095400000, 0x0000000095400000|100%| O|  |TAMS 0x0000000095300000| PB 0x0000000095300000| Untracked 
| 340|0x0000000095400000, 0x0000000095500000, 0x0000000095500000|100%| O|  |TAMS 0x0000000095400000| PB 0x0000000095400000| Untracked 
| 341|0x0000000095500000, 0x0000000095600000, 0x0000000095600000|100%| O|  |TAMS 0x0000000095500000| PB 0x0000000095500000| Untracked 
| 342|0x0000000095600000, 0x000000009568cc88, 0x0000000095700000| 54%| O|  |TAMS 0x0000000095600000| PB 0x0000000095600000| Untracked 
| 343|0x0000000095700000, 0x0000000095700000, 0x0000000095800000|  0%| F|  |TAMS 0x0000000095700000| PB 0x0000000095700000| Untracked 
| 344|0x0000000095800000, 0x0000000095800000, 0x0000000095900000|  0%| F|  |TAMS 0x0000000095800000| PB 0x0000000095800000| Untracked 
| 345|0x0000000095900000, 0x0000000095900000, 0x0000000095a00000|  0%| F|  |TAMS 0x0000000095900000| PB 0x0000000095900000| Untracked 
| 346|0x0000000095a00000, 0x0000000095a00000, 0x0000000095b00000|  0%| F|  |TAMS 0x0000000095a00000| PB 0x0000000095a00000| Untracked 
| 347|0x0000000095b00000, 0x0000000095b00000, 0x0000000095c00000|  0%| F|  |TAMS 0x0000000095b00000| PB 0x0000000095b00000| Untracked 
| 348|0x0000000095c00000, 0x0000000095c00000, 0x0000000095d00000|  0%| F|  |TAMS 0x0000000095c00000| PB 0x0000000095c00000| Untracked 
| 349|0x0000000095d00000, 0x0000000095d00000, 0x0000000095e00000|  0%| F|  |TAMS 0x0000000095d00000| PB 0x0000000095d00000| Untracked 
| 350|0x0000000095e00000, 0x0000000095e00000, 0x0000000095f00000|  0%| F|  |TAMS 0x0000000095e00000| PB 0x0000000095e00000| Untracked 
| 351|0x0000000095f00000, 0x0000000095f00000, 0x0000000096000000|  0%| F|  |TAMS 0x0000000095f00000| PB 0x0000000095f00000| Untracked 
| 352|0x0000000096000000, 0x0000000096000000, 0x0000000096100000|  0%| F|  |TAMS 0x0000000096000000| PB 0x0000000096000000| Untracked 
| 353|0x0000000096100000, 0x0000000096100000, 0x0000000096200000|  0%| F|  |TAMS 0x0000000096100000| PB 0x0000000096100000| Untracked 
| 354|0x0000000096200000, 0x0000000096200000, 0x0000000096300000|  0%| F|  |TAMS 0x0000000096200000| PB 0x0000000096200000| Untracked 
| 355|0x0000000096300000, 0x0000000096300000, 0x0000000096400000|  0%| F|  |TAMS 0x0000000096300000| PB 0x0000000096300000| Untracked 
| 356|0x0000000096400000, 0x0000000096400000, 0x0000000096500000|  0%| F|  |TAMS 0x0000000096400000| PB 0x0000000096400000| Untracked 
| 357|0x0000000096500000, 0x0000000096500000, 0x0000000096600000|  0%| F|  |TAMS 0x0000000096500000| PB 0x0000000096500000| Untracked 
| 358|0x0000000096600000, 0x0000000096600000, 0x0000000096700000|  0%| F|  |TAMS 0x0000000096600000| PB 0x0000000096600000| Untracked 
| 359|0x0000000096700000, 0x0000000096700000, 0x0000000096800000|  0%| F|  |TAMS 0x0000000096700000| PB 0x0000000096700000| Untracked 
| 360|0x0000000096800000, 0x0000000096800000, 0x0000000096900000|  0%| F|  |TAMS 0x0000000096800000| PB 0x0000000096800000| Untracked 
| 361|0x0000000096900000, 0x0000000096900000, 0x0000000096a00000|  0%| F|  |TAMS 0x0000000096900000| PB 0x0000000096900000| Untracked 
| 362|0x0000000096a00000, 0x0000000096a00000, 0x0000000096b00000|  0%| F|  |TAMS 0x0000000096a00000| PB 0x0000000096a00000| Untracked 
| 363|0x0000000096b00000, 0x0000000096b00000, 0x0000000096c00000|  0%| F|  |TAMS 0x0000000096b00000| PB 0x0000000096b00000| Untracked 
| 364|0x0000000096c00000, 0x0000000096c00000, 0x0000000096d00000|  0%| F|  |TAMS 0x0000000096c00000| PB 0x0000000096c00000| Untracked 
| 365|0x0000000096d00000, 0x0000000096d00000, 0x0000000096e00000|  0%| F|  |TAMS 0x0000000096d00000| PB 0x0000000096d00000| Untracked 
| 366|0x0000000096e00000, 0x0000000096e00000, 0x0000000096f00000|  0%| F|  |TAMS 0x0000000096e00000| PB 0x0000000096e00000| Untracked 
| 367|0x0000000096f00000, 0x0000000096f00000, 0x0000000097000000|  0%| F|  |TAMS 0x0000000096f00000| PB 0x0000000096f00000| Untracked 
| 368|0x0000000097000000, 0x0000000097000000, 0x0000000097100000|  0%| F|  |TAMS 0x0000000097000000| PB 0x0000000097000000| Untracked 
| 369|0x0000000097100000, 0x0000000097100000, 0x0000000097200000|  0%| F|  |TAMS 0x0000000097100000| PB 0x0000000097100000| Untracked 
| 370|0x0000000097200000, 0x0000000097200000, 0x0000000097300000|  0%| F|  |TAMS 0x0000000097200000| PB 0x0000000097200000| Untracked 
| 371|0x0000000097300000, 0x0000000097300000, 0x0000000097400000|  0%| F|  |TAMS 0x0000000097300000| PB 0x0000000097300000| Untracked 
| 372|0x0000000097400000, 0x0000000097400000, 0x0000000097500000|  0%| F|  |TAMS 0x0000000097400000| PB 0x0000000097400000| Untracked 
| 373|0x0000000097500000, 0x0000000097500000, 0x0000000097600000|  0%| F|  |TAMS 0x0000000097500000| PB 0x0000000097500000| Untracked 
| 374|0x0000000097600000, 0x0000000097600000, 0x0000000097700000|  0%| F|  |TAMS 0x0000000097600000| PB 0x0000000097600000| Untracked 
| 375|0x0000000097700000, 0x0000000097700000, 0x0000000097800000|  0%| F|  |TAMS 0x0000000097700000| PB 0x0000000097700000| Untracked 
| 376|0x0000000097800000, 0x0000000097800000, 0x0000000097900000|  0%| F|  |TAMS 0x0000000097800000| PB 0x0000000097800000| Untracked 
| 377|0x0000000097900000, 0x0000000097900000, 0x0000000097a00000|  0%| F|  |TAMS 0x0000000097900000| PB 0x0000000097900000| Untracked 
| 378|0x0000000097a00000, 0x0000000097a00000, 0x0000000097b00000|  0%| F|  |TAMS 0x0000000097a00000| PB 0x0000000097a00000| Untracked 
| 379|0x0000000097b00000, 0x0000000097b00000, 0x0000000097c00000|  0%| F|  |TAMS 0x0000000097b00000| PB 0x0000000097b00000| Untracked 
| 380|0x0000000097c00000, 0x0000000097c00000, 0x0000000097d00000|  0%| F|  |TAMS 0x0000000097c00000| PB 0x0000000097c00000| Untracked 
| 381|0x0000000097d00000, 0x0000000097d00000, 0x0000000097e00000|  0%| F|  |TAMS 0x0000000097d00000| PB 0x0000000097d00000| Untracked 
| 382|0x0000000097e00000, 0x0000000097e00000, 0x0000000097f00000|  0%| F|  |TAMS 0x0000000097e00000| PB 0x0000000097e00000| Untracked 
| 383|0x0000000097f00000, 0x0000000097f00000, 0x0000000098000000|  0%| F|  |TAMS 0x0000000097f00000| PB 0x0000000097f00000| Untracked 
| 384|0x0000000098000000, 0x0000000098000000, 0x0000000098100000|  0%| F|  |TAMS 0x0000000098000000| PB 0x0000000098000000| Untracked 
| 385|0x0000000098100000, 0x0000000098100000, 0x0000000098200000|  0%| F|  |TAMS 0x0000000098100000| PB 0x0000000098100000| Untracked 
| 386|0x0000000098200000, 0x0000000098200000, 0x0000000098300000|  0%| F|  |TAMS 0x0000000098200000| PB 0x0000000098200000| Untracked 
| 387|0x0000000098300000, 0x0000000098300000, 0x0000000098400000|  0%| F|  |TAMS 0x0000000098300000| PB 0x0000000098300000| Untracked 
| 388|0x0000000098400000, 0x0000000098400000, 0x0000000098500000|  0%| F|  |TAMS 0x0000000098400000| PB 0x0000000098400000| Untracked 
| 389|0x0000000098500000, 0x0000000098500000, 0x0000000098600000|  0%| F|  |TAMS 0x0000000098500000| PB 0x0000000098500000| Untracked 
| 390|0x0000000098600000, 0x0000000098600000, 0x0000000098700000|  0%| F|  |TAMS 0x0000000098600000| PB 0x0000000098600000| Untracked 
| 391|0x0000000098700000, 0x0000000098700000, 0x0000000098800000|  0%| F|  |TAMS 0x0000000098700000| PB 0x0000000098700000| Untracked 
| 392|0x0000000098800000, 0x0000000098800000, 0x0000000098900000|  0%| F|  |TAMS 0x0000000098800000| PB 0x0000000098800000| Untracked 
| 393|0x0000000098900000, 0x0000000098900000, 0x0000000098a00000|  0%| F|  |TAMS 0x0000000098900000| PB 0x0000000098900000| Untracked 
| 394|0x0000000098a00000, 0x0000000098a00000, 0x0000000098b00000|  0%| F|  |TAMS 0x0000000098a00000| PB 0x0000000098a00000| Untracked 
| 395|0x0000000098b00000, 0x0000000098b00000, 0x0000000098c00000|  0%| F|  |TAMS 0x0000000098b00000| PB 0x0000000098b00000| Untracked 
| 396|0x0000000098c00000, 0x0000000098c00000, 0x0000000098d00000|  0%| F|  |TAMS 0x0000000098c00000| PB 0x0000000098c00000| Untracked 
| 397|0x0000000098d00000, 0x0000000098d00000, 0x0000000098e00000|  0%| F|  |TAMS 0x0000000098d00000| PB 0x0000000098d00000| Untracked 
| 398|0x0000000098e00000, 0x0000000098e00000, 0x0000000098f00000|  0%| F|  |TAMS 0x0000000098e00000| PB 0x0000000098e00000| Untracked 
| 399|0x0000000098f00000, 0x0000000098f00000, 0x0000000099000000|  0%| F|  |TAMS 0x0000000098f00000| PB 0x0000000098f00000| Untracked 
| 400|0x0000000099000000, 0x0000000099000000, 0x0000000099100000|  0%| F|  |TAMS 0x0000000099000000| PB 0x0000000099000000| Untracked 
| 401|0x0000000099100000, 0x0000000099100000, 0x0000000099200000|  0%| F|  |TAMS 0x0000000099100000| PB 0x0000000099100000| Untracked 
| 402|0x0000000099200000, 0x0000000099200000, 0x0000000099300000|  0%| F|  |TAMS 0x0000000099200000| PB 0x0000000099200000| Untracked 
| 403|0x0000000099300000, 0x0000000099300000, 0x0000000099400000|  0%| F|  |TAMS 0x0000000099300000| PB 0x0000000099300000| Untracked 
| 404|0x0000000099400000, 0x0000000099400000, 0x0000000099500000|  0%| F|  |TAMS 0x0000000099400000| PB 0x0000000099400000| Untracked 
| 405|0x0000000099500000, 0x0000000099500000, 0x0000000099600000|  0%| F|  |TAMS 0x0000000099500000| PB 0x0000000099500000| Untracked 
| 406|0x0000000099600000, 0x0000000099600000, 0x0000000099700000|  0%| F|  |TAMS 0x0000000099600000| PB 0x0000000099600000| Untracked 
| 407|0x0000000099700000, 0x0000000099700000, 0x0000000099800000|  0%| F|  |TAMS 0x0000000099700000| PB 0x0000000099700000| Untracked 
| 408|0x0000000099800000, 0x0000000099800000, 0x0000000099900000|  0%| F|  |TAMS 0x0000000099800000| PB 0x0000000099800000| Untracked 
| 409|0x0000000099900000, 0x0000000099900000, 0x0000000099a00000|  0%| F|  |TAMS 0x0000000099900000| PB 0x0000000099900000| Untracked 
| 410|0x0000000099a00000, 0x0000000099a00000, 0x0000000099b00000|  0%| F|  |TAMS 0x0000000099a00000| PB 0x0000000099a00000| Untracked 
| 411|0x0000000099b00000, 0x0000000099b00000, 0x0000000099c00000|  0%| F|  |TAMS 0x0000000099b00000| PB 0x0000000099b00000| Untracked 
| 412|0x0000000099c00000, 0x0000000099c00000, 0x0000000099d00000|  0%| F|  |TAMS 0x0000000099c00000| PB 0x0000000099c00000| Untracked 
| 413|0x0000000099d00000, 0x0000000099d00000, 0x0000000099e00000|  0%| F|  |TAMS 0x0000000099d00000| PB 0x0000000099d00000| Untracked 
| 414|0x0000000099e00000, 0x0000000099e00000, 0x0000000099f00000|  0%| F|  |TAMS 0x0000000099e00000| PB 0x0000000099e00000| Untracked 
| 415|0x0000000099f00000, 0x0000000099f00000, 0x000000009a000000|  0%| F|  |TAMS 0x0000000099f00000| PB 0x0000000099f00000| Untracked 
| 416|0x000000009a000000, 0x000000009a000000, 0x000000009a100000|  0%| F|  |TAMS 0x000000009a000000| PB 0x000000009a000000| Untracked 
| 417|0x000000009a100000, 0x000000009a100000, 0x000000009a200000|  0%| F|  |TAMS 0x000000009a100000| PB 0x000000009a100000| Untracked 
| 418|0x000000009a200000, 0x000000009a200000, 0x000000009a300000|  0%| F|  |TAMS 0x000000009a200000| PB 0x000000009a200000| Untracked 
| 419|0x000000009a300000, 0x000000009a300000, 0x000000009a400000|  0%| F|  |TAMS 0x000000009a300000| PB 0x000000009a300000| Untracked 
| 420|0x000000009a400000, 0x000000009a400000, 0x000000009a500000|  0%| F|  |TAMS 0x000000009a400000| PB 0x000000009a400000| Untracked 
| 421|0x000000009a500000, 0x000000009a500000, 0x000000009a600000|  0%| F|  |TAMS 0x000000009a500000| PB 0x000000009a500000| Untracked 
| 422|0x000000009a600000, 0x000000009a600000, 0x000000009a700000|  0%| F|  |TAMS 0x000000009a600000| PB 0x000000009a600000| Untracked 
| 423|0x000000009a700000, 0x000000009a700000, 0x000000009a800000|  0%| F|  |TAMS 0x000000009a700000| PB 0x000000009a700000| Untracked 
| 424|0x000000009a800000, 0x000000009a800000, 0x000000009a900000|  0%| F|  |TAMS 0x000000009a800000| PB 0x000000009a800000| Untracked 
| 425|0x000000009a900000, 0x000000009a900000, 0x000000009aa00000|  0%| F|  |TAMS 0x000000009a900000| PB 0x000000009a900000| Untracked 
| 426|0x000000009aa00000, 0x000000009aa00000, 0x000000009ab00000|  0%| F|  |TAMS 0x000000009aa00000| PB 0x000000009aa00000| Untracked 
| 427|0x000000009ab00000, 0x000000009ab00000, 0x000000009ac00000|  0%| F|  |TAMS 0x000000009ab00000| PB 0x000000009ab00000| Untracked 
| 428|0x000000009ac00000, 0x000000009ac00000, 0x000000009ad00000|  0%| F|  |TAMS 0x000000009ac00000| PB 0x000000009ac00000| Untracked 
| 429|0x000000009ad00000, 0x000000009ad00000, 0x000000009ae00000|  0%| F|  |TAMS 0x000000009ad00000| PB 0x000000009ad00000| Untracked 
| 430|0x000000009ae00000, 0x000000009ae00000, 0x000000009af00000|  0%| F|  |TAMS 0x000000009ae00000| PB 0x000000009ae00000| Untracked 
| 431|0x000000009af00000, 0x000000009af00000, 0x000000009b000000|  0%| F|  |TAMS 0x000000009af00000| PB 0x000000009af00000| Untracked 
| 432|0x000000009b000000, 0x000000009b000000, 0x000000009b100000|  0%| F|  |TAMS 0x000000009b000000| PB 0x000000009b000000| Untracked 
| 433|0x000000009b100000, 0x000000009b100000, 0x000000009b200000|  0%| F|  |TAMS 0x000000009b100000| PB 0x000000009b100000| Untracked 
| 434|0x000000009b200000, 0x000000009b200000, 0x000000009b300000|  0%| F|  |TAMS 0x000000009b200000| PB 0x000000009b200000| Untracked 
| 435|0x000000009b300000, 0x000000009b300000, 0x000000009b400000|  0%| F|  |TAMS 0x000000009b300000| PB 0x000000009b300000| Untracked 
| 436|0x000000009b400000, 0x000000009b400000, 0x000000009b500000|  0%| F|  |TAMS 0x000000009b400000| PB 0x000000009b400000| Untracked 
| 437|0x000000009b500000, 0x000000009b500000, 0x000000009b600000|  0%| F|  |TAMS 0x000000009b500000| PB 0x000000009b500000| Untracked 
| 438|0x000000009b600000, 0x000000009b600000, 0x000000009b700000|  0%| F|  |TAMS 0x000000009b600000| PB 0x000000009b600000| Untracked 
| 439|0x000000009b700000, 0x000000009b700000, 0x000000009b800000|  0%| F|  |TAMS 0x000000009b700000| PB 0x000000009b700000| Untracked 
| 440|0x000000009b800000, 0x000000009b800000, 0x000000009b900000|  0%| F|  |TAMS 0x000000009b800000| PB 0x000000009b800000| Untracked 
| 441|0x000000009b900000, 0x000000009b900000, 0x000000009ba00000|  0%| F|  |TAMS 0x000000009b900000| PB 0x000000009b900000| Untracked 
| 442|0x000000009ba00000, 0x000000009ba00000, 0x000000009bb00000|  0%| F|  |TAMS 0x000000009ba00000| PB 0x000000009ba00000| Untracked 
| 443|0x000000009bb00000, 0x000000009bb00000, 0x000000009bc00000|  0%| F|  |TAMS 0x000000009bb00000| PB 0x000000009bb00000| Untracked 
| 444|0x000000009bc00000, 0x000000009bc00000, 0x000000009bd00000|  0%| F|  |TAMS 0x000000009bc00000| PB 0x000000009bc00000| Untracked 
| 445|0x000000009bd00000, 0x000000009bd00000, 0x000000009be00000|  0%| F|  |TAMS 0x000000009bd00000| PB 0x000000009bd00000| Untracked 
| 446|0x000000009be00000, 0x000000009be00000, 0x000000009bf00000|  0%| F|  |TAMS 0x000000009be00000| PB 0x000000009be00000| Untracked 
| 447|0x000000009bf00000, 0x000000009bf00000, 0x000000009c000000|  0%| F|  |TAMS 0x000000009bf00000| PB 0x000000009bf00000| Untracked 
| 448|0x000000009c000000, 0x000000009c000000, 0x000000009c100000|  0%| F|  |TAMS 0x000000009c000000| PB 0x000000009c000000| Untracked 
| 449|0x000000009c100000, 0x000000009c100000, 0x000000009c200000|  0%| F|  |TAMS 0x000000009c100000| PB 0x000000009c100000| Untracked 
| 450|0x000000009c200000, 0x000000009c200000, 0x000000009c300000|  0%| F|  |TAMS 0x000000009c200000| PB 0x000000009c200000| Untracked 
| 451|0x000000009c300000, 0x000000009c300000, 0x000000009c400000|  0%| F|  |TAMS 0x000000009c300000| PB 0x000000009c300000| Untracked 
| 452|0x000000009c400000, 0x000000009c400000, 0x000000009c500000|  0%| F|  |TAMS 0x000000009c400000| PB 0x000000009c400000| Untracked 
| 453|0x000000009c500000, 0x000000009c500000, 0x000000009c600000|  0%| F|  |TAMS 0x000000009c500000| PB 0x000000009c500000| Untracked 
| 454|0x000000009c600000, 0x000000009c600000, 0x000000009c700000|  0%| F|  |TAMS 0x000000009c600000| PB 0x000000009c600000| Untracked 
| 455|0x000000009c700000, 0x000000009c700000, 0x000000009c800000|  0%| F|  |TAMS 0x000000009c700000| PB 0x000000009c700000| Untracked 
| 456|0x000000009c800000, 0x000000009c800000, 0x000000009c900000|  0%| F|  |TAMS 0x000000009c800000| PB 0x000000009c800000| Untracked 
| 457|0x000000009c900000, 0x000000009c900000, 0x000000009ca00000|  0%| F|  |TAMS 0x000000009c900000| PB 0x000000009c900000| Untracked 
| 458|0x000000009ca00000, 0x000000009ca00000, 0x000000009cb00000|  0%| F|  |TAMS 0x000000009ca00000| PB 0x000000009ca00000| Untracked 
| 459|0x000000009cb00000, 0x000000009cb00000, 0x000000009cc00000|  0%| F|  |TAMS 0x000000009cb00000| PB 0x000000009cb00000| Untracked 
| 460|0x000000009cc00000, 0x000000009cc00000, 0x000000009cd00000|  0%| F|  |TAMS 0x000000009cc00000| PB 0x000000009cc00000| Untracked 
| 461|0x000000009cd00000, 0x000000009cd00000, 0x000000009ce00000|  0%| F|  |TAMS 0x000000009cd00000| PB 0x000000009cd00000| Untracked 
| 462|0x000000009ce00000, 0x000000009ce00000, 0x000000009cf00000|  0%| F|  |TAMS 0x000000009ce00000| PB 0x000000009ce00000| Untracked 
| 463|0x000000009cf00000, 0x000000009cf00000, 0x000000009d000000|  0%| F|  |TAMS 0x000000009cf00000| PB 0x000000009cf00000| Untracked 
| 464|0x000000009d000000, 0x000000009d000000, 0x000000009d100000|  0%| F|  |TAMS 0x000000009d000000| PB 0x000000009d000000| Untracked 
| 465|0x000000009d100000, 0x000000009d100000, 0x000000009d200000|  0%| F|  |TAMS 0x000000009d100000| PB 0x000000009d100000| Untracked 
| 466|0x000000009d200000, 0x000000009d200000, 0x000000009d300000|  0%| F|  |TAMS 0x000000009d200000| PB 0x000000009d200000| Untracked 
| 467|0x000000009d300000, 0x000000009d300000, 0x000000009d400000|  0%| F|  |TAMS 0x000000009d300000| PB 0x000000009d300000| Untracked 
| 468|0x000000009d400000, 0x000000009d400000, 0x000000009d500000|  0%| F|  |TAMS 0x000000009d400000| PB 0x000000009d400000| Untracked 
| 469|0x000000009d500000, 0x000000009d500000, 0x000000009d600000|  0%| F|  |TAMS 0x000000009d500000| PB 0x000000009d500000| Untracked 
| 470|0x000000009d600000, 0x000000009d600000, 0x000000009d700000|  0%| F|  |TAMS 0x000000009d600000| PB 0x000000009d600000| Untracked 
| 471|0x000000009d700000, 0x000000009d700000, 0x000000009d800000|  0%| F|  |TAMS 0x000000009d700000| PB 0x000000009d700000| Untracked 
| 472|0x000000009d800000, 0x000000009d800000, 0x000000009d900000|  0%| F|  |TAMS 0x000000009d800000| PB 0x000000009d800000| Untracked 
| 473|0x000000009d900000, 0x000000009d900000, 0x000000009da00000|  0%| F|  |TAMS 0x000000009d900000| PB 0x000000009d900000| Untracked 
| 474|0x000000009da00000, 0x000000009da00000, 0x000000009db00000|  0%| F|  |TAMS 0x000000009da00000| PB 0x000000009da00000| Untracked 
| 475|0x000000009db00000, 0x000000009db00000, 0x000000009dc00000|  0%| F|  |TAMS 0x000000009db00000| PB 0x000000009db00000| Untracked 
| 476|0x000000009dc00000, 0x000000009dc00000, 0x000000009dd00000|  0%| F|  |TAMS 0x000000009dc00000| PB 0x000000009dc00000| Untracked 
| 477|0x000000009dd00000, 0x000000009dd00000, 0x000000009de00000|  0%| F|  |TAMS 0x000000009dd00000| PB 0x000000009dd00000| Untracked 
| 478|0x000000009de00000, 0x000000009de00000, 0x000000009df00000|  0%| F|  |TAMS 0x000000009de00000| PB 0x000000009de00000| Untracked 
| 479|0x000000009df00000, 0x000000009df00000, 0x000000009e000000|  0%| F|  |TAMS 0x000000009df00000| PB 0x000000009df00000| Untracked 
| 480|0x000000009e000000, 0x000000009e000000, 0x000000009e100000|  0%| F|  |TAMS 0x000000009e000000| PB 0x000000009e000000| Untracked 
| 481|0x000000009e100000, 0x000000009e100000, 0x000000009e200000|  0%| F|  |TAMS 0x000000009e100000| PB 0x000000009e100000| Untracked 
| 482|0x000000009e200000, 0x000000009e200000, 0x000000009e300000|  0%| F|  |TAMS 0x000000009e200000| PB 0x000000009e200000| Untracked 
| 483|0x000000009e300000, 0x000000009e300000, 0x000000009e400000|  0%| F|  |TAMS 0x000000009e300000| PB 0x000000009e300000| Untracked 
| 484|0x000000009e400000, 0x000000009e400000, 0x000000009e500000|  0%| F|  |TAMS 0x000000009e400000| PB 0x000000009e400000| Untracked 
| 485|0x000000009e500000, 0x000000009e600000, 0x000000009e600000|100%| S|CS|TAMS 0x000000009e500000| PB 0x000000009e500000| Complete 
| 486|0x000000009e600000, 0x000000009e700000, 0x000000009e700000|100%| S|CS|TAMS 0x000000009e600000| PB 0x000000009e600000| Complete 
|2018|0x00000000fe200000, 0x00000000fe300000, 0x00000000fe300000|100%| O|  |TAMS 0x00000000fe200000| PB 0x00000000fe200000| Updating 
|2019|0x00000000fe300000, 0x00000000fe400000, 0x00000000fe400000|100%| S|CS|TAMS 0x00000000fe300000| PB 0x00000000fe300000| Complete 
|2020|0x00000000fe400000, 0x00000000fe500000, 0x00000000fe500000|100%| S|CS|TAMS 0x00000000fe400000| PB 0x00000000fe400000| Complete 
|2021|0x00000000fe500000, 0x00000000fe500000, 0x00000000fe600000|  0%| F|  |TAMS 0x00000000fe500000| PB 0x00000000fe500000| Untracked 
|2022|0x00000000fe600000, 0x00000000fe600000, 0x00000000fe700000|  0%| F|  |TAMS 0x00000000fe600000| PB 0x00000000fe600000| Untracked 
|2023|0x00000000fe700000, 0x00000000fe700000, 0x00000000fe800000|  0%| F|  |TAMS 0x00000000fe700000| PB 0x00000000fe700000| Untracked 
|2024|0x00000000fe800000, 0x00000000fe800000, 0x00000000fe900000|  0%| F|  |TAMS 0x00000000fe800000| PB 0x00000000fe800000| Untracked 
|2025|0x00000000fe900000, 0x00000000fe900000, 0x00000000fea00000|  0%| F|  |TAMS 0x00000000fe900000| PB 0x00000000fe900000| Untracked 
|2026|0x00000000fea00000, 0x00000000fea00000, 0x00000000feb00000|  0%| F|  |TAMS 0x00000000fea00000| PB 0x00000000fea00000| Untracked 
|2027|0x00000000feb00000, 0x00000000fec00000, 0x00000000fec00000|100%| O|  |TAMS 0x00000000fec00000| PB 0x00000000feb00000| Updating 
|2028|0x00000000fec00000, 0x00000000fed00000, 0x00000000fed00000|100%| O|  |TAMS 0x00000000fed00000| PB 0x00000000fec00000| Updating 
|2029|0x00000000fed00000, 0x00000000fed00000, 0x00000000fee00000|  0%| F|  |TAMS 0x00000000fed00000| PB 0x00000000fed00000| Untracked 
|2030|0x00000000fee00000, 0x00000000fef00000, 0x00000000fef00000|100%| O|  |TAMS 0x00000000fef00000| PB 0x00000000fee00000| Updating 
|2031|0x00000000fef00000, 0x00000000ff000000, 0x00000000ff000000|100%| O|  |TAMS 0x00000000ff000000| PB 0x00000000fef00000| Updating 
|2032|0x00000000ff000000, 0x00000000ff000000, 0x00000000ff100000|  0%| F|  |TAMS 0x00000000ff000000| PB 0x00000000ff000000| Untracked 
|2033|0x00000000ff100000, 0x00000000ff100000, 0x00000000ff200000|  0%| F|  |TAMS 0x00000000ff100000| PB 0x00000000ff100000| Untracked 
|2034|0x00000000ff200000, 0x00000000ff300000, 0x00000000ff300000|100%| O|  |TAMS 0x00000000ff300000| PB 0x00000000ff200000| Updating 
|2035|0x00000000ff300000, 0x00000000ff300000, 0x00000000ff400000|  0%| F|  |TAMS 0x00000000ff300000| PB 0x00000000ff300000| Untracked 
|2036|0x00000000ff400000, 0x00000000ff400000, 0x00000000ff500000|  0%| F|  |TAMS 0x00000000ff400000| PB 0x00000000ff400000| Untracked 
|2037|0x00000000ff500000, 0x00000000ff500000, 0x00000000ff600000|  0%| F|  |TAMS 0x00000000ff500000| PB 0x00000000ff500000| Untracked 
|2038|0x00000000ff600000, 0x00000000ff600000, 0x00000000ff700000|  0%| F|  |TAMS 0x00000000ff600000| PB 0x00000000ff600000| Untracked 
|2039|0x00000000ff700000, 0x00000000ff700000, 0x00000000ff800000|  0%| F|  |TAMS 0x00000000ff700000| PB 0x00000000ff700000| Untracked 
|2040|0x00000000ff800000, 0x00000000ff800000, 0x00000000ff900000|  0%| F|  |TAMS 0x00000000ff800000| PB 0x00000000ff800000| Untracked 
|2041|0x00000000ff900000, 0x00000000ffa00000, 0x00000000ffa00000|100%| O|  |TAMS 0x00000000ffa00000| PB 0x00000000ff900000| Untracked 
|2042|0x00000000ffa00000, 0x00000000ffa00000, 0x00000000ffb00000|  0%| F|  |TAMS 0x00000000ffa00000| PB 0x00000000ffa00000| Untracked 
|2043|0x00000000ffb00000, 0x00000000ffb00000, 0x00000000ffc00000|  0%| F|  |TAMS 0x00000000ffb00000| PB 0x00000000ffb00000| Untracked 
|2044|0x00000000ffc00000, 0x00000000ffc00000, 0x00000000ffd00000|  0%| F|  |TAMS 0x00000000ffc00000| PB 0x00000000ffc00000| Untracked 
|2045|0x00000000ffd00000, 0x00000000ffd00000, 0x00000000ffe00000|  0%| F|  |TAMS 0x00000000ffd00000| PB 0x00000000ffd00000| Untracked 
|2046|0x00000000ffe00000, 0x00000000ffe00000, 0x00000000fff00000|  0%| F|  |TAMS 0x00000000ffe00000| PB 0x00000000ffe00000| Untracked 
|2047|0x00000000fff00000, 0x00000000fff00000, 0x0000000100000000|  0%| F|  |TAMS 0x00000000fff00000| PB 0x00000000fff00000| Untracked 

Card table byte_map: [0x000001b1c79f0000,0x000001b1c7df0000] _byte_map_base: 0x000001b1c75f0000

Marking Bits: (CMBitMap*) 0x000001b1b51c5730
 Bits: [0x000001b1c7df0000, 0x000001b1c9df0000)

Polling page: 0x000001b1b2fc0000

Metaspace:

Usage:
  Non-class:    253.14 MB used.
      Class:     38.89 MB used.
       Both:    292.03 MB used.

Virtual space:
  Non-class space:      256.00 MB reserved,     254.50 MB (>99%) committed,  4 nodes.
      Class space:        1.00 GB reserved,      40.25 MB (  4%) committed,  1 nodes.
             Both:        1.25 GB reserved,     294.75 MB ( 23%) committed. 

Chunk freelists:
   Non-Class:  1.16 MB
       Class:  7.72 MB
        Both:  8.88 MB

MaxMetaspaceSize: unlimited
CompressedClassSpaceSize: 1.00 GB
Initial GC threshold: 21.00 MB
Current GC threshold: 491.19 MB
CDS: off
 - commit_granule_bytes: 65536.
 - commit_granule_words: 8192.
 - virtual_space_node_default_size: 8388608.
 - enlarge_chunks_in_place: 1.
 - use_allocation_guard: 0.


Internal statistics:

num_allocs_failed_limit: 9.
num_arena_births: 9298.
num_arena_deaths: 3862.
num_vsnodes_births: 5.
num_vsnodes_deaths: 0.
num_space_committed: 4731.
num_space_uncommitted: 14.
num_chunks_returned_to_freelist: 5246.
num_chunks_taken_from_freelist: 24950.
num_chunk_merges: 1680.
num_chunk_splits: 14931.
num_chunks_enlarged: 9282.
num_inconsistent_stats: 0.

CodeHeap 'non-profiled nmethods': size=120000Kb used=13609Kb max_used=21024Kb free=106391Kb
 bounds [0x000001b1bfd90000, 0x000001b1c1220000, 0x000001b1c72c0000]
CodeHeap 'profiled nmethods': size=120000Kb used=22420Kb max_used=46740Kb free=97579Kb
 bounds [0x000001b1b82c0000, 0x000001b1bb070000, 0x000001b1bf7f0000]
CodeHeap 'non-nmethods': size=5760Kb used=2567Kb max_used=2712Kb free=3192Kb
 bounds [0x000001b1bf7f0000, 0x000001b1bfaa0000, 0x000001b1bfd90000]
CodeCache: size=245760Kb, used=38596Kb, max_used=70476Kb, free=207162Kb
 total_blobs=13398, nmethods=12030, adapters=1268, full_count=0
Compilation: enabled, stopped_count=0, restarted_count=0

Compilation events (20 events):
Event: 18807.108 Thread 0x000001b1cca65800 nmethod 52446 0x000001b1b885e890 code [0x000001b1b885ea40, 0x000001b1b885ec00]
Event: 18807.108 Thread 0x000001b1cca65800 52440       3       com.android.tools.r8.synthesis.e0::a (55 bytes)
Event: 18807.108 Thread 0x000001b1cca65800 nmethod 52440 0x000001b1b8afef90 code [0x000001b1b8aff160, 0x000001b1b8aff338]
Event: 18807.108 Thread 0x000001b1cca65800 52441       2       com.android.tools.r8.internal.oj4::w (32 bytes)
Event: 18807.108 Thread 0x000001b1cca65800 nmethod 52441 0x000001b1b89f0090 code [0x000001b1b89f0240, 0x000001b1b89f0378]
Event: 18807.108 Thread 0x000001b1cca65800 52436       2       com.android.tools.r8.internal.ie::D (2 bytes)
Event: 18807.109 Thread 0x000001b1cca65800 nmethod 52436 0x000001b1b9457090 code [0x000001b1b9457220, 0x000001b1b9457328]
Event: 18807.109 Thread 0x000001b1cca65800 52443       1       com.android.tools.r8.internal.h5::m2 (2 bytes)
Event: 18807.109 Thread 0x000001b1cca65800 nmethod 52443 0x000001b1c056f110 code [0x000001b1c056f2a0, 0x000001b1c056f368]
Event: 18807.109 Thread 0x000001b1cca65800 52445       2       com.android.tools.r8.internal.z31::<init> (45 bytes)
Event: 18807.109 Thread 0x000001b1cca65800 nmethod 52445 0x000001b1b8de2c10 code [0x000001b1b8de2dc0, 0x000001b1b8de2fd8]
Event: 18807.109 Thread 0x000001b1cca65800 52448       2       com.android.tools.r8.internal.s51::toArray (67 bytes)
Event: 18807.109 Thread 0x000001b1cca65800 nmethod 52448 0x000001b1b8381e90 code [0x000001b1b83820a0, 0x000001b1b8382468]
Event: 18807.109 Thread 0x000001b1cca65800 52447       2       com.android.tools.r8.internal.ie::f (37 bytes)
Event: 18807.275 Thread 0x000001b1cca65800 nmethod 52447 0x000001b1b8a08b10 code [0x000001b1b8a08ce0, 0x000001b1b8a08f10]
Event: 18807.277 Thread 0x000001b1cca65800 52449       2       com.android.tools.r8.internal.s51::toArray (8 bytes)
Event: 18807.278 Thread 0x000001b1cca65800 nmethod 52449 0x000001b1b8a48c90 code [0x000001b1b8a48e40, 0x000001b1b8a48f70]
Event: 18807.279 Thread 0x000001b1cca65800 52450       1       com.android.tools.r8.internal.zf1::size (5 bytes)
Event: 18807.279 Thread 0x000001b1cca65800 nmethod 52450 0x000001b1c058ab10 code [0x000001b1c058aca0, 0x000001b1c058ad68]
Event: 18807.280 Thread 0x000001b1cca65800 52451       2       com.android.tools.r8.internal.dj3::a (22 bytes)

GC Heap History (20 events):
Event: 18785.355 GC heap after
{Heap after GC invocations=127 (full 2):
 garbage-first heap   total 524288K, used 287138K [0x0000000080000000, 0x0000000100000000)
  region size 1024K, 8 young (8192K), 8 survivors (8192K)
 Metaspace       used 288397K, committed 291136K, reserved 1310720K
  class space    used 38241K, committed 39616K, reserved 1048576K
}
Event: 18791.039 GC heap before
{Heap before GC invocations=128 (full 2):
 garbage-first heap   total 524288K, used 472482K [0x0000000080000000, 0x0000000100000000)
  region size 1024K, 174 young (178176K), 8 survivors (8192K)
 Metaspace       used 291416K, committed 294144K, reserved 1310720K
  class space    used 38720K, committed 40064K, reserved 1048576K
}
Event: 18791.053 GC heap after
{Heap after GC invocations=129 (full 2):
 garbage-first heap   total 524288K, used 292019K [0x0000000080000000, 0x0000000100000000)
  region size 1024K, 8 young (8192K), 8 survivors (8192K)
 Metaspace       used 291416K, committed 294144K, reserved 1310720K
  class space    used 38720K, committed 40064K, reserved 1048576K
}
Event: 18794.215 GC heap before
{Heap before GC invocations=129 (full 2):
 garbage-first heap   total 524288K, used 467123K [0x0000000080000000, 0x0000000100000000)
  region size 1024K, 180 young (184320K), 8 survivors (8192K)
 Metaspace       used 294181K, committed 296960K, reserved 1310720K
  class space    used 39197K, committed 40576K, reserved 1048576K
}
Event: 18794.270 GC heap after
{Heap after GC invocations=130 (full 2):
 garbage-first heap   total 524288K, used 294120K [0x0000000080000000, 0x0000000100000000)
  region size 1024K, 20 young (20480K), 20 survivors (20480K)
 Metaspace       used 294181K, committed 296960K, reserved 1310720K
  class space    used 39197K, committed 40576K, reserved 1048576K
}
Event: 18794.351 GC heap before
{Heap before GC invocations=130 (full 2):
 garbage-first heap   total 524288K, used 469224K [0x0000000080000000, 0x0000000100000000)
  region size 1024K, 192 young (196608K), 20 survivors (20480K)
 Metaspace       used 294376K, committed 297152K, reserved 1310720K
  class space    used 39203K, committed 40576K, reserved 1048576K
}
Event: 18794.375 GC heap after
{Heap after GC invocations=131 (full 2):
 garbage-first heap   total 524288K, used 295449K [0x0000000080000000, 0x0000000100000000)
  region size 1024K, 4 young (4096K), 4 survivors (4096K)
 Metaspace       used 294376K, committed 297152K, reserved 1310720K
  class space    used 39203K, committed 40576K, reserved 1048576K
}
Event: 18798.780 GC heap before
{Heap before GC invocations=132 (full 2):
 garbage-first heap   total 524288K, used 482841K [0x0000000080000000, 0x0000000100000000)
  region size 1024K, 181 young (185344K), 4 survivors (4096K)
 Metaspace       used 297893K, committed 300672K, reserved 1310720K
  class space    used 39692K, committed 41088K, reserved 1048576K
}
Event: 18798.958 GC heap after
{Heap after GC invocations=133 (full 2):
 garbage-first heap   total 524288K, used 295312K [0x0000000080000000, 0x0000000100000000)
  region size 1024K, 4 young (4096K), 4 survivors (4096K)
 Metaspace       used 297893K, committed 300672K, reserved 1310720K
  class space    used 39692K, committed 41088K, reserved 1048576K
}
Event: 18803.714 GC heap before
{Heap before GC invocations=133 (full 2):
 garbage-first heap   total 524288K, used 483728K [0x0000000080000000, 0x0000000100000000)
  region size 1024K, 188 young (192512K), 4 survivors (4096K)
 Metaspace       used 298583K, committed 301376K, reserved 1310720K
  class space    used 39770K, committed 41152K, reserved 1048576K
}
Event: 18803.834 GC heap after
{Heap after GC invocations=134 (full 2):
 garbage-first heap   total 524288K, used 310662K [0x0000000080000000, 0x0000000100000000)
  region size 1024K, 21 young (21504K), 21 survivors (21504K)
 Metaspace       used 298583K, committed 301376K, reserved 1310720K
  class space    used 39770K, committed 41152K, reserved 1048576K
}
Event: 18804.702 GC heap before
{Heap before GC invocations=134 (full 2):
 garbage-first heap   total 524288K, used 480646K [0x0000000080000000, 0x0000000100000000)
  region size 1024K, 188 young (192512K), 21 survivors (21504K)
 Metaspace       used 298800K, committed 301568K, reserved 1310720K
  class space    used 39796K, committed 41152K, reserved 1048576K
}
Event: 18804.788 GC heap after
{Heap after GC invocations=135 (full 2):
 garbage-first heap   total 528384K, used 335206K [0x0000000080000000, 0x0000000100000000)
  region size 1024K, 24 young (24576K), 24 survivors (24576K)
 Metaspace       used 298800K, committed 301568K, reserved 1310720K
  class space    used 39796K, committed 41152K, reserved 1048576K
}
Event: 18806.239 GC heap before
{Heap before GC invocations=135 (full 2):
 garbage-first heap   total 529408K, used 463206K [0x0000000080000000, 0x0000000100000000)
  region size 1024K, 168 young (172032K), 24 survivors (24576K)
 Metaspace       used 299010K, committed 301760K, reserved 1310720K
  class space    used 39815K, committed 41216K, reserved 1048576K
}
Event: 18806.962 GC heap after
{Heap after GC invocations=136 (full 2):
 garbage-first heap   total 529408K, used 345426K [0x0000000080000000, 0x0000000100000000)
  region size 1024K, 21 young (21504K), 21 survivors (21504K)
 Metaspace       used 299010K, committed 301760K, reserved 1310720K
  class space    used 39815K, committed 41216K, reserved 1048576K
}
Event: 18807.011 GC heap before
{Heap before GC invocations=136 (full 2):
 garbage-first heap   total 529408K, used 349522K [0x0000000080000000, 0x0000000100000000)
  region size 1024K, 25 young (25600K), 21 survivors (21504K)
 Metaspace       used 299010K, committed 301760K, reserved 1310720K
  class space    used 39815K, committed 41216K, reserved 1048576K
}
Event: 18807.073 GC heap after
{Heap after GC invocations=137 (full 2):
 garbage-first heap   total 529408K, used 351314K [0x0000000080000000, 0x0000000100000000)
  region size 1024K, 4 young (4096K), 4 survivors (4096K)
 Metaspace       used 299010K, committed 301760K, reserved 1310720K
  class space    used 39815K, committed 41216K, reserved 1048576K
}
Event: 18807.137 GC heap before
{Heap before GC invocations=137 (full 2):
 garbage-first heap   total 529408K, used 372818K [0x0000000080000000, 0x0000000100000000)
  region size 1024K, 25 young (25600K), 4 survivors (4096K)
 Metaspace       used 299021K, committed 301824K, reserved 1310720K
  class space    used 39815K, committed 41216K, reserved 1048576K
}
Event: 18807.275 GC heap after
{Heap after GC invocations=138 (full 2):
 garbage-first heap   total 529408K, used 355922K [0x0000000080000000, 0x0000000100000000)
  region size 1024K, 4 young (4096K), 4 survivors (4096K)
 Metaspace       used 299021K, committed 301824K, reserved 1310720K
  class space    used 39815K, committed 41216K, reserved 1048576K
}
Event: 18807.315 GC heap before
{Heap before GC invocations=138 (full 2):
 garbage-first heap   total 529408K, used 378450K [0x0000000080000000, 0x0000000100000000)
  region size 1024K, 25 young (25600K), 4 survivors (4096K)
 Metaspace       used 299038K, committed 301824K, reserved 1310720K
  class space    used 39818K, committed 41216K, reserved 1048576K
}

Dll operation events (3 events):
Event: 0.023 Loaded shared library C:\Program Files\Android\Android Studio\jbr\bin\java.dll
Event: 0.033 Loaded shared library C:\Program Files\Android\Android Studio\jbr\bin\zip.dll
Event: 2.867 Loaded shared library C:\Program Files\Android\Android Studio\jbr\bin\verify.dll

Deoptimization events (20 events):
Event: 18805.080 Thread 0x000001b1f84666b0 Uncommon trap: trap_request=0xffffff45 fr.pc=0x000001b1c083b368 relative=0x0000000000000148
Event: 18805.080 Thread 0x000001b1f84666b0 Uncommon trap: reason=unstable_if action=reinterpret pc=0x000001b1c083b368 method=com.android.tools.r8.internal.vc1.d(I)Lcom/android/tools/r8/internal/hc1; @ 37 c2
Event: 18805.080 Thread 0x000001b1f84666b0 DEOPT PACKING pc=0x000001b1c083b368 sp=0x000000316f5fa580
Event: 18805.080 Thread 0x000001b1f84666b0 DEOPT UNPACKING pc=0x000001b1bf8443a2 sp=0x000000316f5fa500 mode 2
Event: 18805.169 Thread 0x000001b1d7316ad0 Uncommon trap: trap_request=0xffffff45 fr.pc=0x000001b1c076adc8 relative=0x0000000000000248
Event: 18805.169 Thread 0x000001b1d7316ad0 Uncommon trap: reason=unstable_if action=reinterpret pc=0x000001b1c076adc8 method=com.android.tools.r8.internal.vk1.a(Lcom/android/tools/r8/graph/lc;)Z @ 4 c2
Event: 18805.169 Thread 0x000001b1d7316ad0 DEOPT PACKING pc=0x000001b1c076adc8 sp=0x000000316f2fa5c0
Event: 18805.170 Thread 0x000001b1d7316ad0 DEOPT UNPACKING pc=0x000001b1bf8443a2 sp=0x000000316f2fa4e8 mode 2
Event: 18805.888 Thread 0x000001b1d7317160 Uncommon trap: trap_request=0xffffff45 fr.pc=0x000001b1c0de9468 relative=0x00000000000047e8
Event: 18805.888 Thread 0x000001b1d7317160 Uncommon trap: reason=unstable_if action=reinterpret pc=0x000001b1c0de9468 method=com.android.tools.r8.graph.h8.b()Lcom/android/tools/r8/graph/e8$c; @ 386 c2
Event: 18805.888 Thread 0x000001b1d7317160 DEOPT PACKING pc=0x000001b1c0de9468 sp=0x000000316f4fa0a0
Event: 18805.888 Thread 0x000001b1d7317160 DEOPT UNPACKING pc=0x000001b1bf8443a2 sp=0x000000316f4fa098 mode 2
Event: 18806.033 Thread 0x000001b1f84666b0 Uncommon trap: trap_request=0xffffff45 fr.pc=0x000001b1c0cf5d54 relative=0x0000000000001054
Event: 18806.033 Thread 0x000001b1f84666b0 Uncommon trap: reason=unstable_if action=reinterpret pc=0x000001b1c0cf5d54 method=java.util.concurrent.ConcurrentHashMap.computeIfAbsent(Ljava/lang/Object;Ljava/util/function/Function;)Ljava/lang/Object; @ 539 c2
Event: 18807.009 Thread 0x000001b1f84666b0 DEOPT PACKING pc=0x000001b1c0cf5d54 sp=0x000000316f5fa3d0
Event: 18807.009 Thread 0x000001b1f84666b0 DEOPT UNPACKING pc=0x000001b1bf8443a2 sp=0x000000316f5fa368 mode 2
Event: 18807.105 Thread 0x000001b1f84666b0 Uncommon trap: trap_request=0xffffffec fr.pc=0x000001b1c046fdb8 relative=0x0000000000000098
Event: 18807.105 Thread 0x000001b1f84666b0 Uncommon trap: reason=null_assert_or_unreached0 action=make_not_entrant pc=0x000001b1c046fdb8 method=com.android.tools.r8.internal.oj4.A()Lcom/android/tools/r8/graph/i1; @ 4 c2
Event: 18807.105 Thread 0x000001b1f84666b0 DEOPT PACKING pc=0x000001b1c046fdb8 sp=0x000000316f5fa7b0
Event: 18807.105 Thread 0x000001b1f84666b0 DEOPT UNPACKING pc=0x000001b1bf8443a2 sp=0x000000316f5fa678 mode 2

Classes loaded (20 events):
Event: 18782.016 Loading class org/w3c/dom/DOMImplementation done
Event: 18782.016 Loading class com/sun/org/apache/xerces/internal/dom/CoreDOMImplementationImpl
Event: 18782.016 Loading class org/w3c/dom/ls/DOMImplementationLS
Event: 18782.016 Loading class org/w3c/dom/ls/DOMImplementationLS done
Event: 18782.017 Loading class com/sun/org/apache/xerces/internal/dom/CoreDOMImplementationImpl done
Event: 18782.017 Loading class com/sun/org/apache/xerces/internal/dom/DOMImplementationImpl done
Event: 18782.017 Loading class com/sun/org/apache/xerces/internal/dom/DeferredDOMImplementationImpl
Event: 18782.017 Loading class com/sun/org/apache/xerces/internal/dom/DeferredDOMImplementationImpl done
Event: 18790.153 Loading class java/util/concurrent/ForkJoinTask$AdaptedCallable
Event: 18790.154 Loading class java/util/concurrent/ForkJoinTask$AdaptedCallable done
Event: 18796.258 Loading class java/util/stream/Streams$1
Event: 18796.303 Loading class java/util/stream/Streams$1 done
Event: 18796.397 Loading class java/nio/file/FileChannelLinesSpliterator$1
Event: 18796.403 Loading class java/nio/file/FileChannelLinesSpliterator$1 done
Event: 18798.009 Loading class java/nio/channels/Channels$WritableByteChannelImpl
Event: 18798.016 Loading class java/nio/channels/Channels$WritableByteChannelImpl done
Event: 18798.020 Loading class java/util/Collections$UnmodifiableSortedMap
Event: 18798.025 Loading class java/util/Collections$UnmodifiableSortedMap done
Event: 18798.509 Loading class java/io/BufferedReader$1
Event: 18798.511 Loading class java/io/BufferedReader$1 done

Classes unloaded (20 events):
Event: 18772.066 Thread 0x000001b1cc9acdb0 Unloading class 0x00000001008f0000 'jdk/internal/reflect/GeneratedSerializationConstructorAccessor83'
Event: 18772.066 Thread 0x000001b1cc9acdb0 Unloading class 0x00000001008e2c00 'jdk/internal/reflect/GeneratedSerializationConstructorAccessor82'
Event: 18772.066 Thread 0x000001b1cc9acdb0 Unloading class 0x00000001008dc000 'jdk/internal/reflect/GeneratedSerializationConstructorAccessor73'
Event: 18772.066 Thread 0x000001b1cc9acdb0 Unloading class 0x00000001008d4800 'jdk/internal/reflect/GeneratedSerializationConstructorAccessor71'
Event: 18772.066 Thread 0x000001b1cc9acdb0 Unloading class 0x00000001008d4400 'jdk/internal/reflect/GeneratedSerializationConstructorAccessor70'
Event: 18772.066 Thread 0x000001b1cc9acdb0 Unloading class 0x00000001008c5400 'jdk/internal/reflect/GeneratedSerializationConstructorAccessor67'
Event: 18772.066 Thread 0x000001b1cc9acdb0 Unloading class 0x00000001008c5000 'jdk/internal/reflect/GeneratedSerializationConstructorAccessor66'
Event: 18772.066 Thread 0x000001b1cc9acdb0 Unloading class 0x00000001008c4000 'jdk/internal/reflect/GeneratedSerializationConstructorAccessor65'
Event: 18772.066 Thread 0x000001b1cc9acdb0 Unloading class 0x00000001008a2800 'jdk/internal/reflect/GeneratedSerializationConstructorAccessor55'
Event: 18772.066 Thread 0x000001b1cc9acdb0 Unloading class 0x0000000100898400 'jdk/internal/reflect/GeneratedSerializationConstructorAccessor47'
Event: 18772.066 Thread 0x000001b1cc9acdb0 Unloading class 0x00000001006a9c00 'jdk/internal/reflect/GeneratedSerializationConstructorAccessor37'
Event: 18772.066 Thread 0x000001b1cc9acdb0 Unloading class 0x00000001006a9000 'jdk/internal/reflect/GeneratedSerializationConstructorAccessor36'
Event: 18772.066 Thread 0x000001b1cc9acdb0 Unloading class 0x00000001006a8400 'jdk/internal/reflect/GeneratedSerializationConstructorAccessor34'
Event: 18772.066 Thread 0x000001b1cc9acdb0 Unloading class 0x00000001006a8000 'jdk/internal/reflect/GeneratedSerializationConstructorAccessor33'
Event: 18772.066 Thread 0x000001b1cc9acdb0 Unloading class 0x00000001006a5800 'jdk/internal/reflect/GeneratedSerializationConstructorAccessor31'
Event: 18772.067 Thread 0x000001b1cc9acdb0 Unloading class 0x00000001006a4800 'jdk/internal/reflect/GeneratedSerializationConstructorAccessor30'
Event: 18772.067 Thread 0x000001b1cc9acdb0 Unloading class 0x0000000100699000 'jdk/internal/reflect/GeneratedSerializationConstructorAccessor27'
Event: 18772.067 Thread 0x000001b1cc9acdb0 Unloading class 0x000000010067b000 'jdk/internal/reflect/GeneratedSerializationConstructorAccessor16'
Event: 18779.928 Thread 0x000001b1cc9acdb0 Unloading class 0x0000000102094000 'java/lang/invoke/LambdaForm$MH+0x0000000102094000'
Event: 18805.447 Thread 0x000001b1cc9acdb0 Unloading class 0x00000001026ac400 'java/lang/invoke/LambdaForm$DMH+0x00000001026ac400'

Classes redefined (0 events):
No events

Internal exceptions (20 events):
Event: 18804.867 Thread 0x000001b1dc72e7c0 Exception <a 'sun/nio/fs/WindowsException'{0x000000009dcf6bb0}> (0x000000009dcf6bb0) 
thrown [s\src\hotspot\share\prims\jni.cpp, line 537]
Event: 18804.868 Thread 0x000001b1dc72e7c0 Exception <a 'sun/nio/fs/WindowsException'{0x000000009dcf96e0}> (0x000000009dcf96e0) 
thrown [s\src\hotspot\share\prims\jni.cpp, line 537]
Event: 18804.871 Thread 0x000001b1dc72e7c0 Exception <a 'sun/nio/fs/WindowsException'{0x000000009db7cb28}> (0x000000009db7cb28) 
thrown [s\src\hotspot\share\prims\jni.cpp, line 537]
Event: 18804.871 Thread 0x000001b1dc72e7c0 Exception <a 'sun/nio/fs/WindowsException'{0x000000009db7f658}> (0x000000009db7f658) 
thrown [s\src\hotspot\share\prims\jni.cpp, line 537]
Event: 18804.874 Thread 0x000001b1dc72e7c0 Exception <a 'sun/nio/fs/WindowsException'{0x000000009da02da0}> (0x000000009da02da0) 
thrown [s\src\hotspot\share\prims\jni.cpp, line 537]
Event: 18804.999 Thread 0x000001b1f84666b0 Exception <a 'sun/nio/fs/WindowsException'{0x000000009c92a0a0}> (0x000000009c92a0a0) 
thrown [s\src\hotspot\share\prims\jni.cpp, line 537]
Event: 18805.004 Thread 0x000001b1f84666b0 Exception <a 'sun/nio/fs/WindowsException'{0x000000009c932028}> (0x000000009c932028) 
thrown [s\src\hotspot\share\prims\jni.cpp, line 537]
Event: 18805.040 Thread 0x000001b1f84666b0 Exception <a 'sun/nio/fs/WindowsException'{0x000000009c952c00}> (0x000000009c952c00) 
thrown [s\src\hotspot\share\prims\jni.cpp, line 537]
Event: 18805.053 Thread 0x000001b1f84666b0 Exception <a 'sun/nio/fs/WindowsException'{0x000000009c5ed7b0}> (0x000000009c5ed7b0) 
thrown [s\src\hotspot\share\prims\jni.cpp, line 537]
Event: 18805.058 Thread 0x000001b1f84666b0 Exception <a 'sun/nio/fs/WindowsException'{0x000000009c5f9248}> (0x000000009c5f9248) 
thrown [s\src\hotspot\share\prims\jni.cpp, line 537]
Event: 18805.089 Thread 0x000001b1f84666b0 Exception <a 'sun/nio/fs/WindowsException'{0x000000009c1c1ed8}> (0x000000009c1c1ed8) 
thrown [s\src\hotspot\share\prims\jni.cpp, line 537]
Event: 18805.181 Thread 0x000001b1d7316ad0 Exception <a 'sun/nio/fs/WindowsException'{0x000000009b0be040}> (0x000000009b0be040) 
thrown [s\src\hotspot\share\prims\jni.cpp, line 537]
Event: 18805.272 Thread 0x000001b1f84666b0 Exception <a 'sun/nio/fs/WindowsException'{0x000000009a6fe8f0}> (0x000000009a6fe8f0) 
thrown [s\src\hotspot\share\prims\jni.cpp, line 537]
Event: 18805.900 Thread 0x000001b1dc72e7c0 Exception <a 'sun/nio/fs/WindowsException'{0x000000009da058d0}> (0x000000009da058d0) 
thrown [s\src\hotspot\share\prims\jni.cpp, line 537]
Event: 18805.939 Thread 0x000001b1d27ff520 Exception <a 'sun/nio/fs/WindowsException'{0x0000000098a79ec0}> (0x0000000098a79ec0) 
thrown [s\src\hotspot\share\prims\jni.cpp, line 537]
Event: 18806.130 Thread 0x000001b1f8f8d060 Exception <a 'sun/nio/fs/WindowsException'{0x000000009b0e47d0}> (0x000000009b0e47d0) 
thrown [s\src\hotspot\share\prims\jni.cpp, line 537]
Event: 18807.078 Thread 0x000001b1dc72e7c0 Exception <a 'sun/nio/fs/WindowsException'{0x00000000ffee5f40}> (0x00000000ffee5f40) 
thrown [s\src\hotspot\share\prims\jni.cpp, line 537]
Event: 18807.080 Thread 0x000001b1dc72e7c0 Exception <a 'sun/nio/fs/WindowsException'{0x00000000ffc80648}> (0x00000000ffc80648) 
thrown [s\src\hotspot\share\prims\jni.cpp, line 537]
Event: 18807.283 Thread 0x000001b1d7316ad0 Exception <a 'sun/nio/fs/WindowsException'{0x00000000ffeec9e0}> (0x00000000ffeec9e0) 
thrown [s\src\hotspot\share\prims\jni.cpp, line 537]
Event: 18807.291 Thread 0x000001b1f84666b0 Exception <a 'sun/nio/fs/WindowsException'{0x00000000ff5b8040}> (0x00000000ff5b8040) 
thrown [s\src\hotspot\share\prims\jni.cpp, line 537]

ZGC Phase Switch (0 events):
No events

VM Operations (20 events):
Event: 18803.632 Executing non-safepoint VM operation: HandshakeAllThreads (Deoptimize) done
Event: 18803.698 Executing safepoint VM operation: G1CollectForAllocation (G1 Evacuation Pause)
Event: 18803.698 Executing safepoint VM operation: G1CollectForAllocation (G1 Evacuation Pause) done
Event: 18803.699 Executing safepoint VM operation: G1CollectForAllocation (GCLocker Initiated GC)
Event: 18803.834 Executing safepoint VM operation: G1CollectForAllocation (GCLocker Initiated GC) done
Event: 18804.639 Executing safepoint VM operation: G1CollectForAllocation (G1 Evacuation Pause)
Event: 18804.789 Executing safepoint VM operation: G1CollectForAllocation (G1 Evacuation Pause) done
Event: 18805.157 Executing non-safepoint VM operation: HandshakeAllThreads (Deoptimize)
Event: 18805.198 Executing non-safepoint VM operation: HandshakeAllThreads (Deoptimize) done
Event: 18805.223 Executing non-safepoint VM operation: HandshakeAllThreads (Deoptimize)
Event: 18805.223 Executing non-safepoint VM operation: HandshakeAllThreads (Deoptimize) done
Event: 18805.343 Executing safepoint VM operation: G1PauseRemark
Event: 18805.885 Executing safepoint VM operation: G1PauseRemark done
Event: 18806.147 Executing safepoint VM operation: G1CollectForAllocation (G1 Evacuation Pause)
Event: 18806.962 Executing safepoint VM operation: G1CollectForAllocation (G1 Evacuation Pause) done
Event: 18806.975 Executing safepoint VM operation: G1CollectForAllocation (G1 Evacuation Pause)
Event: 18807.073 Executing safepoint VM operation: G1CollectForAllocation (G1 Evacuation Pause) done
Event: 18807.109 Executing safepoint VM operation: G1CollectForAllocation (G1 Evacuation Pause)
Event: 18807.275 Executing safepoint VM operation: G1CollectForAllocation (G1 Evacuation Pause) done
Event: 18807.315 Executing safepoint VM operation: G1CollectForAllocation (G1 Evacuation Pause)

Memory protections (0 events):
No events

Nmethod flushes (20 events):
Event: 18805.740 Thread 0x000001b1cc9acdb0 flushing  nmethod 0x000001b1b91f8690
Event: 18805.740 Thread 0x000001b1cc9acdb0 flushing  nmethod 0x000001b1b9263e90
Event: 18805.740 Thread 0x000001b1cc9acdb0 flushing  nmethod 0x000001b1b928f110
Event: 18805.740 Thread 0x000001b1cc9acdb0 flushing  nmethod 0x000001b1b9290210
Event: 18805.740 Thread 0x000001b1cc9acdb0 flushing  nmethod 0x000001b1b9294510
Event: 18805.740 Thread 0x000001b1cc9acdb0 flushing  nmethod 0x000001b1b93c8b90
Event: 18805.740 Thread 0x000001b1cc9acdb0 flushing  nmethod 0x000001b1b9457090
Event: 18805.740 Thread 0x000001b1cc9acdb0 flushing  nmethod 0x000001b1b9527810
Event: 18805.740 Thread 0x000001b1cc9acdb0 flushing  nmethod 0x000001b1b95a9990
Event: 18805.740 Thread 0x000001b1cc9acdb0 flushing  nmethod 0x000001b1b95fae10
Event: 18805.740 Thread 0x000001b1cc9acdb0 flushing  nmethod 0x000001b1b95fe310
Event: 18805.740 Thread 0x000001b1cc9acdb0 flushing  nmethod 0x000001b1b9710390
Event: 18805.740 Thread 0x000001b1cc9acdb0 flushing  nmethod 0x000001b1b9826890
Event: 18805.740 Thread 0x000001b1cc9acdb0 flushing  nmethod 0x000001b1b9c3dd90
Event: 18805.740 Thread 0x000001b1cc9acdb0 flushing  nmethod 0x000001b1b9c3e110
Event: 18805.740 Thread 0x000001b1cc9acdb0 flushing  nmethod 0x000001b1ba131010
Event: 18805.740 Thread 0x000001b1cc9acdb0 flushing  nmethod 0x000001b1ba17f110
Event: 18805.740 Thread 0x000001b1cc9acdb0 flushing  nmethod 0x000001b1ba517310
Event: 18805.740 Thread 0x000001b1cc9acdb0 flushing  nmethod 0x000001b1ba51c610
Event: 18805.740 Thread 0x000001b1cc9acdb0 flushing  nmethod 0x000001b1ba8a7890

Events (20 events):
Event: 18797.053 Thread 0x000001b1f294f130 Thread exited: 0x000001b1f294f130
Event: 18797.053 Thread 0x000001b1f294f7c0 Thread exited: 0x000001b1f294f7c0
Event: 18797.053 Thread 0x000001b1dd4cae50 Thread exited: 0x000001b1dd4cae50
Event: 18797.275 Thread 0x000001b1dc72cd80 Thread added: 0x000001b1dd028e50
Event: 18797.438 Thread 0x000001b1d7315720 Thread added: 0x000001b1f2b1e420
Event: 18797.439 Thread 0x000001b1d7315720 Thread added: 0x000001b1f2b1d700
Event: 18803.437 Thread 0x000001b1dd028e50 Thread added: 0x000001b1f2b1fda0
Event: 18803.520 Thread 0x000001b1d7315720 Thread added: 0x000001b1d737e5f0
Event: 18803.892 Thread 0x000001b1d7315720 Thread added: 0x000001b1f2b1dd90
Event: 18803.904 Thread 0x000001b1d7315720 Thread added: 0x000001b1f2b1d070
Event: 18803.910 Thread 0x000001b1f2b1dd90 Thread added: 0x000001b1d6420d10
Event: 18803.915 Thread 0x000001b1d7315720 Thread added: 0x000001b1f3529e60
Event: 18803.922 Thread 0x000001b1f3529e60 Thread added: 0x000001b1d6424820
Event: 18803.950 Thread 0x000001b1d7315720 Thread added: 0x000001b1f3529140
Event: 18803.975 Thread 0x000001b1f2b1d070 Thread added: 0x000001b1d67271c0
Event: 18803.988 Thread 0x000001b1d6420d10 Thread added: 0x000001b1f90aa6f0
Event: 18805.887 Thread 0x000001b1d750f420 Thread exited: 0x000001b1d750f420
Event: 18805.899 Thread 0x000001b1f2b252f0 Thread exited: 0x000001b1f2b252f0
Event: 18807.276 Thread 0x000001b1d2757310 Thread exited: 0x000001b1d2757310
Event: 18807.282 Thread 0x000001b1d27586c0 Thread exited: 0x000001b1d27586c0


Dynamic libraries:
0x00007ff72ea30000 - 0x00007ff72ea3a000 	C:\Program Files\Android\Android Studio\jbr\bin\java.exe
0x00007fff2b160000 - 0x00007fff2b3c6000 	C:\WINDOWS\SYSTEM32\ntdll.dll
0x00007fff2ac00000 - 0x00007fff2acc9000 	C:\WINDOWS\System32\KERNEL32.DLL
0x00007fff285c0000 - 0x00007fff289be000 	C:\WINDOWS\System32\KERNELBASE.dll
0x00007fff24630000 - 0x00007fff246d0000 	C:\WINDOWS\SYSTEM32\apphelp.dll
0x00007fff28460000 - 0x00007fff285ac000 	C:\WINDOWS\System32\ucrtbase.dll
0x00007fff15b80000 - 0x00007fff15b9b000 	C:\Program Files\Android\Android Studio\jbr\bin\VCRUNTIME140.dll
0x00007fff20a30000 - 0x00007fff20a48000 	C:\Program Files\Android\Android Studio\jbr\bin\jli.dll
0x00007fff2a590000 - 0x00007fff2a757000 	C:\WINDOWS\System32\USER32.dll
0x00007fff28430000 - 0x00007fff28457000 	C:\WINDOWS\System32\win32u.dll
0x00007fff2ae10000 - 0x00007fff2ae3b000 	C:\WINDOWS\System32\GDI32.dll
0x00007fff28b50000 - 0x00007fff28c7a000 	C:\WINDOWS\System32\gdi32full.dll
0x00007fff28380000 - 0x00007fff28423000 	C:\WINDOWS\System32\msvcp_win.dll
0x00007fff109d0000 - 0x00007fff10c62000 	C:\WINDOWS\WinSxS\amd64_microsoft.windows.common-controls_6595b64144ccf1df_6.0.26100.8875_none_3e0d5d42e32fe9dd\COMCTL32.dll
0x00007fff2a970000 - 0x00007fff2aa19000 	C:\WINDOWS\System32\msvcrt.dll
0x00007fff29560000 - 0x00007fff29592000 	C:\WINDOWS\System32\IMM32.DLL
0x00007fff162a0000 - 0x00007fff162ac000 	C:\Program Files\Android\Android Studio\jbr\bin\vcruntime140_1.dll
0x00007ffefed20000 - 0x00007ffefedad000 	C:\Program Files\Android\Android Studio\jbr\bin\msvcp140.dll
0x00007ffe7ac80000 - 0x00007ffe7b916000 	C:\Program Files\Android\Android Studio\jbr\bin\server\jvm.dll
0x00007fff295a0000 - 0x00007fff29657000 	C:\WINDOWS\System32\ADVAPI32.dll
0x00007fff2ad60000 - 0x00007fff2ae0a000 	C:\WINDOWS\System32\sechost.dll
0x00007fff28f90000 - 0x00007fff290a8000 	C:\WINDOWS\System32\RPCRT4.dll
0x00007fff29440000 - 0x00007fff294c0000 	C:\WINDOWS\System32\WS2_32.dll
0x00007fff28200000 - 0x00007fff2825e000 	C:\WINDOWS\SYSTEM32\POWRPROF.dll
0x00007fff21230000 - 0x00007fff2123b000 	C:\WINDOWS\SYSTEM32\VERSION.dll
0x00007fff13760000 - 0x00007fff13796000 	C:\WINDOWS\SYSTEM32\WINMM.dll
0x00007fff281e0000 - 0x00007fff281f4000 	C:\WINDOWS\SYSTEM32\UMPDC.dll
0x00007fff27040000 - 0x00007fff2705b000 	C:\WINDOWS\SYSTEM32\kernel.appcore.dll
0x00007fff161d0000 - 0x00007fff161da000 	C:\Program Files\Android\Android Studio\jbr\bin\jimage.dll
0x00007fff25910000 - 0x00007fff25b52000 	C:\WINDOWS\SYSTEM32\DBGHELP.DLL
0x00007fff290b0000 - 0x00007fff29433000 	C:\WINDOWS\System32\combase.dll
0x00007fff2a4b0000 - 0x00007fff2a589000 	C:\WINDOWS\System32\OLEAUT32.dll
0x00007fff1e200000 - 0x00007fff1e23b000 	C:\WINDOWS\SYSTEM32\dbgcore.DLL
0x00007fff28dd0000 - 0x00007fff28e7c000 	C:\WINDOWS\System32\bcryptPrimitives.dll
0x00007fff209d0000 - 0x00007fff209de000 	C:\Program Files\Android\Android Studio\jbr\bin\instrument.dll
0x00007fff150c0000 - 0x00007fff150e0000 	C:\Program Files\Android\Android Studio\jbr\bin\java.dll
0x00007fff15070000 - 0x00007fff15088000 	C:\Program Files\Android\Android Studio\jbr\bin\zip.dll
0x00007fff29c70000 - 0x00007fff2a402000 	C:\WINDOWS\System32\SHELL32.dll
0x00007fff25e00000 - 0x00007fff26692000 	C:\WINDOWS\SYSTEM32\windows.storage.dll
0x00007fff2afd0000 - 0x00007fff2b0c7000 	C:\WINDOWS\System32\SHCORE.dll
0x00007fff2a900000 - 0x00007fff2a967000 	C:\WINDOWS\System32\shlwapi.dll
0x00007fff282a0000 - 0x00007fff282c9000 	C:\WINDOWS\SYSTEM32\profapi.dll
0x00007fff15b50000 - 0x00007fff15b60000 	C:\Program Files\Android\Android Studio\jbr\bin\net.dll
0x00007fff1f900000 - 0x00007fff1fa27000 	C:\WINDOWS\SYSTEM32\WINHTTP.dll
0x00007fff27610000 - 0x00007fff2767c000 	C:\WINDOWS\system32\mswsock.dll
0x00007fff0b240000 - 0x00007fff0b256000 	C:\Program Files\Android\Android Studio\jbr\bin\nio.dll
0x00007fff0b230000 - 0x00007fff0b240000 	C:\Program Files\Android\Android Studio\jbr\bin\verify.dll
0x00007fff0a750000 - 0x00007fff0a777000 	C:\Users\sinis\.gradle\native\660c5614fbf4a5f2a75b1949f50a0caf5cd603558e7d8a26e50b933a0cfb79d1\windows-amd64\native-platform.dll
0x00007ffeeab70000 - 0x00007ffeeabe7000 	C:\Users\sinis\.gradle\native\0.2.8\x86_64-windows-gnu\gradle-fileevents.dll
0x00007fff15990000 - 0x00007fff15999000 	C:\Program Files\Android\Android Studio\jbr\bin\management.dll
0x00007fff12670000 - 0x00007fff1267b000 	C:\Program Files\Android\Android Studio\jbr\bin\management_ext.dll
0x00007fff29550000 - 0x00007fff29558000 	C:\WINDOWS\System32\PSAPI.DLL
0x00007fff26a30000 - 0x00007fff26a63000 	C:\WINDOWS\SYSTEM32\IPHLPAPI.DLL
0x00007fff29660000 - 0x00007fff2966a000 	C:\WINDOWS\System32\NSI.dll
0x00007fff159f0000 - 0x00007fff159f9000 	C:\Program Files\Android\Android Studio\jbr\bin\extnet.dll
0x00007fff27910000 - 0x00007fff2792b000 	C:\WINDOWS\SYSTEM32\CRYPTSP.dll
0x00007fff26fa0000 - 0x00007fff26fd9000 	C:\WINDOWS\system32\rsaenh.dll
0x00007fff276d0000 - 0x00007fff27702000 	C:\WINDOWS\SYSTEM32\USERENV.dll
0x00007fff28270000 - 0x00007fff2829a000 	C:\WINDOWS\SYSTEM32\bcrypt.dll
0x00007fff27930000 - 0x00007fff2793c000 	C:\WINDOWS\SYSTEM32\CRYPTBASE.dll
0x00007fff020e0000 - 0x00007fff020e8000 	C:\WINDOWS\system32\wshunix.dll
0x00007ffea5650000 - 0x00007ffea5668000 	C:\WINDOWS\system32\napinsp.dll
0x00007fff26ad0000 - 0x00007fff26c26000 	C:\WINDOWS\SYSTEM32\DNSAPI.dll
0x00007fff273f0000 - 0x00007fff273fd000 	C:\WINDOWS\SYSTEM32\DSPARSE.dll
0x00007ffea5630000 - 0x00007ffea5643000 	C:\WINDOWS\System32\winrnr.dll
0x00007ffea5670000 - 0x00007ffea5692000 	C:\WINDOWS\system32\nlansp_c.dll
0x00007fff1ef40000 - 0x00007fff1ef56000 	C:\WINDOWS\system32\wshbth.dll
0x00007fff211f0000 - 0x00007fff211fb000 	C:\Windows\System32\rasadhlp.dll
0x00007fff1eba0000 - 0x00007fff1ec26000 	C:\WINDOWS\System32\fwpuclnt.dll
0x00007fff1f490000 - 0x00007fff1f497000 	C:\Program Files\Android\Android Studio\jbr\bin\rmi.dll
0x00007fff27190000 - 0x00007fff271c6000 	C:\WINDOWS\SYSTEM32\ntmarta.dll

JVMTI agents:
C:\Users\sinis\.gradle\wrapper\dists\gradle-9.4.1-bin\arn2x92ynaizyzdaamcbpbhtj\gradle-9.4.1\lib\agents\gradle-instrumentation-agent-9.4.1.jar path:C:\Program Files\Android\Android Studio\jbr\bin\instrument.dll, loaded, initialized, instrumentlib options:none

dbghelp: loaded successfully - version: 4.0.5 - missing functions: none
symbol engine: initialized successfully - sym options: 0x614 - pdb path: .;C:\Program Files\Android\Android Studio\jbr\bin;C:\WINDOWS\SYSTEM32;C:\WINDOWS\WinSxS\amd64_microsoft.windows.common-controls_6595b64144ccf1df_6.0.26100.8875_none_3e0d5d42e32fe9dd;C:\Program Files\Android\Android Studio\jbr\bin\server;C:\Users\sinis\.gradle\native\660c5614fbf4a5f2a75b1949f50a0caf5cd603558e7d8a26e50b933a0cfb79d1\windows-amd64;C:\Users\sinis\.gradle\native\0.2.8\x86_64-windows-gnu

VM Arguments:
jvm_args: --add-opens=java.base/java.lang=ALL-UNNAMED --add-opens=java.base/java.lang.invoke=ALL-UNNAMED --add-opens=java.base/java.util=ALL-UNNAMED --add-opens=java.prefs/java.util.prefs=ALL-UNNAMED --add-exports=jdk.compiler/com.sun.tools.javac.api=ALL-UNNAMED --add-exports=jdk.compiler/com.sun.tools.javac.util=ALL-UNNAMED --add-opens=java.base/java.util=ALL-UNNAMED --add-opens=java.prefs/java.util.prefs=ALL-UNNAMED --add-opens=java.base/java.nio.charset=ALL-UNNAMED --add-opens=java.base/java.net=ALL-UNNAMED --add-opens=java.base/java.util.concurrent=ALL-UNNAMED --add-opens=java.base/java.util.concurrent.atomic=ALL-UNNAMED --add-opens=java.xml/javax.xml.namespace=ALL-UNNAMED --add-opens=java.base/java.time=ALL-UNNAMED -Xmx2048m -Dfile.encoding=UTF-8 -Duser.country=FI -Duser.language=fi -Duser.variant -javaagent:C:\Users\sinis\.gradle\wrapper\dists\gradle-9.4.1-bin\arn2x92ynaizyzdaamcbpbhtj\gradle-9.4.1\lib\agents\gradle-instrumentation-agent-9.4.1.jar 
java_command: org.gradle.launcher.daemon.bootstrap.GradleDaemon 9.4.1
java_class_path (initial): C:\Users\sinis\.gradle\wrapper\dists\gradle-9.4.1-bin\arn2x92ynaizyzdaamcbpbhtj\gradle-9.4.1\lib\gradle-daemon-main-9.4.1.jar
Launcher Type: SUN_STANDARD

[Global flags]
     intx CICompilerCount                          = 4                                         {product} {ergonomic}
     uint ConcGCThreads                            = 2                                         {product} {ergonomic}
     uint G1ConcRefinementThreads                  = 8                                         {product} {ergonomic}
   size_t G1HeapRegionSize                         = 1048576                                   {product} {ergonomic}
    uintx GCDrainStackTargetSize                   = 64                                        {product} {ergonomic}
   size_t InitialHeapSize                          = 134217728                                 {product} {ergonomic}
   size_t MarkStackSize                            = 4194304                                   {product} {ergonomic}
   size_t MaxHeapSize                              = 2147483648                                {product} {command line}
   size_t MaxNewSize                               = 1287651328                                {product} {ergonomic}
   size_t MinHeapDeltaBytes                        = 1048576                                   {product} {ergonomic}
   size_t MinHeapSize                              = 8388608                                   {product} {ergonomic}
    uintx NonNMethodCodeHeapSize                   = 5839372                                {pd product} {ergonomic}
    uintx NonProfiledCodeHeapSize                  = 122909434                              {pd product} {ergonomic}
    uintx ProfiledCodeHeapSize                     = 122909434                              {pd product} {ergonomic}
    uintx ReservedCodeCacheSize                    = 251658240                              {pd product} {ergonomic}
     bool SegmentedCodeCache                       = true                                      {product} {ergonomic}
   size_t SoftMaxHeapSize                          = 2147483648                             {manageable} {ergonomic}
     bool UseCompressedOops                        = true                           {product lp64_product} {ergonomic}
     bool UseG1GC                                  = true                                      {product} {ergonomic}
     bool UseLargePagesIndividualAllocation        = false                                  {pd product} {ergonomic}

Logging:
Log output configuration:
 #0: stdout all=warning uptime,level,tags foldmultilines=false
 #1: stderr all=off uptime,level,tags foldmultilines=false

Release file:
JAVA_VERSION="21.0.10" 
MODULES="java.base java.compiler java.datatransfer java.xml java.prefs java.desktop java.instrument java.logging java.management java.security.sasl java.naming java.rmi java.management.rmi java.net.http java.scripting java.security.jgss java.transaction.xa java.sql java.sql.rowset java.xml.crypto java.se java.smartcardio jdk.accessibility jdk.internal.jvmstat jdk.attach jdk.charsets jdk.internal.opt jdk.zipfs jdk.compiler jdk.crypto.ec jdk.crypto.cryptoki jdk.dynalink jdk.hotspot.agent jdk.httpserver jdk.internal.ed jdk.internal.le jdk.internal.vm.ci jdk.jartool jdk.javadoc jdk.jcmd jdk.jdeps jdk.jdwp.agent jdk.jdi jdk.jfr jdk.jlink jdk.jsobject jdk.localedata jdk.management jdk.management.agent jdk.management.jfr jdk.naming.dns jdk.naming.rmi jdk.net jdk.sctp jdk.security.auth jdk.security.jgss jdk.unsupported jdk.unsupported.desktop jdk.xml.dom" 
IMPLEMENTOR="JetBrains s.r.o." 
JAVA_RUNTIME_VERSION="21.0.10+-14961533-b1163.108" 
LIBC="default" 
OS_ARCH="x86_64" 
OS_NAME="Windows" 
SOURCE=".:git:1351622c2ff2" 

Environment Variables:
PATH=C:\Python314\Scripts\;C:\Python314\;C:\Windows\system32;C:\Windows;C:\Windows\System32\Wbem;C:\Windows\System32\WindowsPowerShell\v1.0\;C:\Windows\System32\OpenSSH\;C:\Program Files (x86)\NVIDIA Corporation\PhysX\Common;C:\Program Files\NVIDIA Corporation\NVIDIA NvDLISR;C:\WINDOWS\system32;C:\WINDOWS;C:\WINDOWS\System32\Wbem;C:\WINDOWS\System32\WindowsPowerShell\v1.0\;C:\WINDOWS\System32\OpenSSH\;C:\msys64\ucrt64\bin;C:\Program Files\Git\cmd;C:\Python27;C:\Program Files\nodejs\;C:\ProgramData\chocolatey\bin;C:\Program Files\Docker\Docker\resources\bin;C:\Users\sinis\AppData\Local\Microsoft\WindowsApps;C:\Users\sinis\AppData\Local\Programs\Microsoft VS Code\bin;C:\Users\sinis\AppData\Local\Python\bin;C:\Python27;C:\Users\sinis\AppData\Roaming\npm
USERNAME=sinis
OS=Windows_NT
PROCESSOR_IDENTIFIER=Intel64 Family 6 Model 158 Stepping 10, GenuineIntel
TMP=C:\Users\sinis\AppData\Local\Temp
TEMP=C:\Users\sinis\AppData\Local\Temp




Periodic native trim disabled

JNI global refs:
JNI global refs: 30, weak refs: 79

JNI global refs memory usage: 835, weak refs: 1465

Process memory usage:
Resident Set Size: 765616K (9% of 8265972K total physical memory with 296652K free physical memory)

OOME stack traces (most recent first):
Classloader memory used:
Loader org.gradle.internal.classloader.VisitableURLClassLoader                         : 121M
Loader org.gradle.internal.classloader.VisitableURLClassLoader$InstrumentingVisitableURLClassLoader: 97934K
Loader bootstrap                                                                       : 37928K
Loader org.gradle.initialization.MixInLegacyTypesClassLoader                           : 19001K
Loader org.gradle.internal.classloader.VisitableURLClassLoader                         : 8642K
Loader jdk.internal.loader.ClassLoaders$AppClassLoader                                 : 7822K
Loader jdk.internal.reflect.DelegatingClassLoader                                      : 1775K
Loader jdk.internal.loader.ClassLoaders$PlatformClassLoader                            : 963K
Loader jdk.internal.jrtfs.JrtFileSystemProvider$JrtFsLoader                            : 341K
Loader org.gradle.groovy.scripts.internal.DefaultScriptCompilationHandler$ScriptClassLoader: 208K
Loader sun.reflect.misc.MethodUtil                                                     : 3000B

Classes loaded by more than one classloader:
Class com.google.common.collect.Iterators$ArrayItr                                    : loaded 5 times (x 97B)
Class com.google.common.base.Preconditions                                            : loaded 5 times (x 71B)
Class com.google.common.collect.UnmodifiableIterator                                  : loaded 5 times (x 80B)
Class com.google.common.collect.Iterators$SingletonIterator                           : loaded 5 times (x 81B)
Class com.google.common.collect.Iterators$9                                           : loaded 5 times (x 81B)
Class com.google.common.collect.Lists                                                 : loaded 5 times (x 71B)
Class com.google.common.collect.Iterators$MergingIterator                             : loaded 5 times (x 81B)
Class com.google.common.collect.ImmutableCollection                                   : loaded 5 times (x 125B)
Class com.google.common.collect.Iterators                                             : loaded 5 times (x 71B)
Class com.google.common.collect.Lists$StringAsImmutableList                           : loaded 5 times (x 207B)
Class com.google.common.collect.AbstractIterator                                      : loaded 5 times (x 82B)
Class com.google.common.collect.AbstractIndexedListIterator                           : loaded 5 times (x 96B)
Class com.google.common.collect.Iterators$5                                           : loaded 5 times (x 82B)
Class com.google.common.collect.Iterators$4                                           : loaded 5 times (x 82B)
Class com.google.common.collect.ImmutableList                                         : loaded 5 times (x 206B)
Class Program                                                                         : loaded 5 times (x 72B)
Class com.google.common.collect.UnmodifiableListIterator                              : loaded 5 times (x 95B)
Class com.google.common.collect.Iterators$1                                           : loaded 5 times (x 81B)
Class com.google.common.collect.PeekingIterator                                       : loaded 5 times (x 70B)
Class com.google.common.collect.SingletonImmutableList                                : loaded 4 times (x 207B)
Class com.google.common.collect.ImmutableSet$SetBuilderImpl                           : loaded 4 times (x 76B)
Class com.google.common.collect.SingletonImmutableSet                                 : loaded 4 times (x 146B)
Class com.google.common.collect.ForwardingObject                                      : loaded 4 times (x 72B)
Class com.google.common.collect.Multimap                                              : loaded 4 times (x 70B)
Class com.google.common.collect.ImmutableList$SubList                                 : loaded 4 times (x 209B)
Class com.google.common.collect.RegularImmutableAsList                                : loaded 4 times (x 217B)
Class com.google.common.collect.RegularImmutableSet                                   : loaded 4 times (x 149B)
Class com.google.common.collect.ImmutableSet$CachingAsList                            : loaded 4 times (x 148B)
Class com.google.gson.Strictness                                                      : loaded 4 times (x 79B)
Class com.google.common.collect.ImmutableList$Builder                                 : loaded 4 times (x 77B)
Class com.google.common.collect.ImmutableAsList                                       : loaded 4 times (x 209B)
Class com.google.gson.stream.MalformedJsonException                                   : loaded 4 times (x 82B)
Class com.google.common.base.Function                                                 : loaded 4 times (x 70B)
Class com.google.common.collect.RegularImmutableList                                  : loaded 4 times (x 213B)
Class com.google.common.collect.ImmutableCollection$Builder                           : loaded 4 times (x 76B)
Class com.google.common.collect.ImmutableList$1                                       : loaded 4 times (x 97B)
Class [Lcom.google.gson.Strictness;                                                   : loaded 4 times (x 69B)
Class com.google.common.collect.ImmutableSet                                          : loaded 4 times (x 145B)
Class com.google.common.base.Predicate                                                : loaded 4 times (x 70B)
Class com.google.common.collect.ImmutableSet$RegularSetBuilderImpl                    : loaded 4 times (x 77B)
Class com.google.common.base.Joiner                                                   : loaded 4 times (x 79B)
Class com.google.common.base.Joiner$1                                                 : loaded 4 times (x 80B)
Class com.google.gson.stream.JsonReader                                               : loaded 4 times (x 97B)
Class com.google.common.collect.ImmutableList$ReverseImmutableList                    : loaded 4 times (x 209B)
Class com.google.common.base.Joiner$2                                                 : loaded 4 times (x 79B)
Class com.google.common.cache.LocalCache$EntryFactory$3                               : loaded 3 times (x 83B)
Class com.google.gson.internal.bind.JsonAdapterAnnotationTypeAdapterFactory           : loaded 3 times (x 75B)
Class com.google.common.cache.LocalCache$EntryFactory$2                               : loaded 3 times (x 83B)
Class com.google.common.base.PairwiseEquivalence                                      : loaded 3 times (x 83B)
Class com.google.common.base.Equivalence$Identity                                     : loaded 3 times (x 82B)
Class com.google.gson.internal.bind.ObjectTypeAdapter$1                               : loaded 3 times (x 76B)
Class [Lcom.google.common.reflect.Types$ClassOwnership;                               : loaded 3 times (x 69B)
Class com.google.common.collect.RegularImmutableMap$KeySet                            : loaded 3 times (x 152B)
Class com.google.common.reflect.Types$JavaVersion$5                                   : loaded 3 times (x 71B)
Class com.android.ide.common.repository.AgpVersion$PreviewKind                        : loaded 3 times (x 79B)
Class com.google.common.base.CharMatcher$NamedFastMatcher                             : loaded 3 times (x 112B)
Class com.google.common.base.CharMatcher$1                                            : loaded 3 times (x 113B)
Class [Lcom.google.common.cache.RemovalListener;                                      : loaded 3 times (x 69B)
Class com.google.common.cache.LocalCache$EntryFactory$1                               : loaded 3 times (x 83B)
Class com.google.common.base.Ticker$1                                                 : loaded 3 times (x 72B)
Class com.google.gson.internal.reflect.ReflectionHelper$RecordSupportedHelper         : loaded 3 times (x 78B)
Class com.google.common.collect.Maps$IteratorBasedAbstractMap                         : loaded 3 times (x 125B)
Class com.google.common.reflect.Types$JavaVersion$4                                   : loaded 3 times (x 83B)
Class com.google.gson.internal.bind.NumberTypeAdapter                                 : loaded 3 times (x 74B)
Class com.google.common.collect.Maps$BiMapConverter                                   : loaded 3 times (x 90B)
Class com.google.common.base.CharMatcher                                              : loaded 3 times (x 111B)
Class com.google.common.collect.ImmutableMapEntrySet$RegularEntrySet                  : loaded 3 times (x 152B)
Class com.google.common.reflect.Types$JavaVersion$3                                   : loaded 3 times (x 83B)
Class com.google.common.collect.ImmutableSet$Builder                                  : loaded 3 times (x 85B)
Class com.google.common.collect.Hashing                                               : loaded 3 times (x 71B)
Class com.google.gson.internal.LazilyParsedNumber                                     : loaded 3 times (x 78B)
Class com.google.common.base.Equivalence$Equals                                       : loaded 3 times (x 82B)
Class com.google.common.util.concurrent.AbstractFuture$Failure                        : loaded 3 times (x 72B)
Class com.google.common.base.PatternCompiler                                          : loaded 3 times (x 70B)
Class org.jetbrains.kotlin.cli.common.arguments.CommonToolArguments                   : loaded 3 times (x 73B)
Class com.google.common.hash.PrimitiveSink                                            : loaded 3 times (x 70B)
Class com.google.common.reflect.Types                                                 : loaded 3 times (x 71B)
Class com.google.common.reflect.Types$JavaVersion$2                                   : loaded 3 times (x 83B)
Class com.google.gson.internal.bind.DefaultDateTypeAdapter$DateType$1                 : loaded 3 times (x 73B)
Class com.google.common.base.CharMatcher$Is                                           : loaded 3 times (x 111B)
Class com.google.common.base.CharMatcher$Negated                                      : loaded 3 times (x 113B)
Class com.google.common.cache.LocalCache$ValueReference                               : loaded 3 times (x 70B)
Class com.google.common.collect.RegularImmutableBiMap                                 : loaded 3 times (x 149B)
Class com.android.ide.common.repository.AgpVersion$Companion$WhenMappings             : loaded 3 times (x 71B)
Class com.google.common.reflect.Types$JavaVersion$1                                   : loaded 3 times (x 83B)
Class org.jetbrains.kotlin.cli.common.CompilerSystemProperties$Companion              : loaded 3 times (x 71B)
Class com.google.common.collect.RegularImmutableMap$BucketOverflowException           : loaded 3 times (x 82B)
Class com.google.gson.JsonNull                                                        : loaded 3 times (x 92B)
Class com.google.gson.internal.bind.TypeAdapters$29                                   : loaded 3 times (x 75B)
Class com.google.gson.internal.bind.MapTypeAdapterFactory                             : loaded 3 times (x 75B)
Class [Lcom.google.common.cache.Weigher;                                              : loaded 3 times (x 69B)
Class com.google.common.base.Suppliers$NonSerializableMemoizingSupplier               : loaded 3 times (x 79B)
Class [Lcom.google.gson.LongSerializationPolicy;                                      : loaded 3 times (x 69B)
Class com.google.common.cache.LoadingCache                                            : loaded 3 times (x 70B)
Class com.google.common.cache.LocalCache$EntryFactory$4                               : loaded 3 times (x 83B)
Class com.google.gson.FieldNamingPolicy$7                                             : loaded 3 times (x 83B)
Class com.google.gson.internal.bind.TypeAdapters$27                                   : loaded 3 times (x 75B)
Class com.google.common.cache.CacheLoader$InvalidCacheLoadException                   : loaded 3 times (x 82B)
Class com.google.gson.internal.reflect.ReflectionHelper                               : loaded 3 times (x 71B)
Class org.gradle.internal.IoActions                                                   : loaded 3 times (x 71B)
Class com.google.gson.FieldNamingPolicy$6                                             : loaded 3 times (x 83B)
Class com.google.gson.internal.bind.TypeAdapters$26                                   : loaded 3 times (x 75B)
Class com.google.gson.internal.bind.ArrayTypeAdapter                                  : loaded 3 times (x 74B)
Class org.jetbrains.kotlin.cli.common.arguments.CommonCompilerArgumentsConfigurator   : loaded 3 times (x 74B)
Class com.google.common.reflect.TypeParameter                                         : loaded 3 times (x 72B)
Class com.google.common.reflect.Types$NativeTypeVariableEquals                        : loaded 3 times (x 71B)
Class com.google.gson.FieldNamingPolicy$5                                             : loaded 3 times (x 83B)
Class com.google.gson.internal.bind.TypeAdapters$25                                   : loaded 3 times (x 75B)
Class com.google.common.cache.LocalCache$EntryFactory                                 : loaded 3 times (x 83B)
Class org.jetbrains.kotlin.cli.common.arguments.CommonCompilerArguments               : loaded 3 times (x 75B)
Class com.google.common.collect.SortedMapDifference                                   : loaded 3 times (x 70B)
Class com.google.gson.FieldNamingPolicy$4                                             : loaded 3 times (x 83B)
Class com.google.common.base.CharMatcher$IsEither                                     : loaded 3 times (x 111B)
Class com.google.gson.internal.bind.TypeAdapters$24                                   : loaded 3 times (x 75B)
Class com.google.common.collect.CollectPreconditions                                  : loaded 3 times (x 71B)
Class com.google.gson.FieldNamingPolicy$3                                             : loaded 3 times (x 83B)
Class com.google.gson.internal.bind.TypeAdapters$23                                   : loaded 3 times (x 75B)
Class com.google.common.base.Suppliers$MemoizingSupplier                              : loaded 3 times (x 79B)
Class org.gradle.api.GradleException                                                  : loaded 3 times (x 82B)
Class com.google.common.collect.ImmutableEntry                                        : loaded 3 times (x 82B)
Class [Lcom.google.common.collect.AbstractMapEntry;                                   : loaded 3 times (x 69B)
Class com.google.gson.internal.Excluder$1                                             : loaded 3 times (x 74B)
Class com.google.gson.FieldNamingPolicy$2                                             : loaded 3 times (x 83B)
Class com.google.gson.internal.bind.TypeAdapters$22                                   : loaded 3 times (x 75B)
Class com.google.common.cache.CacheBuilder$3                                          : loaded 3 times (x 72B)
Class com.google.common.collect.ArrayListMultimap                                     : loaded 3 times (x 172B)
Class org.jetbrains.kotlin.cli.common.arguments.K2JVMCompilerArguments                : loaded 3 times (x 76B)
Class com.google.gson.FieldNamingPolicy$1                                             : loaded 3 times (x 83B)
Class com.google.gson.internal.bind.TypeAdapters$21                                   : loaded 3 times (x 75B)
Class com.google.common.base.CharMatcher$NegatedFastMatcher                           : loaded 3 times (x 113B)
Class com.google.common.cache.CacheBuilder$2                                          : loaded 3 times (x 79B)
Class com.google.common.cache.LocalCache                                              : loaded 3 times (x 187B)
Class com.google.gson.stream.JsonToken                                                : loaded 3 times (x 79B)
Class com.google.common.collect.ImmutableMap                                          : loaded 3 times (x 120B)
Class com.google.gson.internal.bind.TypeAdapters$20                                   : loaded 3 times (x 75B)
Class com.google.common.base.CharMatcher$InRange                                      : loaded 3 times (x 111B)
Class com.google.common.cache.CacheBuilder$1                                          : loaded 3 times (x 85B)
Class [Lcom.google.common.cache.LocalCache$Strength;                                  : loaded 3 times (x 69B)
Class [Lcom.google.common.cache.LocalCache$Segment;                                   : loaded 3 times (x 69B)
Class com.google.gson.internal.sql.SqlTimeTypeAdapter                                 : loaded 3 times (x 74B)
Class com.google.gson.internal.bind.TreeTypeAdapter                                   : loaded 3 times (x 75B)
Class com.google.common.base.CharMatcher$FastMatcher                                  : loaded 3 times (x 111B)
Class com.google.common.base.Ticker                                                   : loaded 3 times (x 72B)
Class com.google.common.collect.Sets                                                  : loaded 3 times (x 71B)
Class com.google.common.base.Strings                                                  : loaded 3 times (x 71B)
Class com.google.common.collect.AbstractMapBasedMultimap$WrappedCollection            : loaded 3 times (x 124B)
Class org.gradle.api.Action                                                           : loaded 3 times (x 70B)
Class org.gradle.internal.Cast                                                        : loaded 3 times (x 71B)
Class com.android.ide.common.repository.AgpVersion$Companion                          : loaded 3 times (x 71B)
Class com.google.gson.internal.bind.CollectionTypeAdapterFactory                      : loaded 3 times (x 75B)
Class com.google.common.base.Supplier                                                 : loaded 3 times (x 70B)
Class com.google.gson.JsonElement                                                     : loaded 3 times (x 92B)
Class com.google.common.base.CharMatcher$Or                                           : loaded 3 times (x 112B)
Class com.google.common.util.concurrent.AbstractFuture$Listener                       : loaded 3 times (x 72B)
Class [Lcom.google.gson.ReflectionAccessFilter$FilterResult;                          : loaded 3 times (x 69B)
Class com.google.common.io.Closer$Suppressor                                          : loaded 3 times (x 70B)
Class com.google.gson.JsonPrimitive                                                   : loaded 3 times (x 93B)
Class com.google.gson.internal.sql.SqlTimestampTypeAdapter$1                          : loaded 3 times (x 75B)
Class com.google.common.cache.CacheStats                                              : loaded 3 times (x 71B)
Class com.google.common.collect.RegularImmutableMap$Values                            : loaded 3 times (x 207B)
Class com.google.gson.ToNumberPolicy$1                                                : loaded 3 times (x 83B)
Class com.google.gson.reflect.TypeToken                                               : loaded 3 times (x 75B)
Class [Lcom.google.gson.FieldNamingStrategy;                                          : loaded 3 times (x 69B)
Class com.google.common.base.CharMatcher$BitSetMatcher                                : loaded 3 times (x 112B)
Class com.google.common.collect.ImmutableEnumSet                                      : loaded 3 times (x 146B)
Class com.google.common.io.Closer                                                     : loaded 3 times (x 78B)
Class com.google.common.util.concurrent.ExecutionError                                : loaded 3 times (x 82B)
Class [Lorg.jetbrains.kotlin.build.report.metrics.GradleBuildTime;                    : loaded 3 times (x 69B)
Class com.google.gson.JsonObject                                                      : loaded 3 times (x 93B)
Class com.google.gson.internal.Excluder                                               : loaded 3 times (x 75B)
Class com.google.common.reflect.Types$ClassOwnership                                  : loaded 3 times (x 80B)
Class com.google.gson.LongSerializationPolicy$2                                       : loaded 3 times (x 80B)
Class [Lcom.google.common.cache.CacheBuilder$NullListener;                            : loaded 3 times (x 69B)
Class com.google.common.math.IntMath$1                                                : loaded 3 times (x 71B)
Class com.google.gson.LongSerializationPolicy$1                                       : loaded 3 times (x 80B)
Class [Lcom.google.gson.stream.JsonToken;                                             : loaded 3 times (x 69B)
Class com.google.common.collect.Sets$SetView                                          : loaded 3 times (x 138B)
Class com.google.common.collect.Maps$8                                                : loaded 3 times (x 82B)
Class com.google.gson.JsonIOException                                                 : loaded 3 times (x 82B)
Class com.google.gson.internal.reflect.ReflectionHelper$RecordNotSupportedHelper      : loaded 3 times (x 78B)
Class com.google.gson.internal.bind.ReflectiveTypeAdapterFactory$RecordAdapter        : loaded 3 times (x 77B)
Class com.google.common.base.Platform                                                 : loaded 3 times (x 71B)
Class com.google.common.reflect.Invokable$MethodInvokable                             : loaded 3 times (x 107B)
Class com.google.common.cache.LocalCache$LoadingValueReference                        : loaded 3 times (x 96B)
Class [Lcom.google.common.collect.ImmutableEntry;                                     : loaded 3 times (x 69B)
Class com.google.gson.internal.sql.SqlDateTypeAdapter                                 : loaded 3 times (x 74B)
Class com.google.gson.Gson$FutureTypeAdapter                                          : loaded 3 times (x 76B)
Class com.google.common.collect.Maps                                                  : loaded 3 times (x 71B)
Class com.google.common.util.concurrent.LazyLogger                                    : loaded 3 times (x 72B)
Class com.google.common.reflect.Types$ClassOwnership$1LocalClass                      : loaded 3 times (x 71B)
Class com.google.gson.internal.ReflectionAccessFilterHelper                           : loaded 3 times (x 71B)
Class com.google.gson.JsonParseException                                              : loaded 3 times (x 82B)
Class com.google.common.cache.CacheBuilder$OneWeigher                                 : loaded 3 times (x 82B)
Class [Lorg.jetbrains.kotlin.cli.common.CompilerSystemProperties;                     : loaded 3 times (x 69B)
Class com.google.common.collect.ImmutableMapEntry$NonTerminalImmutableMapEntry        : loaded 3 times (x 85B)
Class com.google.gson.internal.reflect.ReflectionHelper$RecordHelper                  : loaded 3 times (x 75B)
Class com.google.gson.internal.bind.TypeAdapters$9                                    : loaded 3 times (x 75B)
Class com.google.common.base.Equivalence                                              : loaded 3 times (x 82B)
Class com.google.common.collect.ImmutableMapEntry                                     : loaded 3 times (x 85B)
Class com.google.gson.internal.bind.TypeAdapters$8                                    : loaded 3 times (x 75B)
Class com.google.gson.internal.bind.CollectionTypeAdapterFactory$Adapter              : loaded 3 times (x 74B)
Class org.jetbrains.kotlin.build.report.metrics.BuildTime                             : loaded 3 times (x 70B)
Class com.google.common.reflect.Types$TypeVariableInvocationHandler                   : loaded 3 times (x 75B)
Class com.google.gson.internal.bind.TypeAdapters$7                                    : loaded 3 times (x 75B)
Class com.google.common.math.IntMath                                                  : loaded 3 times (x 71B)
Class com.google.gson.annotations.SerializedName                                      : loaded 3 times (x 70B)
Class com.google.gson.internal.bind.TypeAdapters$6                                    : loaded 3 times (x 75B)
Class com.google.gson.internal.bind.TypeAdapters$19                                   : loaded 3 times (x 75B)
Class com.google.gson.internal.bind.ReflectiveTypeAdapterFactory$FieldReflectionAdapter: loaded 3 times (x 77B)
Class com.google.common.base.CharMatcher$IsNot                                        : loaded 3 times (x 111B)
Class com.google.common.cache.LocalCache$LocalManualCache                             : loaded 3 times (x 99B)
Class com.google.common.base.CommonPattern                                            : loaded 3 times (x 74B)
Class com.google.gson.internal.bind.TypeAdapters$5                                    : loaded 3 times (x 75B)
Class com.google.gson.internal.bind.TypeAdapters$18                                   : loaded 3 times (x 75B)
Class com.google.gson.internal.bind.SerializationDelegatingTypeAdapter                : loaded 3 times (x 74B)
Class [Lcom.google.common.cache.LocalCache$EntryFactory;                              : loaded 3 times (x 69B)
Class com.google.common.cache.LocalCache$EntryFactory$5                               : loaded 3 times (x 83B)
Class com.google.common.collect.RegularImmutableMap                                   : loaded 3 times (x 121B)
Class com.google.common.collect.ImmutableMap$MapViewOfValuesAsSingletonSets           : loaded 3 times (x 126B)
Class com.google.gson.annotations.JsonAdapter                                         : loaded 3 times (x 70B)
Class com.google.gson.ReflectionAccessFilter$FilterResult                             : loaded 3 times (x 79B)
Class com.google.common.collect.Maps$EntryTransformer                                 : loaded 3 times (x 70B)
Class com.google.gson.internal.bind.TypeAdapters$4                                    : loaded 3 times (x 75B)
Class com.google.gson.internal.bind.TypeAdapters$17                                   : loaded 3 times (x 75B)
Class com.google.common.reflect.TypeResolver$TypeTable$1                              : loaded 3 times (x 73B)
Class com.google.gson.internal.bind.TypeAdapters$3                                    : loaded 3 times (x 75B)
Class com.google.gson.internal.bind.TypeAdapters$16                                   : loaded 3 times (x 75B)
Class com.google.gson.internal.sql.SqlTypesSupport$2                                  : loaded 3 times (x 74B)
Class com.google.common.reflect.TypeCapture                                           : loaded 3 times (x 71B)
Class com.google.common.cache.CacheLoader$SupplierToCacheLoader                       : loaded 3 times (x 75B)
Class com.google.common.reflect.TypeResolver$TypeTable                                : loaded 3 times (x 73B)
Class com.google.gson.ToNumberPolicy$2                                                : loaded 3 times (x 83B)
Class Build_gradle                                                                    : loaded 3 times (x 126B)
Class com.google.gson.internal.bind.TypeAdapters$15                                   : loaded 3 times (x 75B)
Class com.google.gson.internal.bind.TypeAdapters$2                                    : loaded 3 times (x 75B)
Class com.google.gson.internal.sql.SqlTypesSupport$1                                  : loaded 3 times (x 74B)
Class com.google.gson.internal.bind.ReflectiveTypeAdapterFactory$FieldsData           : loaded 3 times (x 72B)
Class com.google.common.base.FunctionalEquivalence                                    : loaded 3 times (x 83B)
Class com.google.common.util.concurrent.AbstractFuture                                : loaded 3 times (x 106B)
Class com.google.common.collect.AbstractMapBasedMultimap                              : loaded 3 times (x 139B)
Class com.google.common.cache.LocalCache$EntryFactory$6                               : loaded 3 times (x 83B)
Class com.google.common.base.Converter                                                : loaded 3 times (x 90B)
Class com.google.gson.internal.bind.TypeAdapters$14                                   : loaded 3 times (x 75B)
Class com.google.gson.internal.bind.TypeAdapters$1                                    : loaded 3 times (x 75B)
Class com.google.gson.internal.bind.NumberTypeAdapter$1                               : loaded 3 times (x 76B)
Class com.google.common.cache.ReferenceEntry                                          : loaded 3 times (x 70B)
Class org.jetbrains.kotlin.build.report.metrics.GradleBuildTime$Companion             : loaded 3 times (x 71B)
Class com.google.common.util.concurrent.ListenableFuture                              : loaded 3 times (x 70B)
Class com.google.gson.ToNumberPolicy$3                                                : loaded 3 times (x 83B)
Class com.google.common.collect.ImmutableSet$EmptySetBuilderImpl                      : loaded 3 times (x 76B)
Class com.google.gson.internal.bind.TypeAdapters$13                                   : loaded 3 times (x 75B)
Class com.google.common.base.CharMatcher$AnyOf                                        : loaded 3 times (x 112B)
Class [Lcom.google.gson.ToNumberStrategy;                                             : loaded 3 times (x 69B)
Class com.google.gson.internal.bind.TypeAdapters$12                                   : loaded 3 times (x 75B)
Class com.google.common.base.CharMatcher$ForPredicate                                 : loaded 3 times (x 112B)
Class com.android.utils.FileUtils                                                     : loaded 3 times (x 71B)
Class com.google.common.cache.LocalCache$LocalManualCache$1                           : loaded 3 times (x 75B)
Class com.android.ide.common.repository.AgpVersion$PreviewKind$Companion              : loaded 3 times (x 71B)
Class com.google.common.cache.LocalCache$EntryFactory$7                               : loaded 3 times (x 83B)
Class [Lcom.google.gson.FieldNamingPolicy;                                            : loaded 3 times (x 69B)
Class com.google.gson.internal.bind.TypeAdapters$11                                   : loaded 3 times (x 75B)
Class com.google.common.util.concurrent.internal.InternalFutureFailureAccess          : loaded 3 times (x 72B)
Class com.google.common.collect.ImmutableSet$JdkBackedSetBuilderImpl                  : loaded 3 times (x 76B)
Class com.google.common.collect.ImmutableBiMap                                        : loaded 3 times (x 143B)
Class com.google.gson.ToNumberPolicy$4                                                : loaded 3 times (x 83B)
Class com.google.gson.internal.bind.TypeAdapters$10                                   : loaded 3 times (x 75B)
Class com.google.gson.internal.bind.ReflectiveTypeAdapterFactory$Adapter              : loaded 3 times (x 77B)
Class com.google.common.cache.CacheLoader                                             : loaded 3 times (x 74B)
Class com.google.common.collect.AbstractListMultimap                                  : loaded 3 times (x 172B)
Class com.google.common.cache.LocalCache$Segment                                      : loaded 3 times (x 154B)
Class com.google.common.reflect.TypeToken$2                                           : loaded 3 times (x 110B)
Class com.google.common.collect.ImmutableMap$IteratorBasedImmutableMap                : loaded 3 times (x 126B)
Class com.google.common.collect.Maps$EntrySet                                         : loaded 3 times (x 136B)
Class com.google.gson.internal.sql.SqlDateTypeAdapter$1                               : loaded 3 times (x 75B)
Class com.google.common.cache.LocalCache$ComputingValueReference                      : loaded 3 times (x 96B)
Class com.google.gson.internal.bind.TypeAdapters$30                                   : loaded 3 times (x 76B)
Class com.google.gson.internal.bind.JsonTreeReader                                    : loaded 3 times (x 98B)
Class com.google.gson.TypeAdapterFactory                                              : loaded 3 times (x 70B)
Class org.jetbrains.kotlin.util.capitalizeDecapitalize.CapitalizeDecapitalizeKt       : loaded 3 times (x 71B)
Class com.google.common.reflect.TypeToken$1                                           : loaded 3 times (x 110B)
Class com.google.common.cache.LocalCache$EntryFactory$8                               : loaded 3 times (x 83B)
Class com.google.gson.internal.sql.SqlTimestampTypeAdapter                            : loaded 3 times (x 76B)
Class com.google.gson.internal.bind.ReflectiveTypeAdapterFactory                      : loaded 3 times (x 75B)
Class com.google.common.base.Suppliers$SupplierOfInstance                             : loaded 3 times (x 79B)
Class com.google.gson.internal.JsonReaderInternalAccess                               : loaded 3 times (x 72B)
Class org.jetbrains.kotlin.cli.common.arguments.Freezable                             : loaded 3 times (x 72B)
Class com.google.gson.internal.sql.SqlTypesSupport                                    : loaded 3 times (x 71B)
Class com.google.common.base.JdkPattern                                               : loaded 3 times (x 75B)
Class [Lcom.google.common.reflect.Types$JavaVersion;                                  : loaded 3 times (x 69B)
Class com.google.gson.Gson                                                            : loaded 3 times (x 72B)
Class com.google.gson.internal.bind.JsonTreeWriter                                    : loaded 3 times (x 98B)
Class com.google.gson.internal.bind.ArrayTypeAdapter$1                                : loaded 3 times (x 75B)
Class com.google.common.cache.CacheBuilder                                            : loaded 3 times (x 72B)
Class org.jetbrains.kotlin.cli.common.arguments.K2JVMCompilerArgumentsConfigurator    : loaded 3 times (x 74B)
Class com.google.common.cache.CacheLoader$1                                           : loaded 3 times (x 75B)
Class com.google.common.base.ExtraObjectsMethodsForWeb                                : loaded 3 times (x 71B)
Class com.google.common.reflect.TypeToken                                             : loaded 3 times (x 73B)
Class com.google.gson.Gson$1                                                          : loaded 3 times (x 76B)
Class com.google.common.primitives.IntsMethodsForWeb                                  : loaded 3 times (x 71B)
Class com.google.common.reflect.Invokable$ConstructorInvokable                        : loaded 3 times (x 107B)
Class com.google.gson.ToNumberPolicy                                                  : loaded 3 times (x 83B)
Class [Lcom.google.gson.ToNumberPolicy;                                               : loaded 3 times (x 69B)
Class com.google.common.cache.RemovalListener                                         : loaded 3 times (x 70B)
Class com.google.common.base.Present                                                  : loaded 3 times (x 81B)
Class com.google.common.collect.ImmutableMap$Builder                                  : loaded 3 times (x 82B)
Class com.google.common.util.concurrent.AbstractFuture$Cancellation                   : loaded 3 times (x 72B)
Class org.jetbrains.kotlin.build.report.metrics.BuildMetricsReporter                  : loaded 3 times (x 70B)
Class com.google.common.base.NullnessCasts                                            : loaded 3 times (x 71B)
Class com.google.gson.stream.JsonReader$1                                             : loaded 3 times (x 72B)
Class com.google.common.cache.Cache                                                   : loaded 3 times (x 70B)
Class com.google.common.cache.LocalCache$Strength                                     : loaded 3 times (x 81B)
Class com.google.common.cache.Weigher                                                 : loaded 3 times (x 70B)
Class com.google.common.collect.ImmutableMapEntrySet                                  : loaded 3 times (x 152B)
Class com.google.gson.internal.ObjectConstructor                                      : loaded 3 times (x 70B)
Class com.google.common.cache.AbstractCache$StatsCounter                              : loaded 3 times (x 70B)
Class com.google.common.collect.ArrayListMultimapGwtSerializationDependencies         : loaded 3 times (x 172B)
Class com.google.common.collect.Multiset                                              : loaded 3 times (x 70B)
Class com.google.common.math.MathPreconditions                                        : loaded 3 times (x 71B)
Class com.google.common.base.Platform$JdkPatternCompiler                              : loaded 3 times (x 75B)
Class com.google.common.collect.ObjectArrays                                          : loaded 3 times (x 71B)
Class com.android.ide.common.repository.AgpVersion                                    : loaded 3 times (x 75B)
Class com.google.gson.Gson$2                                                          : loaded 3 times (x 76B)
Class com.google.common.primitives.Ints                                               : loaded 3 times (x 71B)
Class com.google.common.base.Absent                                                   : loaded 3 times (x 80B)
Class com.google.common.reflect.Reflection                                            : loaded 3 times (x 71B)
Class com.google.common.base.Objects                                                  : loaded 3 times (x 71B)
Class [Lcom.google.common.cache.CacheBuilder$OneWeigher;                              : loaded 3 times (x 69B)
Class com.google.common.base.Suppliers                                                : loaded 3 times (x 71B)
Class com.google.common.collect.BiMap                                                 : loaded 3 times (x 70B)
Class com.google.common.collect.ImmutableMap$1                                        : loaded 3 times (x 81B)
Class com.google.gson.internal.bind.JsonAdapterAnnotationTypeAdapterFactory$DummyTypeAdapterFactory: loaded 3 times (x 75B)
Class com.google.gson.internal.bind.TypeAdapters$31                                   : loaded 3 times (x 76B)
Class com.google.gson.JsonSyntaxException                                             : loaded 3 times (x 82B)
Class com.google.common.collect.IndexedImmutableSet                                   : loaded 3 times (x 152B)
Class com.google.gson.TypeAdapter                                                     : loaded 3 times (x 73B)
Class com.google.gson.ToNumberStrategy                                                : loaded 3 times (x 70B)
Class com.google.gson.internal.bind.ReflectiveTypeAdapterFactory$2                    : loaded 3 times (x 79B)
Class com.google.common.base.CharMatcher$And                                          : loaded 3 times (x 112B)
Class com.google.common.cache.CacheLoader$UnsupportedLoadingOperationException        : loaded 3 times (x 82B)
Class com.google.gson.internal.bind.ReflectiveTypeAdapterFactory$1                    : loaded 3 times (x 74B)
Class com.google.gson.internal.bind.DefaultDateTypeAdapter$DateType                   : loaded 3 times (x 73B)
Class com.google.common.util.concurrent.UncheckedExecutionException                   : loaded 3 times (x 82B)
Class [Lorg.jetbrains.kotlin.build.report.metrics.BuildTime;                          : loaded 3 times (x 69B)
Class com.google.common.reflect.Types$TypeVariableImpl                                : loaded 3 times (x 72B)
Class com.google.gson.internal.bind.ReflectiveTypeAdapterFactory$BoundField           : loaded 3 times (x 75B)
Class com.google.common.util.concurrent.AbstractFuture$Trusted                        : loaded 3 times (x 70B)
Class com.google.common.base.Optional                                                 : loaded 3 times (x 80B)
Class com.google.gson.Gson$3                                                          : loaded 3 times (x 75B)
Class com.google.gson.internal.sql.SqlTimeTypeAdapter$1                               : loaded 3 times (x 75B)
Class com.google.gson.internal.bind.MapTypeAdapterFactory$Adapter                     : loaded 3 times (x 74B)
Class com.google.common.cache.LocalCache$2                                            : loaded 3 times (x 142B)
Class com.google.common.collect.AbstractMultimap                                      : loaded 3 times (x 123B)
Class com.google.common.collect.Iterables                                             : loaded 3 times (x 71B)
Class com.google.common.collect.Sets$ImprovedAbstractSet                              : loaded 3 times (x 135B)
Class com.google.common.reflect.TypeToken$SimpleTypeToken                             : loaded 3 times (x 73B)
Class com.google.common.collect.AbstractMapEntry                                      : loaded 3 times (x 81B)
Class com.google.gson.internal.bind.DefaultDateTypeAdapter$1                          : loaded 3 times (x 75B)
Class com.google.gson.internal.bind.TypeAdapterRuntimeTypeWrapper                     : loaded 3 times (x 74B)
Class com.google.common.cache.LocalCache$1                                            : loaded 3 times (x 89B)
Class com.google.common.collect.SingletonImmutableBiMap                               : loaded 3 times (x 143B)
Class com.intellij.gradle.toolingExtension.util.GradleVersionUtil                     : loaded 3 times (x 71B)
Class com.google.gson.Gson$4                                                          : loaded 3 times (x 76B)
Class com.google.gson.stream.JsonWriter                                               : loaded 3 times (x 98B)
Class org.jetbrains.kotlin.build.report.metrics.GradleBuildTime                       : loaded 3 times (x 86B)
Class com.google.common.collect.Platform                                              : loaded 3 times (x 71B)
Class com.google.gson.internal.Primitives                                             : loaded 3 times (x 71B)
Class com.google.gson.GsonBuilder                                                     : loaded 3 times (x 72B)
Class com.google.gson.internal.bind.DefaultDateTypeAdapter                            : loaded 3 times (x 74B)
Class com.google.common.base.MoreObjects                                              : loaded 3 times (x 71B)
Class com.google.gson.internal.ConstructorConstructor                                 : loaded 3 times (x 72B)
Class com.google.common.reflect.TypeResolver$TypeVariableKey                          : loaded 3 times (x 72B)
Class com.google.common.reflect.Types$JavaVersion                                     : loaded 3 times (x 83B)
Class com.google.gson.Gson$5                                                          : loaded 3 times (x 76B)
Class com.google.common.cache.CacheLoader$FunctionToCacheLoader                       : loaded 3 times (x 75B)
Class com.google.common.reflect.Types$ParameterizedTypeImpl                           : loaded 3 times (x 81B)
Class com.google.gson.LongSerializationPolicy                                         : loaded 3 times (x 80B)
Class com.google.common.cache.CacheBuilder$NullListener                               : loaded 3 times (x 82B)
Class com.google.common.reflect.Invokable                                             : loaded 3 times (x 103B)
Class com.google.common.collect.MapDifference                                         : loaded 3 times (x 70B)
Class com.google.common.cache.LocalCache$Strength$3                                   : loaded 3 times (x 81B)
Class com.google.common.collect.TransformedIterator                                   : loaded 3 times (x 80B)
Class com.google.common.cache.LocalCache$Strength$2                                   : loaded 3 times (x 81B)
Class com.google.common.reflect.Types$ClassOwnership$3                                : loaded 3 times (x 71B)
Class com.google.common.cache.LocalCache$Strength$1                                   : loaded 3 times (x 81B)
Class com.google.common.collect.Sets$4                                                : loaded 3 times (x 139B)
Class com.google.common.reflect.TypeResolver                                          : loaded 3 times (x 72B)
Class com.google.common.reflect.Types$ClassOwnership$2                                : loaded 3 times (x 80B)
Class com.google.gson.internal.bind.TypeAdapters$32                                   : loaded 3 times (x 76B)
Class com.google.common.cache.LocalCache$LocalLoadingCache                            : loaded 3 times (x 134B)
Class com.google.common.collect.Sets$3                                                : loaded 3 times (x 139B)
Class org.jetbrains.kotlin.cli.common.CompilerSystemProperties                        : loaded 3 times (x 80B)
Class com.google.common.reflect.Types$ClassOwnership$1                                : loaded 3 times (x 80B)
Class com.google.gson.FieldNamingStrategy                                             : loaded 3 times (x 70B)
Class com.google.gson.JsonArray                                                       : loaded 3 times (x 100B)
Class com.google.common.collect.Sets$2                                                : loaded 3 times (x 139B)
Class com.google.common.collect.Maps$ViewCachingAbstractMap                           : loaded 3 times (x 125B)
Class com.google.gson.FieldNamingPolicy                                               : loaded 3 times (x 83B)
Class com.google.gson.FormattingStyle                                                 : loaded 3 times (x 78B)
Class com.google.gson.internal.bind.TypeAdapters                                      : loaded 3 times (x 71B)
Class com.google.common.collect.Sets$1                                                : loaded 3 times (x 139B)
Class org.jetbrains.kotlin.buildtools.api.jvm.ClassSnapshotGranularity                : loaded 3 times (x 79B)
Class com.google.common.collect.ImmutableSet$SerializedForm                           : loaded 3 times (x 73B)
Class com.google.common.collect.ImmutableEnumMap                                      : loaded 3 times (x 126B)
Class com.google.common.collect.ListMultimap                                          : loaded 3 times (x 70B)
Class [Lcom.android.ide.common.repository.AgpVersion$PreviewKind;                     : loaded 3 times (x 69B)
Class [Lcom.google.common.collect.ImmutableMapEntry;                                  : loaded 3 times (x 69B)
Class com.google.gson.internal.bind.ObjectTypeAdapter                                 : loaded 3 times (x 74B)
Class com.android.tools.r8.internal.mn0                                               : loaded 2 times (x 78B)
Class com.android.tools.r8.internal.xd2$a                                             : loaded 2 times (x 76B)
Class com.android.tools.r8.internal.y64                                               : loaded 2 times (x 78B)
Class com.android.tools.r8.internal.ep                                                : loaded 2 times (x 79B)
Class com.android.tools.r8.graph.d6                                                   : loaded 2 times (x 121B)
Class com.android.tools.r8.internal.nl1                                               : loaded 2 times (x 71B)
Class com.android.tools.r8.internal.j9                                                : loaded 2 times (x 87B)
Class com.android.tools.r8.internal.c11                                               : loaded 2 times (x 96B)
Class [Lcom.android.tools.r8.graph.g3;                                                : loaded 2 times (x 69B)
Class com.android.tools.r8.internal.ab4                                               : loaded 2 times (x 70B)
Class com.android.tools.r8.internal.of                                                : loaded 2 times (x 72B)
Class com.android.tools.r8.graph.q3                                                   : loaded 2 times (x 73B)
Class com.android.tools.r8.graph.n2$b                                                 : loaded 2 times (x 129B)
Class com.android.tools.r8.graph.ic                                                   : loaded 2 times (x 70B)
Class com.android.tools.r8.internal.s51                                               : loaded 2 times (x 124B)
Class org.jetbrains.kotlin.build.report.metrics.BuildPerformanceMetrics               : loaded 2 times (x 72B)
Class javax.xml.bind.DatatypeConverterInterface                                       : loaded 2 times (x 70B)
Class [Lcom.sun.xml.bind.v2.runtime.property.Property;                                : loaded 2 times (x 69B)
Class com.sun.xml.bind.v2.runtime.reflect.Utils                                       : loaded 2 times (x 71B)
Class javax.xml.bind.annotation.XmlEnum                                               : loaded 2 times (x 70B)
Class com.sun.xml.bind.v2.runtime.JAXBContextImpl$2                                   : loaded 2 times (x 78B)
Class com.android.repository.impl.meta.RemotePackageImpl$ChannelRef                   : loaded 2 times (x 73B)
Class com.android.sdklib.repository.meta.DetailsTypes$ApiDetailsType                  : loaded 2 times (x 70B)
Class com.android.sdklib.SdkVersionInfo                                               : loaded 2 times (x 71B)
Class com.android.build.gradle.internal.dependency.DexingOutputSplitTransform         : loaded 2 times (x 78B)
Class com.android.build.gradle.internal.SdkComponentsBuildService$Parameters$Inject_  : loaded 2 times (x 120B)
Class com.android.build.gradle.internal.scope.InternalArtifactType$DEX_NUMBER_OF_BUCKETS_FILE: loaded 2 times (x 74B)
Class com.android.build.gradle.internal.scope.InternalArtifactType$GLOBAL_SYNTHETICS_DEX: loaded 2 times (x 74B)
Class org.jetbrains.kotlin.gradle.report.ReportingSettings$Companion                  : loaded 2 times (x 71B)
Class org.jetbrains.kotlin.tooling.core.TypeUtils                                     : loaded 2 times (x 71B)
Class com.google.wireless.android.sdk.stats.GradleBuildProfile$Builder                : loaded 2 times (x 348B)
Class com.google.protobuf.UnknownFieldSet                                             : loaded 2 times (x 87B)
Class [Lcom.android.tools.r8.internal.q0;                                             : loaded 2 times (x 69B)
Class com.google.gson.internal.bind.TypeAdapters$33                                   : loaded 2 times (x 76B)
Class com.android.build.gradle.options.SyncOptions$EvaluationMode                     : loaded 2 times (x 79B)
Class com.android.tools.r8.internal.et2                                               : loaded 2 times (x 71B)
Class com.android.tools.r8.internal.i24                                               : loaded 2 times (x 116B)
Class org.jetbrains.kotlin.idea.projectModel.KotlinTaskProperties                     : loaded 2 times (x 70B)
Class org.jetbrains.plugins.gradle.tooling.serialization.internal.IdeaProjectSerializationService: loaded 2 times (x 77B)
Class com.google.common.collect.Ordering                                              : loaded 2 times (x 114B)
Class kotlin.sequences.SequencesKt___SequencesKt$flatMap$2                            : loaded 2 times (x 129B)
Class com.android.tools.r8.graph.va                                                   : loaded 2 times (x 74B)
Class com.android.tools.r8.internal.rn                                                : loaded 2 times (x 123B)
Class org.jetbrains.kotlin.gradle.plugin.InternalSubpluginOption                      : loaded 2 times (x 72B)
Class [Lorg.apache.commons.io.StandardLineSeparator;                                  : loaded 2 times (x 69B)
Class org.apache.commons.io.output.StringBuilderWriter                                : loaded 2 times (x 100B)
Class com.android.tools.r8.internal.fb0                                               : loaded 2 times (x 161B)
Class com.android.tools.r8.internal.ym0                                               : loaded 2 times (x 161B)
Class com.android.tools.r8.internal.s52                                               : loaded 2 times (x 79B)
Class com.android.tools.r8.graph.id                                                   : loaded 2 times (x 106B)
Class com.android.tools.r8.internal.hx                                                : loaded 2 times (x 71B)
Class com.android.tools.r8.internal.vf0                                               : loaded 2 times (x 163B)
Class com.android.tools.r8.internal.ck4                                               : loaded 2 times (x 71B)
Class com.android.tools.r8.internal.ph4                                               : loaded 2 times (x 243B)
Class com.android.tools.r8.internal.h44                                               : loaded 2 times (x 78B)
Class com.android.tools.r8.internal.ux3                                               : loaded 2 times (x 301B)
Class com.android.tools.r8.internal.ao2                                               : loaded 2 times (x 73B)
Class com.android.tools.r8.internal.t0                                                : loaded 2 times (x 253B)
Class com.android.tools.r8.internal.eq                                                : loaded 2 times (x 70B)
Class com.android.tools.r8.internal.lp0                                               : loaded 2 times (x 174B)
Class com.android.tools.r8.graph.d7                                                   : loaded 2 times (x 70B)
Class com.android.builder.packaging.JarFlinger                                        : loaded 2 times (x 88B)
Class com.android.build.gradle.internal.tasks.TestPreBuildTask_Decorated              : loaded 2 times (x 385B)
Class com.android.build.gradle.tasks.CompileNavigationXmlTask_Decorated               : loaded 2 times (x 393B)
Class org.objectweb.asm.tree.ClassNode                                                : loaded 2 times (x 91B)
Class com.android.tools.r8.a                                                          : loaded 2 times (x 71B)
Class com.android.tools.r8.internal.q90                                               : loaded 2 times (x 70B)
Class com.android.tools.r8.internal.og                                                : loaded 2 times (x 83B)
Class com.android.tools.r8.internal.n20                                               : loaded 2 times (x 70B)
Class com.android.tools.r8.synthesis.k                                                : loaded 2 times (x 70B)
Class com.android.tools.r8.graph.a0                                                   : loaded 2 times (x 74B)
Class com.android.tools.r8.internal.mn1                                               : loaded 2 times (x 80B)
Class com.android.tools.r8.graph.q4                                                   : loaded 2 times (x 72B)
Class com.android.tools.r8.internal.dv2                                               : loaded 2 times (x 71B)
Class com.android.build.gradle.internal.utils.DesugarConfigJson                       : loaded 2 times (x 78B)
Class com.sun.xml.bind.v2.runtime.unmarshaller.TagName                                : loaded 2 times (x 75B)
Class javax.xml.bind.PropertyException                                                : loaded 2 times (x 85B)
Class com.sun.xml.bind.v2.runtime.reflect.ListTransducedAccessorImpl                  : loaded 2 times (x 80B)
Class com.sun.xml.bind.v2.model.impl.RuntimeBuiltinLeafInfoImpl$StringImplImpl        : loaded 2 times (x 136B)
Class com.sun.xml.bind.v2.model.impl.RuntimeClassInfoImpl                             : loaded 2 times (x 162B)
Class com.sun.xml.bind.v2.runtime.Transducer                                          : loaded 2 times (x 70B)
Class com.sun.istack.Pool$Impl                                                        : loaded 2 times (x 77B)
Class com.sun.xml.bind.v2.runtime.JAXBContextImpl$3                                   : loaded 2 times (x 74B)
Class com.android.repository.impl.generated.v2.LocalPackage                           : loaded 2 times (x 140B)
Class com.android.repository.impl.meta.PackageDisplayNameQualifier                    : loaded 2 times (x 70B)
Class com.android.builder.model.v2.models.AndroidDsl                                  : loaded 2 times (x 70B)
Class com.android.build.gradle.internal.SdkComponentsBuildService$sdkDirectoryProvider$1: loaded 2 times (x 75B)
Class com.android.build.gradle.internal.scope.InternalArtifactType$APP_METADATA       : loaded 2 times (x 74B)
Class org.jetbrains.kotlin.gradle.plugin.diagnostics.ToolingDiagnostic                : loaded 2 times (x 72B)
Class com.android.tools.r8.internal.zk0                                               : loaded 2 times (x 171B)
Class com.google.protobuf.Internal                                                    : loaded 2 times (x 71B)
Class com.google.gson.internal.bind.TypeAdapters$34                                   : loaded 2 times (x 76B)
Class com.android.tools.r8.internal.jg0                                               : loaded 2 times (x 170B)
Class com.android.build.gradle.internal.plugins.AppPlugin                             : loaded 2 times (x 97B)
Class com.amazon.ion.impl.lite.IonSystemLite                                          : loaded 2 times (x 275B)
Class com.amazon.ion.util.InputStreamInterceptor                                      : loaded 2 times (x 70B)
Class com.amazon.ion.impl.bin.IonRawBinaryWriter$PreallocationMode                    : loaded 2 times (x 82B)
Class com.amazon.ion.impl.bin._Private_IonRawWriter                                   : loaded 2 times (x 70B)
Class com.amazon.ion.IonWriter                                                        : loaded 2 times (x 70B)
Class kotlin.text.StringsKt__AppendableKt                                             : loaded 2 times (x 71B)
Class com.google.common.collect.ImmutableRangeSet                                     : loaded 2 times (x 115B)
Class org.gradle.tooling.internal.gradle.DefaultProjectIdentifier                     : loaded 2 times (x 86B)
Class com.google.common.collect.Iterators$EmptyModifiableIterator                     : loaded 2 times (x 86B)
Class com.android.tools.r8.internal.hk0                                               : loaded 2 times (x 161B)
Class com.android.tools.r8.internal.ra0                                               : loaded 2 times (x 161B)
Class com.android.tools.r8.internal.ed0                                               : loaded 2 times (x 164B)
Class com.android.tools.r8.internal.uh0                                               : loaded 2 times (x 167B)
Class [Lcom.android.tools.r8.graph.e7;                                                : loaded 2 times (x 69B)
Class com.android.tools.r8.graph.ja$a                                                 : loaded 2 times (x 80B)
Class com.android.tools.r8.internal.vf1                                               : loaded 2 times (x 82B)
Class com.android.tools.r8.internal.pu2                                               : loaded 2 times (x 128B)
Class com.android.tools.r8.synthesis.l                                                : loaded 2 times (x 75B)
Class com.google.common.base.Splitter                                                 : loaded 2 times (x 72B)
Class com.android.tools.r8.dex.a0                                                     : loaded 2 times (x 73B)
Class com.android.build.gradle.tasks.MapSourceSetPathsTask_Decorated                  : loaded 2 times (x 407B)
Class org.jetbrains.kotlin.statistics.metrics.BooleanAnonymizationPolicy              : loaded 2 times (x 85B)
Class org.jetbrains.kotlin.statistics.metrics.BooleanOverridePolicy$OVERRIDE          : loaded 2 times (x 85B)
Class org.jetbrains.kotlin.gradle.tasks.KotlinCompile$createCompilerArguments$1$2$1   : loaded 2 times (x 79B)
Class com.android.tools.r8.internal.oj4                                               : loaded 2 times (x 116B)
Class com.android.tools.r8.internal.q91                                               : loaded 2 times (x 72B)
Class com.android.tools.r8.internal.xo0                                               : loaded 2 times (x 87B)
Class com.android.tools.r8.graph.d8                                                   : loaded 2 times (x 94B)
Class com.android.tools.r8.shaking.i                                                  : loaded 2 times (x 138B)
Class com.android.tools.r8.graph.q5                                                   : loaded 2 times (x 72B)
Class com.android.tools.r8.graph.a1                                                   : loaded 2 times (x 70B)
Class com.android.tools.r8.internal.n21                                               : loaded 2 times (x 83B)
Class com.android.tools.r8.internal.tz3                                               : loaded 2 times (x 203B)
Class org.jetbrains.kotlin.incremental.ClasspathChanges                               : loaded 2 times (x 71B)
Class com.sun.xml.bind.v2.model.impl.AttributePropertyInfoImpl                        : loaded 2 times (x 124B)
Class com.sun.xml.bind.v2.model.impl.RuntimeMapPropertyInfoImpl                       : loaded 2 times (x 137B)
Class com.sun.xml.bind.v2.model.impl.MapPropertyInfoImpl                              : loaded 2 times (x 119B)
Class com.sun.xml.bind.v2.model.impl.DummyPropertyInfo                                : loaded 2 times (x 70B)
Class com.android.sdklib.repository.generated.repository.v4.PlatformDetailsType       : loaded 2 times (x 129B)
Class com.sun.xml.bind.v2.model.core.Element                                          : loaded 2 times (x 70B)
Class com.android.sdklib.repository.legacy.FileOp                                     : loaded 2 times (x 77B)
Class com.android.tools.r8.synthesis.j                                                : loaded 2 times (x 71B)
Class com.android.build.api.artifact.impl.InternalScopedArtifacts$InternalScope       : loaded 2 times (x 79B)
Class com.android.tools.r8.internal.wd0                                               : loaded 2 times (x 161B)
Class org.objectweb.asm.AnnotationVisitor                                             : loaded 2 times (x 78B)
Class com.android.ide.common.gradle.Numeric                                           : loaded 2 times (x 77B)
Class org.jetbrains.kotlin.gradle.fus.BuildUidService$Companion                       : loaded 2 times (x 71B)
Class com.android.tools.r8.internal.ut                                                : loaded 2 times (x 75B)
Class com.android.tools.r8.internal.hw                                                : loaded 2 times (x 78B)
Class com.android.build.gradle.internal.cxx.json.PlainFileGsonTypeAdaptor             : loaded 2 times (x 75B)
Class com.amazon.ion.impl._Private_IonContainer                                       : loaded 2 times (x 70B)
Class com.intellij.gradle.toolingExtension.impl.model.buildScriptClasspathModel.GradleBuildScriptClasspathSerializationService$ReadContext: loaded 2 times (x 72B)
Class com.google.common.collect.Iterators$PeekingImpl                                 : loaded 2 times (x 85B)
Class com.google.common.collect.ComparatorOrdering                                    : loaded 2 times (x 115B)
Class org.gradle.api.internal.DefaultClassPathProvider                                : loaded 2 times (x 76B)
Class com.android.build.gradle.internal.tasks.DexMergingTaskDelegate$Companion        : loaded 2 times (x 71B)
Class com.google.common.collect.MapMakerInternalMap$Strength$1                        : loaded 2 times (x 80B)
Class com.android.tools.r8.internal.tj0                                               : loaded 2 times (x 161B)
Class com.android.tools.r8.internal.gm0                                               : loaded 2 times (x 161B)
Class com.android.tools.r8.internal.b33                                               : loaded 2 times (x 71B)
Class com.android.tools.r8.internal.ow2                                               : loaded 2 times (x 70B)
Class com.android.tools.r8.internal.ke4                                               : loaded 2 times (x 73B)
Class com.android.tools.r8.internal.xo1                                               : loaded 2 times (x 82B)
Class com.android.tools.r8.shaking.m3                                                 : loaded 2 times (x 73B)
Class com.android.tools.r8.internal.df0                                               : loaded 2 times (x 161B)
Class com.android.tools.r8.internal.ii2                                               : loaded 2 times (x 73B)
Class com.android.tools.r8.internal.a52                                               : loaded 2 times (x 86B)
Class com.android.tools.r8.internal.t2                                                : loaded 2 times (x 85B)
Class com.android.tools.r8.references.Reference                                       : loaded 2 times (x 71B)
Class com.android.tools.r8.internal.bl                                                : loaded 2 times (x 73B)
Class com.android.tools.r8.internal.oi                                                : loaded 2 times (x 82B)
Class com.android.tools.r8.c                                                          : loaded 2 times (x 71B)
Class com.android.tools.r8.internal.ra1                                               : loaded 2 times (x 74B)
Class com.android.tools.r8.shaking.j                                                  : loaded 2 times (x 72B)
Class com.android.tools.r8.internal.qc0                                               : loaded 2 times (x 110B)
Class com.android.tools.r8.graph.d9                                                   : loaded 2 times (x 74B)
Class com.android.tools.r8.internal.vf2                                               : loaded 2 times (x 75B)
Class com.android.tools.r8.internal.n22                                               : loaded 2 times (x 74B)
Class com.android.tools.r8.internal.rp                                                : loaded 2 times (x 124B)
Class com.android.tools.r8.kotlin.z0                                                  : loaded 2 times (x 71B)
Class [Lcom.android.tools.r8.graph.q6;                                                : loaded 2 times (x 69B)
Class com.android.tools.r8.dex.n0                                                     : loaded 2 times (x 71B)
Class com.android.tools.r8.graph.q6                                                   : loaded 2 times (x 165B)
Class com.android.tools.r8.internal.hk1                                               : loaded 2 times (x 85B)
Class [Lcom.google.common.collect.AbstractIterator$State;                             : loaded 2 times (x 69B)
Class com.google.common.io.CharSource$ConcatenatedCharSource                          : loaded 2 times (x 86B)
Class com.android.build.gradle.internal.manifest.LazyManifestParser$issueReporter$1   : loaded 2 times (x 74B)
Class org.jetbrains.kotlin.statistics.metrics.NumericalMetrics                        : loaded 2 times (x 80B)
Class com.android.tools.r8.internal.hz                                                : loaded 2 times (x 70B)
Class com.android.tools.r8.synthesis.m                                                : loaded 2 times (x 74B)
Class com.android.tools.r8.internal.o03                                               : loaded 2 times (x 95B)
Class com.android.tools.r8.internal.wd3                                               : loaded 2 times (x 72B)
Class com.android.tools.r8.internal.uh1                                               : loaded 2 times (x 71B)
Class com.android.tools.r8.internal.uw                                                : loaded 2 times (x 71B)
Class com.android.tools.r8.internal.z11                                               : loaded 2 times (x 139B)
Class com.android.build.gradle.internal.scope.InternalArtifactType$BUILT_IN_KAPT_GENERATED_JAVA_SOURCES: loaded 2 times (x 74B)
Class com.android.build.gradle.internal.EmulatorComponents$Companion$build$fileExists$1: loaded 2 times (x 75B)
Class com.sun.xml.bind.v2.runtime.property.PropertyFactory$1                          : loaded 2 times (x 71B)
Class com.sun.xml.bind.v2.runtime.property.ArrayProperty                              : loaded 2 times (x 102B)
Class com.android.sdklib.repository.generated.addon.v3.MavenType                      : loaded 2 times (x 80B)
Class com.sun.xml.bind.v2.model.core.ID                                               : loaded 2 times (x 79B)
Class com.sun.xml.bind.v2.model.impl.ClassInfoImpl$PropertyGroup                      : loaded 2 times (x 79B)
Class com.sun.xml.bind.v2.model.runtime.RuntimeValuePropertyInfo                      : loaded 2 times (x 70B)
Class com.sun.xml.bind.v2.runtime.JAXBContextImpl$5                                   : loaded 2 times (x 74B)
Class com.android.repository.impl.generated.v2.DependencyType                         : loaded 2 times (x 81B)
Class com.android.builder.model.v2.models.BasicAndroidProject                         : loaded 2 times (x 70B)
Class com.android.build.gradle.internal.scope.InternalArtifactType$FEATURE_PUBLISHED_DEX: loaded 2 times (x 74B)
Class com.android.build.gradle.internal.dependency.ExtractAarTransform                : loaded 2 times (x 78B)
Class com.android.build.gradle.internal.scope.InternalArtifactType$SUB_PROJECT_DEX_ARCHIVE: loaded 2 times (x 74B)
Class com.android.build.gradle.internal.scope.InternalArtifactType$PACKAGED_MANIFESTS : loaded 2 times (x 74B)
Class com.android.build.gradle.tasks.ProcessPackagedManifestTask                      : loaded 2 times (x 336B)
Class com.android.build.gradle.internal.api.artifact.SourceArtifactType$ASSETS        : loaded 2 times (x 74B)
Class com.android.build.gradle.internal.api.artifact.SourceArtifactType$JAVA_SOURCES  : loaded 2 times (x 74B)
Class kotlin.collections.AbstractList$Companion                                       : loaded 2 times (x 71B)
Class com.android.tools.analytics.HostDataKt                                          : loaded 2 times (x 71B)
Class com.google.protobuf.AbstractMessage                                             : loaded 2 times (x 164B)
Class kotlin.sequences.SequencesKt___SequencesKt                                      : loaded 2 times (x 71B)
Class kotlin.text.MatcherMatchResult$groupValues$1                                    : loaded 2 times (x 198B)
Class com.android.build.gradle.internal.errors.SyncIssueReporterImpl                  : loaded 2 times (x 77B)
Class com.amazon.ion.impl.SharedSymbolTable                                           : loaded 2 times (x 93B)
Class com.amazon.ion.impl.bin.IonRawBinaryWriter                                      : loaded 2 times (x 168B)
Class com.amazon.ion.SymbolToken                                                      : loaded 2 times (x 70B)
Class kotlin.text.StringsKt__StringNumberConversionsJVMKt                             : loaded 2 times (x 71B)
Class com.google.common.collect.NaturalOrdering                                       : loaded 2 times (x 115B)
Class kotlin.text.MatchResult                                                         : loaded 2 times (x 70B)
Class kotlin.sequences.SequenceScope                                                  : loaded 2 times (x 73B)
Class kotlin.sequences.Sequence                                                       : loaded 2 times (x 70B)
Class org.gradle.tooling.ToolingModelContract                                         : loaded 2 times (x 70B)
Class [Lcom.google.common.base.Function;                                              : loaded 2 times (x 69B)
Class [Lorg.gradle.api.internal.ClassPathProvider;                                    : loaded 2 times (x 69B)
Class org.gradle.api.internal.ClassPathProvider                                       : loaded 2 times (x 70B)
Class com.google.common.collect.ReverseNaturalOrdering                                : loaded 2 times (x 114B)
Class com.google.common.collect.MapMakerInternalMap$Strength$2                        : loaded 2 times (x 80B)
Class com.android.tools.r8.internal.pe0                                               : loaded 2 times (x 162B)
Class com.android.tools.r8.internal.ch0                                               : loaded 2 times (x 162B)
Class com.android.tools.r8.internal.o04                                               : loaded 2 times (x 72B)
Class com.android.tools.r8.internal.kr2                                               : loaded 2 times (x 73B)
Class com.android.tools.r8.internal.sl0                                               : loaded 2 times (x 164B)
Class com.android.tools.r8.internal.y31                                               : loaded 2 times (x 72B)
Class com.android.tools.r8.internal.ii3                                               : loaded 2 times (x 70B)
Class com.android.tools.r8.internal.yz0                                               : loaded 2 times (x 71B)
Class com.android.tools.r8.internal.ux                                                : loaded 2 times (x 83B)
Class com.android.tools.r8.internal.r74                                               : loaded 2 times (x 305B)
Class com.android.tools.r8.internal.xo2                                               : loaded 2 times (x 80B)
Class com.android.tools.r8.internal.bm                                                : loaded 2 times (x 70B)
Class com.android.tools.r8.graph.q7                                                   : loaded 2 times (x 93B)
Class com.android.tools.r8.internal.g6                                                : loaded 2 times (x 77B)
Class org.jetbrains.kotlin.gradle.plugin.statistics.ExecutedTaskMetrics               : loaded 2 times (x 71B)
Class com.google.common.base.AbstractIterator$State                                   : loaded 2 times (x 79B)
Class com.android.build.gradle.tasks.MergeSourceSetFolders_Decorated                  : loaded 2 times (x 400B)
Class io.opentelemetry.context.Scope                                                  : loaded 2 times (x 70B)
Class org.jetbrains.kotlin.gradle.plugin.statistics.FlowActionBuildFusService         : loaded 2 times (x 84B)
Class org.jetbrains.kotlin.cli.common.arguments.Argument                              : loaded 2 times (x 70B)
Class org.jetbrains.kotlin.gradle.plugin.CreateCompilerArgumentsContextImpl           : loaded 2 times (x 75B)
Class com.android.build.api.variant.impl.ApplicationMultiOutputHandler                : loaded 2 times (x 95B)
Class com.android.tools.r8.internal.lc                                                : loaded 2 times (x 76B)
Class com.android.tools.r8.internal.ed2                                               : loaded 2 times (x 70B)
Class com.android.tools.r8.internal.t3                                                : loaded 2 times (x 176B)
Class com.android.tools.r8.internal.ra2                                               : loaded 2 times (x 71B)
Class com.android.tools.r8.synthesis.n                                                : loaded 2 times (x 81B)
Class com.android.tools.r8.internal.n23                                               : loaded 2 times (x 75B)
Class com.android.tools.r8.internal.fo0                                               : loaded 2 times (x 76B)
Class com.android.tools.r8.graph.a3                                                   : loaded 2 times (x 94B)
Class com.android.tools.r8.internal.df1                                               : loaded 2 times (x 70B)
Class com.android.tools.r8.internal.l61                                               : loaded 2 times (x 146B)
Class com.sun.xml.bind.v2.runtime.property.SingleMapNodeProperty                      : loaded 2 times (x 102B)
Class com.sun.xml.bind.v2.model.runtime.RuntimeTypeRef                                : loaded 2 times (x 70B)
Class com.sun.xml.bind.v2.runtime.JAXBContextImpl$6                                   : loaded 2 times (x 91B)
Class com.android.sdklib.repository.generated.repository.v2.LayoutlibType             : loaded 2 times (x 74B)
Class com.android.repository.api.ConsoleProgressIndicator                             : loaded 2 times (x 108B)
Class com.android.build.gradle.internal.SupportToolsComponents$Companion$build$fileExists$1: loaded 2 times (x 75B)
Class com.android.build.gradle.internal.SdkComponentsBuildService$VersionedSdkLoader$targetAndroidVersionProvider$1: loaded 2 times (x 75B)
Class com.android.build.gradle.internal.scope.InternalArtifactType$AAR_METADATA       : loaded 2 times (x 74B)
Class com.android.build.gradle.internal.cxx.configure.GradleLocalPropertiesKt         : loaded 2 times (x 71B)
Class [Lorg.objectweb.asm.AnnotationVisitor;                                          : loaded 2 times (x 69B)
Class [Lcom.android.repository.Revision$Precision;                                    : loaded 2 times (x 69B)
Class com.amazon.ion.impl.bin.IonManagedBinaryWriter$ImportedSymbolResolverMode$2     : loaded 2 times (x 80B)
Class com.google.common.util.concurrent.AbstractFuture$SafeAtomicHelper               : loaded 2 times (x 79B)
Class [Lcom.android.builder.core.ComponentTypeImpl;                                   : loaded 2 times (x 69B)
Class org.jetbrains.kotlin.build.report.metrics.GradleBuildPerformanceMetric          : loaded 2 times (x 92B)
Class com.google.wireless.android.sdk.stats.GarbageCollectionStats$1                  : loaded 2 times (x 151B)
Class com.android.build.gradle.internal.plugins.AbstractAppPlugin                     : loaded 2 times (x 94B)
Class com.android.build.gradle.internal.component.ConsumableCreationConfig            : loaded 2 times (x 70B)
Class jdk.internal.jrtfs.SystemImage                                                  : loaded 2 times (x 74B)
Class com.amazon.ion.impl.lite.IonBoolLite                                            : loaded 2 times (x 179B)
Class kotlin.collections.CollectionsKt___CollectionsKt$asSequence$$inlined$Sequence$1 : loaded 2 times (x 75B)
Class org.gradle.internal.service.UnknownServiceException                             : loaded 2 times (x 83B)
Class com.android.build.gradle.internal.profile.AnalyticsService                      : loaded 2 times (x 110B)
Class com.google.wireless.android.sdk.stats.GarbageCollectionStatsOrBuilder           : loaded 2 times (x 70B)
Class com.android.tools.r8.internal.eu                                                : loaded 2 times (x 83B)
Class com.google.common.collect.MapMakerInternalMap$StrongValueEntry                  : loaded 2 times (x 70B)
Class com.android.tools.r8.naming.w0$b                                                : loaded 2 times (x 84B)
Class [Lcom.android.tools.r8.graph.q6$b;                                              : loaded 2 times (x 69B)
Class com.android.tools.r8.internal.bj0                                               : loaded 2 times (x 161B)
Class com.android.tools.r8.internal.og0                                               : loaded 2 times (x 170B)
Class com.android.tools.r8.internal.ld                                                : loaded 2 times (x 72B)
Class com.android.tools.r8.internal.ch1                                               : loaded 2 times (x 71B)
Class com.android.ide.common.build.CommonBuiltArtifactsTypeAdapter                    : loaded 2 times (x 82B)
Class com.android.tools.r8.internal.z13                                               : loaded 2 times (x 79B)
Class com.android.tools.r8.synthesis.o0                                               : loaded 2 times (x 85B)
Class com.android.tools.r8.internal.ok                                                : loaded 2 times (x 124B)
Class com.android.tools.r8.internal.bn                                                : loaded 2 times (x 124B)
Class com.android.tools.r8.graph.i3$a                                                 : loaded 2 times (x 78B)
Class com.android.tools.r8.internal.fb4                                               : loaded 2 times (x 74B)
Class com.android.tools.r8.internal.l62                                               : loaded 2 times (x 164B)
Class com.android.tools.r8.ir.optimize.r0$a                                           : loaded 2 times (x 79B)
Class com.android.tools.r8.internal.ya                                                : loaded 2 times (x 74B)
Class com.android.build.api.variant.impl.BuiltArtifactsImpl                           : loaded 2 times (x 86B)
Class com.google.common.io.ByteArrayDataInput                                         : loaded 2 times (x 70B)
Class [Lcom.android.tools.r8.androidapi.f;                                            : loaded 2 times (x 69B)
Class com.android.tools.r8.internal.ny3                                               : loaded 2 times (x 198B)
Class com.android.tools.r8.internal.sl1                                               : loaded 2 times (x 288B)
Class com.android.tools.r8.internal.n24                                               : loaded 2 times (x 94B)
Class com.android.tools.r8.internal.w70                                               : loaded 2 times (x 75B)
Class com.android.tools.r8.synthesis.o                                                : loaded 2 times (x 75B)
Class com.android.tools.r8.shaking.z2                                                 : loaded 2 times (x 70B)
Class com.android.tools.r8.graph.a4                                                   : loaded 2 times (x 72B)
Class com.android.tools.r8.graph.fa                                                   : loaded 2 times (x 70B)
Class com.android.tools.r8.graph.n1                                                   : loaded 2 times (x 70B)
Class org.jetbrains.kotlin.gradle.tasks.KotlinCompile$ScriptFilterSpec                : loaded 2 times (x 75B)
Class com.sun.xml.bind.v2.runtime.FilterTransducer                                    : loaded 2 times (x 88B)
Class com.android.sdklib.repository.generated.addon.v2.ExtraDetailsType               : loaded 2 times (x 85B)
Class com.sun.xml.bind.annotation.XmlLocation                                         : loaded 2 times (x 70B)
Class com.sun.xml.bind.v2.model.annotation.XmlSchemaQuick                             : loaded 2 times (x 95B)
Class com.sun.xml.bind.v2.runtime.JAXBContextImpl$JAXBContextBuilder                  : loaded 2 times (x 86B)
Class com.android.repository.impl.meta.RevisionType                                   : loaded 2 times (x 80B)
Class com.android.sdklib.repository.generated.repository.v1.ObjectFactory             : loaded 2 times (x 79B)
Class com.android.build.gradle.internal.FileExistsValueSource$Params_Decorated        : loaded 2 times (x 130B)
Class com.android.build.gradle.internal.scope.InternalArtifactType$DEVICE_PROVIDER_ANDROID_TEST_ADDITIONAL_OUTPUT: loaded 2 times (x 74B)
Class com.android.build.gradle.tasks.ProcessMultiApkApplicationManifest               : loaded 2 times (x 345B)
Class com.android.build.gradle.internal.tasks.VariantTask                             : loaded 2 times (x 70B)
Class com.google.wireless.android.sdk.stats.GradleBuildVariant                        : loaded 2 times (x 282B)
Class com.android.utils.EnvironmentProvider$DirectEnvironmentProvider                 : loaded 2 times (x 80B)
Class org.objectweb.asm.ModuleVisitor                                                 : loaded 2 times (x 81B)
Class org.jetbrains.kotlin.gradle.report.BuildMetricsService                          : loaded 2 times (x 86B)
Class com.android.build.gradle.internal.profile.AnalyticsResourceManager              : loaded 2 times (x 72B)
Class com.google.wireless.android.sdk.stats.GradleBuildProjectOrBuilder               : loaded 2 times (x 70B)
Class com.android.tools.analytics.AnalyticsSettingsData                               : loaded 2 times (x 72B)
Class com.android.ide.common.blame.MessageReceiver                                    : loaded 2 times (x 70B)
Class com.google.common.annotations.VisibleForTesting                                 : loaded 2 times (x 70B)
Class org.jetbrains.kotlin.idea.gradleTooling.model.kapt.KaptGradleModel              : loaded 2 times (x 70B)
Class org.jetbrains.kotlin.idea.gradleTooling.KotlinDslScriptAdditionalTask           : loaded 2 times (x 70B)
Class org.jetbrains.plugins.gradle.model.ClasspathEntryModel                          : loaded 2 times (x 70B)
Class com.android.tools.r8.graph.fb                                                   : loaded 2 times (x 105B)
Class com.android.tools.r8.graph.q9                                                   : loaded 2 times (x 88B)
Class org.apache.commons.io.output.QueueOutputStream                                  : loaded 2 times (x 87B)
Class com.android.build.api.artifact.impl.ArtifactTransformationRequestImpl           : loaded 2 times (x 76B)
Class com.android.tools.r8.internal.rn1                                               : loaded 2 times (x 86B)
Class com.android.tools.r8.internal.kb0                                               : loaded 2 times (x 161B)
Class com.android.tools.r8.naming.w0$c                                                : loaded 2 times (x 81B)
Class com.android.tools.r8.internal.yb                                                : loaded 2 times (x 75B)
Class com.android.tools.r8.internal.ol                                                : loaded 2 times (x 71B)
Class com.android.tools.r8.internal.ni0                                               : loaded 2 times (x 161B)
Class com.android.tools.r8.internal.d1                                                : loaded 2 times (x 132B)
Class com.android.tools.r8.internal.al0                                               : loaded 2 times (x 171B)
Class com.android.tools.r8.ir.optimize.r0$b                                           : loaded 2 times (x 72B)
Class com.android.tools.r8.shaking.m6                                                 : loaded 2 times (x 72B)
Class com.android.tools.r8.internal.fo2                                               : loaded 2 times (x 284B)
Class com.android.tools.r8.ClassFileConsumer                                          : loaded 2 times (x 70B)
Class com.android.tools.r8.internal.bj1                                               : loaded 2 times (x 70B)
Class com.android.tools.r8.internal.le                                                : loaded 2 times (x 87B)
Class com.android.tools.r8.internal.m44                                               : loaded 2 times (x 82B)
Class com.android.tools.r8.internal.ch2                                               : loaded 2 times (x 78B)
Class com.android.tools.r8.internal.vs2                                               : loaded 2 times (x 70B)
Class [Lorg.jetbrains.kotlin.statistics.metrics.StringMetrics;                        : loaded 2 times (x 69B)
Class com.google.wireless.android.sdk.stats.GradleTransformExecution                  : loaded 2 times (x 201B)
Class com.android.tools.r8.internal.pe2                                               : loaded 2 times (x 79B)
Class com.android.tools.r8.internal.qp0                                               : loaded 2 times (x 94B)
Class com.android.tools.r8.synthesis.p                                                : loaded 2 times (x 74B)
Class com.android.tools.r8.internal.bo                                                : loaded 2 times (x 70B)
Class com.android.tools.r8.graph.g6$a                                                 : loaded 2 times (x 70B)
Class com.android.tools.r8.internal.ra4                                               : loaded 2 times (x 83B)
Class com.android.tools.r8.internal.v90                                               : loaded 2 times (x 76B)
Class com.android.tools.r8.graph.a5                                                   : loaded 2 times (x 73B)
Class com.android.tools.r8.graph.t3$a                                                 : loaded 2 times (x 73B)
Class com.android.tools.r8.graph.n2                                                   : loaded 2 times (x 127B)
Class com.android.tools.r8.internal.df3                                               : loaded 2 times (x 188B)
Class com.android.build.gradle.internal.scope.InternalArtifactType$GENERATED_RES      : loaded 2 times (x 74B)
Class com.sun.xml.bind.v2.runtime.unmarshaller.DefaultIDResolver                      : loaded 2 times (x 76B)
Class com.android.repository.impl.generated.v2.PatchType                              : loaded 2 times (x 88B)
Class javax.xml.bind.annotation.XmlID                                                 : loaded 2 times (x 70B)
Class com.android.repository.impl.meta.TypeDetails                                    : loaded 2 times (x 75B)
Class com.sun.xml.bind.v2.model.impl.RuntimeArrayInfoImpl                             : loaded 2 times (x 107B)
Class com.android.sdklib.repository.generated.common.v1.IdDisplayType                 : loaded 2 times (x 83B)
Class com.android.sdklib.repository.generated.addon.v4.LibrariesType                  : loaded 2 times (x 75B)
Class com.android.build.gradle.internal.dependency.ExtractNavigationXmlTransform      : loaded 2 times (x 78B)
Class com.android.build.gradle.internal.dependency.IdentityTransform$Parameters       : loaded 2 times (x 70B)
Class com.android.build.gradle.tasks.PackageApplication$Companion                     : loaded 2 times (x 71B)
Class com.android.build.gradle.internal.tasks.AndroidVariantTask                      : loaded 2 times (x 332B)
Class com.google.common.util.concurrent.SettableFuture                                : loaded 2 times (x 114B)
Class org.jetbrains.kotlin.compilerRunner.CompilerSystemPropertiesService$Parameters_Decorated: loaded 2 times (x 130B)
Class com.google.protobuf.ExtensionRegistry                                           : loaded 2 times (x 87B)
Class com.amazon.ion.IonTimestamp                                                     : loaded 2 times (x 70B)
Class com.amazon.ion.impl.bin.PooledBlockAllocatorProvider$PooledBlockAllocator       : loaded 2 times (x 81B)
Class com.intellij.platform.diagnostic.telemetry.rt.context.TelemetryContextGetter    : loaded 2 times (x 75B)
Class org.jetbrains.plugins.gradle.tooling.serialization.GradleExtensionsSerializationService: loaded 2 times (x 77B)
Class org.gradle.api.JavaVersion                                                      : loaded 2 times (x 79B)
Class org.gradle.tooling.model.Dependency                                             : loaded 2 times (x 70B)
Class com.google.common.collect.Collections2$FilteredCollection                       : loaded 2 times (x 119B)
Class org.jetbrains.kotlin.cli.common.messages.CompilerMessageSeverity                : loaded 2 times (x 79B)
Class com.android.tools.r8.internal.yc                                                : loaded 2 times (x 72B)
Class com.android.tools.r8.internal.s21                                               : loaded 2 times (x 110B)
Class com.google.common.collect.Interners$InternerImpl                                : loaded 2 times (x 75B)
Class com.google.common.collect.Interner                                              : loaded 2 times (x 70B)
Class com.android.tools.r8.internal.mk0                                               : loaded 2 times (x 161B)
Class com.android.tools.r8.DexIndexedConsumer$ForwardingConsumer                      : loaded 2 times (x 93B)
Class com.android.tools.r8.internal.eq2                                               : loaded 2 times (x 111B)
Class com.android.tools.r8.internal.w72                                               : loaded 2 times (x 70B)
Class com.android.tools.r8.internal.df4                                               : loaded 2 times (x 73B)
Class com.android.tools.r8.internal.wa0                                               : loaded 2 times (x 161B)
Class com.android.tools.r8.internal.jd0                                               : loaded 2 times (x 164B)
Class com.android.tools.r8.internal.v91                                               : loaded 2 times (x 75B)
Class com.android.tools.r8.internal.zh0                                               : loaded 2 times (x 167B)
Class com.android.tools.r8.internal.d2                                                : loaded 2 times (x 156B)
Class com.android.tools.r8.internal.rn2                                               : loaded 2 times (x 90B)
Class com.android.tools.r8.shaking.z4                                                 : loaded 2 times (x 82B)
Class org.jetbrains.kotlin.gradle.plugin.diagnostics.UsesKotlinToolingDiagnosticsParameters: loaded 2 times (x 70B)
Class com.android.tools.r8.internal.h13                                               : loaded 2 times (x 73B)
Class com.android.tools.r8.internal.f51                                               : loaded 2 times (x 81B)
Class [Lcom.android.tools.r8.internal.ya;                                             : loaded 2 times (x 69B)
Class com.android.tools.r8.g                                                          : loaded 2 times (x 82B)
Class com.google.common.base.Splitter$1                                               : loaded 2 times (x 77B)
Class com.android.zipflinger.ZipReader                                                : loaded 2 times (x 82B)
Class [Lcom.android.ide.common.resources.FileValidity$FileStatus;                     : loaded 2 times (x 69B)
Class com.android.build.api.artifact.SingleArtifact$LINT_HTML_REPORT                  : loaded 2 times (x 74B)
Class com.android.build.gradle.internal.dependency.GenericTransformParameters$Inject_ : loaded 2 times (x 106B)
Class com.google.common.io.ByteStreams                                                : loaded 2 times (x 71B)
Class com.android.builder.model.v2.ide.AbstractArtifact                               : loaded 2 times (x 70B)
Class com.android.tools.r8.synthesis.q                                                : loaded 2 times (x 81B)
Class com.android.tools.r8.internal.om                                                : loaded 2 times (x 70B)
Class com.android.tools.r8.internal.uu2                                               : loaded 2 times (x 77B)
Class com.android.tools.r8.graph.n3                                                   : loaded 2 times (x 73B)
Class com.android.tools.r8.graph.a6                                                   : loaded 2 times (x 170B)
Class com.android.tools.r8.graph.t3$b                                                 : loaded 2 times (x 74B)
Class org.jetbrains.kotlin.gradle.tasks.KotlinJavaToolchain$JdkSetter                 : loaded 2 times (x 70B)
Class javax.xml.bind.annotation.XmlAnyElement                                         : loaded 2 times (x 70B)
Class com.android.repository.impl.generated.v2.RevisionType                           : loaded 2 times (x 82B)
Class com.android.repository.impl.generated.v2.ObjectFactory                          : loaded 2 times (x 108B)
Class com.android.sdklib.repository.meta.DetailsTypes$AddonDetailsType$Libraries      : loaded 2 times (x 72B)
Class com.android.build.gradle.internal.SdkComponentsBuildService$VersionedSdkLoader$coreLambdaStubsProvider$1: loaded 2 times (x 75B)
Class com.android.build.gradle.internal.scope.InternalArtifactType$VARIANT_TEST_RESULTS: loaded 2 times (x 74B)
Class com.android.build.gradle.internal.dependency.AarToClassTransform$Params_Decorated: loaded 2 times (x 133B)
Class com.android.build.gradle.internal.dependency.SubtractingArtifactCollection$SubtractingArtifactResult: loaded 2 times (x 72B)
Class org.jetbrains.kotlin.gradle.plugin.KotlinPluginInMultipleProjectsHolder         : loaded 2 times (x 72B)
Class com.google.protobuf.InvalidProtocolBufferException$InvalidWireTypeException     : loaded 2 times (x 88B)
Class org.jetbrains.kotlin.gradle.plugin.diagnostics.ToolingDiagnosticRenderingOptions: loaded 2 times (x 72B)
Class com.google.protobuf.Internal$FloatList                                          : loaded 2 times (x 70B)
Class com.google.protobuf.Internal$BooleanList                                        : loaded 2 times (x 70B)
Class com.google.protobuf.MessageLiteOrBuilder                                        : loaded 2 times (x 70B)
Class [Lorg.jetbrains.kotlin.gradle.dsl.KotlinVersion;                                : loaded 2 times (x 69B)
Class com.amazon.ion.IonDatagram                                                      : loaded 2 times (x 70B)
Class com.amazon.ion.impl.bin.IonManagedBinaryWriter$ImportedSymbolResolverMode$1$1   : loaded 2 times (x 78B)
Class com.amazon.ion.impl._Private_ByteTransferSink                                   : loaded 2 times (x 70B)
Class com.intellij.openapi.externalSystem.model.project.dependencies.ResolutionState  : loaded 2 times (x 79B)
Class kotlin.text.StringsKt__RegexExtensionsJVMKt                                     : loaded 2 times (x 71B)
Class com.google.common.collect.AllEqualOrdering                                      : loaded 2 times (x 114B)
Class kotlin.collections.ArraysKt___ArraysJvmKt                                       : loaded 2 times (x 71B)
Class kotlin.collections.CollectionsKt__CollectionsKt                                 : loaded 2 times (x 71B)
Class [Lcom.google.common.collect.Maps$EntryFunction;                                 : loaded 2 times (x 69B)
Class com.android.tools.r8.graph.sa                                                   : loaded 2 times (x 74B)
Class com.android.build.gradle.internal.signing.SigningConfigVersions$Companion       : loaded 2 times (x 71B)
Class com.android.build.gradle.internal.scope.InternalArtifactType$EXTERNAL_LIBS_DEX_ARCHIVE: loaded 2 times (x 74B)
Class com.google.common.collect.MapMaker$Dummy                                        : loaded 2 times (x 79B)
Class com.android.tools.r8.internal.vc0                                               : loaded 2 times (x 161B)
Class com.android.tools.r8.internal.yj0                                               : loaded 2 times (x 161B)
Class com.android.tools.r8.internal.pe4                                               : loaded 2 times (x 73B)
Class com.android.tools.r8.internal.ni2                                               : loaded 2 times (x 86B)
Class com.android.tools.r8.internal.if0                                               : loaded 2 times (x 161B)
Class com.android.tools.r8.internal.bj3                                               : loaded 2 times (x 75B)
Class com.android.tools.r8.internal.og3                                               : loaded 2 times (x 169B)
Class com.android.tools.r8.internal.wa1                                               : loaded 2 times (x 86B)
Class com.android.tools.r8.internal.oy$a                                              : loaded 2 times (x 74B)
Class com.android.tools.r8.internal.x54                                               : loaded 2 times (x 78B)
Class com.android.tools.r8.internal.q0                                                : loaded 2 times (x 83B)
Class com.android.tools.r8.internal.on                                                : loaded 2 times (x 129B)
Class com.android.tools.r8.internal.ds2                                               : loaded 2 times (x 76B)
Class com.android.tools.r8.shaking.m8                                                 : loaded 2 times (x 94B)
Class com.android.tools.r8.internal.s22                                               : loaded 2 times (x 70B)
Class com.android.tools.r8.h                                                          : loaded 2 times (x 82B)
Class com.android.build.gradle.internal.dependency.IdentityTransform$Parameters$Inject_: loaded 2 times (x 110B)
Class com.android.build.gradle.internal.profile.TaskProfilingRecord$Companion         : loaded 2 times (x 71B)
Class com.android.zipflinger.FreeStore                                                : loaded 2 times (x 77B)
Class com.android.build.gradle.internal.tasks.ProcessNavigationXmlTask_Decorated      : loaded 2 times (x 391B)
Class org.jetbrains.kotlin.gradle.tasks.KotlinCompilerPluginData$InputsOutputsState   : loaded 2 times (x 72B)
Class org.jetbrains.kotlin.statistics.metrics.StringMetrics$Companion                 : loaded 2 times (x 71B)
Class com.android.build.gradle.internal.tasks.MergeJavaResourceTask$Companion         : loaded 2 times (x 71B)
Class com.android.tools.r8.internal.yd                                                : loaded 2 times (x 70B)
Class com.android.tools.r8.internal.ch4                                               : loaded 2 times (x 82B)
Class com.android.tools.r8.internal.v92                                               : loaded 2 times (x 92B)
Class com.android.tools.r8.internal.kb2                                               : loaded 2 times (x 136B)
Class com.android.tools.r8.synthesis.r0$b                                             : loaded 2 times (x 105B)
Class com.android.tools.r8.graph.t3$c                                                 : loaded 2 times (x 73B)
Class com.android.tools.r8.internal.e71                                               : loaded 2 times (x 77B)
Class com.android.tools.r8.Resource                                                   : loaded 2 times (x 70B)
Class com.sun.xml.bind.v2.runtime.reflect.PrimitiveArrayListerInteger                 : loaded 2 times (x 76B)
Class com.android.sdklib.repository.generated.repository.v2.SourceDetailsType         : loaded 2 times (x 120B)
Class com.sun.xml.bind.v2.runtime.IllegalAnnotationsException$Builder                 : loaded 2 times (x 77B)
Class com.sun.xml.bind.v2.model.annotation.RuntimeAnnotationReader                    : loaded 2 times (x 70B)
Class javax.xml.bind.annotation.XmlNs                                                 : loaded 2 times (x 70B)
Class com.android.build.gradle.internal.SdkLocator$SdkLocationSource$INJECTED_SDK_HOME: loaded 2 times (x 80B)
Class com.android.build.gradle.internal.manifest.ManifestDataProvider                 : loaded 2 times (x 70B)
Class org.objectweb.asm.FieldWriter                                                   : loaded 2 times (x 78B)
Class org.bouncycastle.jcajce.provider.config.ConfigurableProvider                    : loaded 2 times (x 70B)
Class com.android.builder.core.ComponentTypeImpl                                      : loaded 2 times (x 105B)
Class [Lorg.jetbrains.kotlin.gradle.dsl.JvmTarget;                                    : loaded 2 times (x 69B)
Class org.jetbrains.kotlin.tooling.core.Extras$Type                                   : loaded 2 times (x 72B)
Class com.android.build.gradle.internal.services.Aapt2DaemonBuildService$Parameters_Decorated: loaded 2 times (x 127B)
Class com.android.sdklib.repository.legacy.remote.internal.DownloadCache$Strategy     : loaded 2 times (x 79B)
Class com.android.build.gradle.internal.res.Aapt2FromMaven$Companion$Aapt2Extractor   : loaded 2 times (x 78B)
Class com.sun.xml.bind.v2.runtime.JAXBContextImpl$1                                   : loaded 2 times (x 78B)
Class jdk.internal.jimage.ImageReader$LinkNode                                        : loaded 2 times (x 84B)
Class org.jetbrains.plugins.gradle.model.ExternalLibraryDependency                    : loaded 2 times (x 70B)
Class kotlin.text.Regex$Companion                                                     : loaded 2 times (x 71B)
Class org.gradle.internal.classpath.TransformedClassPath                              : loaded 2 times (x 96B)
Class org.gradle.internal.classloader.InstrumentingClassLoader                        : loaded 2 times (x 70B)
Class com.google.common.util.concurrent.TrustedListenableFutureTask$TrustedFutureInterruptibleAsyncTask: loaded 2 times (x 80B)
Class com.android.builder.dexing.DexArchiveBuilder                                    : loaded 2 times (x 72B)
Class org.jetbrains.kotlin.gradle.plugin.FilesSubpluginOption                         : loaded 2 times (x 72B)
Class org.apache.commons.io.output.UnsynchronizedByteArrayOutputStream                : loaded 2 times (x 102B)
Class com.sun.xml.bind.v2.model.impl.TypeInfoImpl                                     : loaded 2 times (x 85B)
Class com.android.tools.r8.internal.hh0                                               : loaded 2 times (x 170B)
Class com.android.tools.r8.i                                                          : loaded 2 times (x 82B)
Class com.android.tools.r8.internal.ey                                                : loaded 2 times (x 84B)
Class com.android.tools.r8.internal.w74                                               : loaded 2 times (x 71B)
Class com.android.tools.r8.internal.ni3                                               : loaded 2 times (x 79B)
Class com.android.tools.r8.internal.xl0                                               : loaded 2 times (x 168B)
Class com.android.tools.r8.internal.ue0                                               : loaded 2 times (x 161B)
Class com.android.tools.r8.internal.ea0                                               : loaded 2 times (x 70B)
Class com.android.tools.r8.internal.gz3                                               : loaded 2 times (x 197B)
Class com.android.tools.r8.internal.vc1                                               : loaded 2 times (x 254B)
Class com.android.tools.r8.internal.pr2                                               : loaded 2 times (x 278B)
Class com.android.build.api.variant.impl.SingleOutputHandler                          : loaded 2 times (x 95B)
Class com.google.common.collect.ImmutableListMultimap                                 : loaded 2 times (x 176B)
Class com.android.tools.r8.internal.lm1                                               : loaded 2 times (x 76B)
Class com.android.tools.r8.internal.t8                                                : loaded 2 times (x 71B)
Class com.android.tools.r8.synthesis.s                                                : loaded 2 times (x 70B)
Class com.android.tools.r8.internal.rv                                                : loaded 2 times (x 72B)
Class com.android.tools.r8.graph.sb                                                   : loaded 2 times (x 119B)
Class com.android.tools.r8.graph.a8                                                   : loaded 2 times (x 94B)
Class com.android.tools.r8.internal.a21                                               : loaded 2 times (x 72B)
Class com.android.tools.r8.graph.t3$d                                                 : loaded 2 times (x 72B)
Class com.android.tools.r8.graph.n5                                                   : loaded 2 times (x 72B)
Class com.android.tools.r8.internal.p80                                               : loaded 2 times (x 71B)
Class com.android.tools.r8.utils.i$a                                                  : loaded 2 times (x 94B)
Class com.sun.xml.bind.v2.runtime.unmarshaller.ProxyLoader                            : loaded 2 times (x 78B)
Class com.sun.xml.bind.v2.model.core.ArrayInfo                                        : loaded 2 times (x 70B)
Class com.android.repository.impl.generated.generic.v1.package-info                   : loaded 2 times (x 70B)
Class com.android.repository.impl.generated.v2.ChannelType                            : loaded 2 times (x 83B)
Class com.android.sdklib.repository.generated.common.v2.package-info                  : loaded 2 times (x 70B)
Class com.android.build.gradle.internal.SdkLocator$SdkLocationSource$LOCAL_SDK_DIR    : loaded 2 times (x 80B)
Class com.android.build.gradle.internal.utils.ConsoleProgressIndicatorFactory         : loaded 2 times (x 72B)
Class com.android.build.gradle.internal.scope.InternalArtifactType$NATIVE_DEBUG_METADATA: loaded 2 times (x 74B)
Class com.android.build.gradle.tasks.ManifestProcessor                                : loaded 2 times (x 70B)
Class com.android.build.api.artifact.Artifact$Transformable                           : loaded 2 times (x 70B)
Class com.android.buildanalyzer.common.TaskCategory                                   : loaded 2 times (x 80B)
Class com.android.build.gradle.internal.tasks.UsesAnalytics                           : loaded 2 times (x 70B)
Class com.android.build.gradle.internal.tasks.SigningConfigUtils                      : loaded 2 times (x 71B)
Class org.jetbrains.kotlin.gradle.plugin.BuildFinishedListenerService                 : loaded 2 times (x 80B)
Class com.android.sdklib.repository.generated.addon.v4.ExtraDetailsType               : loaded 2 times (x 85B)
Class com.google.protobuf.AbstractParser                                              : loaded 2 times (x 150B)
Class com.google.common.collect.AbstractBiMap$Inverse                                 : loaded 2 times (x 162B)
Class com.android.sdklib.repository.generated.sysimg.v4.SysImgDetailsType             : loaded 2 times (x 144B)
Class com.sun.xml.bind.v2.runtime.property.Utils$1                                    : loaded 2 times (x 77B)
Class com.android.build.gradle.internal.plugins.BasePlugin                            : loaded 2 times (x 94B)
Class jdk.internal.jrtfs.SystemImage$1                                                : loaded 2 times (x 78B)
Class com.amazon.ion.IonValue                                                         : loaded 2 times (x 70B)
Class com.google.common.collect.ImmutableRangeSet$AsSet                               : loaded 2 times (x 300B)
Class kotlin.jvm.internal.FunctionReference                                           : loaded 2 times (x 126B)
Class [Lkotlin.coroutines.intrinsics.CoroutineSingletons;                             : loaded 2 times (x 69B)
Class kotlin.jvm.internal.FunctionBase                                                : loaded 2 times (x 70B)
Class kotlin.enums.EnumEntriesList                                                    : loaded 2 times (x 223B)
Class com.google.common.collect.Maps$IteratorBasedAbstractMap$1                       : loaded 2 times (x 138B)
Class org.jetbrains.kotlin.buildtools.api.jvm.ClasspathEntrySnapshot                  : loaded 2 times (x 70B)
Class org.jetbrains.kotlin.com.google.common.base.Preconditions                       : loaded 2 times (x 71B)
Class com.android.builder.dexing.DexEntryBucket                                       : loaded 2 times (x 72B)
Class com.android.builder.dexing.ClassFileInputs                                      : loaded 2 times (x 71B)
Class org.apache.commons.io.output.ByteArrayOutputStream                              : loaded 2 times (x 102B)
Class com.android.tools.r8.internal.g61                                               : loaded 2 times (x 116B)
Class com.android.utils.concurrency.ReadWriteProcessLock                              : loaded 2 times (x 72B)
Class com.android.tools.r8.kotlin.w0                                                  : loaded 2 times (x 72B)
Class com.android.builder.files.SerializableChange                                    : loaded 2 times (x 72B)
Class com.android.tools.r8.dex.k0                                                     : loaded 2 times (x 70B)
Class com.android.tools.r8.internal.gj0                                               : loaded 2 times (x 161B)
Class com.android.tools.r8.ir.optimize.y1                                             : loaded 2 times (x 71B)
Class com.android.tools.r8.internal.b03                                               : loaded 2 times (x 80B)
Class com.android.tools.r8.internal.tg0                                               : loaded 2 times (x 161B)
Class com.android.tools.r8.internal.dc0                                               : loaded 2 times (x 78B)
Class com.android.tools.r8.internal.ni4                                               : loaded 2 times (x 74B)
Class com.android.tools.r8.internal.zu0                                               : loaded 2 times (x 70B)
Class com.android.tools.r8.internal.d5                                                : loaded 2 times (x 73B)
Class com.android.tools.r8.graph.sc                                                   : loaded 2 times (x 72B)
Class [Lcom.android.tools.r8.graph.ic;                                                : loaded 2 times (x 69B)
Class com.android.tools.r8.internal.yj2                                               : loaded 2 times (x 79B)
Class com.android.tools.r8.graph.a9                                                   : loaded 2 times (x 70B)
Class org.jetbrains.kotlin.gradle.plugin.statistics.BuildFusService$onFinish$2        : loaded 2 times (x 79B)
Class com.android.zipflinger.Crc32                                                    : loaded 2 times (x 71B)
Class com.android.build.gradle.internal.BuildToolsExecutableInput                     : loaded 2 times (x 79B)
Class com.google.common.collect.EmptyImmutableListMultimap                            : loaded 2 times (x 176B)
Class com.google.common.collect.BaseImmutableMultimap                                 : loaded 2 times (x 123B)
Class com.android.build.gradle.internal.feature.BundleAllClasses_Decorated            : loaded 2 times (x 385B)
Class com.android.tools.r8.internal.p81                                               : loaded 2 times (x 73B)
Class com.android.tools.r8.internal.vc2                                               : loaded 2 times (x 106B)
Class com.android.tools.r8.synthesis.t                                                : loaded 2 times (x 81B)
Class com.android.tools.r8.internal.op                                                : loaded 2 times (x 129B)
Class com.android.tools.r8.graph.t3$e                                                 : loaded 2 times (x 73B)
Class com.android.tools.r8.graph.n6                                                   : loaded 2 times (x 135B)
Class com.sun.xml.bind.v2.runtime.reflect.PrimitiveArrayListerShort                   : loaded 2 times (x 76B)
Class com.sun.xml.bind.v2.runtime.reflect.NullSafeAccessor                            : loaded 2 times (x 85B)
Class com.sun.xml.bind.v2.runtime.property.AttributeProperty                          : loaded 2 times (x 105B)
Class com.sun.xml.bind.v2.model.annotation.LocatableAnnotation                        : loaded 2 times (x 85B)
Class com.android.repository.api.License                                              : loaded 2 times (x 85B)
Class com.android.sdklib.repository.generated.addon.v2.package-info                   : loaded 2 times (x 70B)
Class com.android.tools.r8.graph.q2                                                   : loaded 2 times (x 127B)
Class org.jetbrains.kotlin.gradle.internal.ClassLoadersCachingBuildService$Companion  : loaded 2 times (x 71B)
Class com.google.wireless.android.sdk.stats.JavaProcessStats$1                        : loaded 2 times (x 151B)
Class com.android.tools.r8.graph.d5                                                   : loaded 2 times (x 73B)
Class com.google.protobuf.GeneratedMessage$GeneratedExtension                         : loaded 2 times (x 87B)
Class com.android.tools.r8.internal.uk4                                               : loaded 2 times (x 76B)
Class com.google.gson.JsonSerializer                                                  : loaded 2 times (x 70B)
Class [Lcom.android.ide.common.blame.Message$Kind;                                    : loaded 2 times (x 69B)
Class com.android.tools.r8.threading.a                                                : loaded 2 times (x 71B)
Class com.android.build.gradle.internal.errors.MessageReceiverImpl                    : loaded 2 times (x 75B)
Class jdk.internal.jrtfs.SystemImage$2                                                : loaded 2 times (x 76B)
Class com.amazon.ion.impl.bin.IonRawBinaryWriter$ContainerType                        : loaded 2 times (x 79B)
Class com.amazon.ion.impl._Private_IonTextWriterBuilder$Mutable                       : loaded 2 times (x 102B)
Class kotlin.comparisons.ComparisonsKt___ComparisonsJvmKt                             : loaded 2 times (x 71B)
Class kotlin.collections.CollectionsKt__IteratorsJVMKt                                : loaded 2 times (x 71B)
Class com.google.common.util.concurrent.ForwardingFluentFuture                        : loaded 2 times (x 106B)
Class com.android.builder.dexing.D8DiagnosticsHandler                                 : loaded 2 times (x 86B)
Class com.android.builder.files.SerializableInputChanges                              : loaded 2 times (x 72B)
Class com.android.tools.r8.internal.bt                                                : loaded 2 times (x 84B)
Class com.android.tools.r8.internal.pb0                                               : loaded 2 times (x 161B)
Class com.android.tools.r8.internal.ce0                                               : loaded 2 times (x 161B)
Class com.android.tools.r8.internal.if3                                               : loaded 2 times (x 169B)
Class com.android.tools.r8.internal.nv2                                               : loaded 2 times (x 72B)
Class com.android.tools.r8.shaking.oa                                                 : loaded 2 times (x 86B)
Class com.android.tools.r8.synthesis.u                                                : loaded 2 times (x 79B)
Class com.android.tools.r8.internal.si0                                               : loaded 2 times (x 161B)
Class com.android.tools.r8.internal.fl0                                               : loaded 2 times (x 171B)
Class com.android.tools.r8.internal.mj$a                                              : loaded 2 times (x 72B)
Class com.android.tools.r8.internal.q3                                                : loaded 2 times (x 168B)
Class com.android.tools.r8.internal.dc1                                               : loaded 2 times (x 154B)
Class com.android.tools.r8.internal.tg1                                               : loaded 2 times (x 272B)
Class com.android.tools.r8.internal.yg                                                : loaded 2 times (x 98B)
Class com.android.tools.r8.shaking.j4                                                 : loaded 2 times (x 81B)
Class com.google.common.base.Splitter$5                                               : loaded 2 times (x 80B)
Class com.android.tools.r8.internal.lj                                                : loaded 2 times (x 72B)
Class com.android.tools.r8.graph.n7                                                   : loaded 2 times (x 93B)
Class com.android.tools.r8.internal.vc3                                               : loaded 2 times (x 73B)
Class com.android.zipflinger.NoCopyByteArrayOutputStream                              : loaded 2 times (x 97B)
Class com.android.build.gradle.internal.tasks.CheckDuplicateClassesTask_Decorated     : loaded 2 times (x 381B)
Class com.android.build.gradle.tasks.JavaPreCompileTask_Decorated                     : loaded 2 times (x 383B)
Class org.jetbrains.kotlin.gradle.plugin.StatisticsBuildFlowManager$subscribeForBuildResultAndConfigurationTimeMetrics$1$1: loaded 2 times (x 74B)
Class [Lorg.objectweb.asm.Attribute;                                                  : loaded 2 times (x 69B)
Class com.android.tools.r8.internal.ic                                                : loaded 2 times (x 70B)
Class com.android.tools.r8.internal.rx                                                : loaded 2 times (x 79B)
Class com.android.tools.r8.graph.t3$f                                                 : loaded 2 times (x 73B)
Class com.android.builder.model.v2.ide.TestInfo$Execution                             : loaded 2 times (x 79B)
Class [Lorg.jetbrains.kotlin.build.report.metrics.BuildAttribute;                     : loaded 2 times (x 69B)
Class com.android.tools.r8.internal.bm1                                               : loaded 2 times (x 293B)
Class com.sun.xml.bind.v2.runtime.property.ArrayElementLeafProperty                   : loaded 2 times (x 105B)
Class com.android.sdklib.repository.generated.common.v1.ApiDetailsType                : loaded 2 times (x 113B)
Class com.sun.xml.bind.v2.model.impl.ElementPropertyInfoImpl$1                        : loaded 2 times (x 200B)
Class javax.xml.bind.annotation.adapters.XmlJavaTypeAdapter$DEFAULT                   : loaded 2 times (x 71B)
Class com.sun.xml.bind.v2.model.impl.ERPropertyInfoImpl                               : loaded 2 times (x 108B)
Class com.sun.xml.bind.v2.model.impl.RuntimeBuiltinLeafInfoImpl$1                     : loaded 2 times (x 76B)
Class com.android.build.gradle.internal.utils.ConsoleProgressIndicatorFactory$isTerminalSmart$2$1: loaded 2 times (x 74B)
Class com.android.build.gradle.tasks.PackageAndroidArtifact$Companion                 : loaded 2 times (x 71B)
Class com.android.build.gradle.internal.scope.InternalArtifactType$RUNTIME_APP_CLASSES_JAR: loaded 2 times (x 74B)
Class com.android.build.gradle.tasks.ProcessAndroidResources                          : loaded 2 times (x 338B)
Class com.android.build.gradle.internal.scope.InternalArtifactType$COMPATIBLE_SCREEN_MANIFEST: loaded 2 times (x 74B)
Class com.android.tools.r8.internal.h42                                               : loaded 2 times (x 70B)
Class [Lorg.objectweb.asm.Type;                                                       : loaded 2 times (x 69B)
Class com.android.tools.r8.internal.w5                                                : loaded 2 times (x 71B)
Class org.jetbrains.kotlin.gradle.utils.IsolatedKotlinClasspathClassCastException     : loaded 2 times (x 82B)
Class com.android.builder.profile.AnalyticsProfileWriter                              : loaded 2 times (x 72B)
Class com.android.build.gradle.internal.utils.AnalyticsEnabledValueSource             : loaded 2 times (x 78B)
Class com.android.tools.r8.internal.m74                                               : loaded 2 times (x 70B)
Class org.jetbrains.kotlin.gradle.plugin.CreateCompilerArgumentsContextImpl$ContributeCompilerArgumentsContextImpl: loaded 2 times (x 79B)
Class com.android.build.gradle.internal.component.ApkCreationConfig                   : loaded 2 times (x 70B)
Class org.jetbrains.kotlin.idea.gradleTooling.KotlinSourceSetContainer                : loaded 2 times (x 70B)
Class io.opentelemetry.context.ContextStorageWrappers                                 : loaded 2 times (x 71B)
Class io.opentelemetry.context.propagation.DefaultContextPropagators                  : loaded 2 times (x 75B)
Class org.jetbrains.plugins.gradle.model.IntelliJSettings                             : loaded 2 times (x 70B)
Class kotlin.Result                                                                   : loaded 2 times (x 72B)
Class org.gradle.internal.service.ServiceLocator                                      : loaded 2 times (x 70B)
Class org.jetbrains.kotlin.statistics.metrics.StringAnonymizationPolicy               : loaded 2 times (x 78B)
Class com.android.build.gradle.internal.tasks.DexMergingWorkAction$Params             : loaded 2 times (x 82B)
Class com.android.tools.r8.internal.ue3                                               : loaded 2 times (x 129B)
Class com.google.common.util.concurrent.GwtFluentFutureCatchingSpecialization         : loaded 2 times (x 106B)
Class com.android.builder.dexing.DexUtilsKt                                           : loaded 2 times (x 71B)
Class org.apache.commons.io.FileExistsException                                       : loaded 2 times (x 82B)
Class [Lcom.android.builder.utils.SynchronizedFile$LockingScope;                      : loaded 2 times (x 69B)
Class com.android.tools.r8.internal.bu                                                : loaded 2 times (x 110B)
Class com.android.tools.r8.internal.if4                                               : loaded 2 times (x 74B)
Class com.android.tools.r8.synthesis.v                                                : loaded 2 times (x 72B)
Class com.android.tools.r8.internal.bg0                                               : loaded 2 times (x 163B)
Class com.android.tools.r8.internal.yh                                                : loaded 2 times (x 74B)
Class com.android.tools.r8.shaking.s                                                  : loaded 2 times (x 107B)
Class com.android.tools.r8.graph.k1                                                   : loaded 2 times (x 137B)
Class com.android.tools.r8.internal.rk0                                               : loaded 2 times (x 161B)
Class com.android.tools.r8.internal.id                                                : loaded 2 times (x 79B)
Class com.android.tools.r8.internal.ce1                                               : loaded 2 times (x 76B)
Class com.android.tools.r8.internal.ry                                                : loaded 2 times (x 74B)
Class com.android.tools.r8.graph.ca                                                   : loaded 2 times (x 201B)
Class com.android.tools.r8.internal.q4                                                : loaded 2 times (x 305B)
Class com.android.tools.r8.internal.va                                                : loaded 2 times (x 78B)
Class com.android.tools.r8.internal.lk                                                : loaded 2 times (x 126B)
Class com.android.tools.r8.internal.vc4                                               : loaded 2 times (x 77B)
Class com.android.tools.r8.internal.mx2                                               : loaded 2 times (x 76B)
Class com.android.build.api.variant.impl.FileBasedDirectoryEntryImpl$asFileTree$1$1   : loaded 2 times (x 75B)
Class org.jetbrains.kotlin.gradle.plugin.statistics.KotlinBuildStatsLoggerService$Companion: loaded 2 times (x 71B)
Class com.android.tools.r8.internal.x21                                               : loaded 2 times (x 87B)
Class com.android.tools.r8.synthesis.l0                                               : loaded 2 times (x 72B)
Class com.android.tools.r8.ProgramResource$Kind                                       : loaded 2 times (x 79B)
Class com.android.tools.r8.graph.t3$g                                                 : loaded 2 times (x 72B)
Class com.android.tools.r8.internal.or                                                : loaded 2 times (x 88B)
Class org.jetbrains.kotlin.gradle.plugin.KotlinCompilerArgumentsProducer$CreateCompilerArgumentsContext: loaded 2 times (x 70B)
Class com.android.build.gradle.internal.SdkDirectLoadingStrategy$DirectLoadComponents : loaded 2 times (x 72B)
Class com.sun.xml.bind.v2.runtime.CompositeStructureBeanInfo                          : loaded 2 times (x 98B)
Class com.sun.xml.bind.v2.runtime.property.ArrayERProperty                            : loaded 2 times (x 104B)
Class com.android.sdklib.repository.generated.sysimg.v1.SysImgDetailsType             : loaded 2 times (x 145B)
Class javax.xml.bind.annotation.XmlElementDecl$GLOBAL                                 : loaded 2 times (x 71B)
Class com.sun.xml.bind.v2.model.impl.RuntimeBuiltinLeafInfoImpl$2                     : loaded 2 times (x 136B)
Class com.sun.xml.bind.v2.util.QNameMap$Entry                                         : loaded 2 times (x 72B)
Class com.android.build.gradle.internal.SdkComponentsBuildService$VersionedSdkLoader$buildToolInfoProvider$1: loaded 2 times (x 75B)
Class com.android.build.gradle.internal.scope.InternalArtifactType$RENDERSCRIPT_HEADERS: loaded 2 times (x 74B)
Class com.android.build.gradle.internal.tasks.StripDebugSymbolsTask                   : loaded 2 times (x 342B)
Class com.android.build.gradle.internal.scope.InternalArtifactType$DATA_BINDING_LAYOUT_INFO_TYPE_MERGE: loaded 2 times (x 74B)
Class com.google.common.base.Ascii                                                    : loaded 2 times (x 71B)
Class org.jetbrains.kotlin.statistics.metrics.NumberAnonymizationPolicy               : loaded 2 times (x 85B)
Class com.android.repository.Revision                                                 : loaded 2 times (x 87B)
Class com.android.build.gradle.internal.tasks.DexMergingTask$SharedParams             : loaded 2 times (x 78B)
Class com.google.common.io.ByteSource$ConcatenatedByteSource                          : loaded 2 times (x 85B)
Class com.android.ide.common.blame.Message$Kind$Companion                             : loaded 2 times (x 71B)
Class com.android.zipflinger.PayloadInputStream                                       : loaded 2 times (x 93B)
Class com.google.common.base.CharMatcher$None                                         : loaded 2 times (x 112B)
Class jdk.internal.jrtfs.JrtFileSystemProvider                                        : loaded 2 times (x 101B)
Class com.amazon.ion.impl.IonWriterSystem                                             : loaded 2 times (x 171B)
Class com.amazon.ion.impl.bin.Symbols$2                                               : loaded 2 times (x 107B)
Class com.amazon.ion.impl.bin._Private_IonManagedWriter                               : loaded 2 times (x 70B)
Class com.android.ide.gradle.model.GradlePropertiesModel                              : loaded 2 times (x 70B)
Class kotlin.sequences.TransformingSequence$iterator$1                                : loaded 2 times (x 79B)
Class kotlin.Pair                                                                     : loaded 2 times (x 72B)
Class org.gradle.tooling.internal.adapter.ProtocolToModelAdapter$SupportedPropertyInvoker: loaded 2 times (x 76B)
Class org.gradle.tooling.model.UnsupportedMethodException                             : loaded 2 times (x 82B)
Class com.android.tools.r8.graph.cb                                                   : loaded 2 times (x 107B)
Class com.android.build.gradle.internal.tasks.DexMergingTask$SharedParams$Inject_     : loaded 2 times (x 109B)
Class com.google.common.collect.AbstractSetMultimap                                   : loaded 2 times (x 174B)
Class com.android.tools.r8.internal.s50                                               : loaded 2 times (x 78B)
Class com.android.builder.utils.SynchronizedFile                                      : loaded 2 times (x 72B)
Class com.google.common.collect.MapMakerInternalMap$AbstractStrongKeyEntry            : loaded 2 times (x 80B)
Class com.android.tools.r8.internal.qm0                                               : loaded 2 times (x 161B)
Class com.android.tools.r8.dex.x0                                                     : loaded 2 times (x 81B)
Class com.android.tools.r8.internal.x22                                               : loaded 2 times (x 78B)
Class com.android.tools.r8.synthesis.w                                                : loaded 2 times (x 72B)
Class com.android.tools.r8.internal.nf0                                               : loaded 2 times (x 161B)
Class com.android.tools.r8.internal.xl4                                               : loaded 2 times (x 70B)
Class com.android.tools.r8.internal.ai0                                               : loaded 2 times (x 284B)
Class com.android.tools.r8.internal.dc3                                               : loaded 2 times (x 71B)
Class com.android.tools.r8.internal.rz                                                : loaded 2 times (x 73B)
Class com.android.tools.r8.ir.optimize.i0                                             : loaded 2 times (x 71B)
Class com.android.tools.r8.internal.a1                                                : loaded 2 times (x 86B)
Class com.android.tools.r8.internal.od1                                               : loaded 2 times (x 278B)
Class com.android.tools.r8.internal.lz2                                               : loaded 2 times (x 284B)
Class com.android.tools.r8.internal.ll                                                : loaded 2 times (x 124B)
Class com.android.build.api.variant.impl.BuiltArtifactsImpl$initializedElementType$2  : loaded 2 times (x 79B)
Class com.android.tools.r8.internal.tg3                                               : loaded 2 times (x 97B)
Class com.android.tools.r8.internal.p84                                               : loaded 2 times (x 74B)
Class com.android.tools.r8.internal.d8                                                : loaded 2 times (x 288B)
Class com.android.tools.r8.graph.n9                                                   : loaded 2 times (x 76B)
Class com.android.build.gradle.internal.dependency.AarToClassTransform$Params$Inject_ : loaded 2 times (x 108B)
Class com.android.ide.common.resources.AssetFile                                      : loaded 2 times (x 83B)
Class com.google.common.io.CharSource$StringCharSource                                : loaded 2 times (x 86B)
Class com.google.common.io.ByteSource$ByteArrayByteSource                             : loaded 2 times (x 85B)
Class com.android.builder.model.v2.ide.BytecodeTransformation                         : loaded 2 times (x 79B)
Class com.android.tools.r8.internal.ie                                                : loaded 2 times (x 294B)
Class com.android.tools.r8.internal.yi                                                : loaded 2 times (x 83B)
Class com.android.tools.r8.internal.dp0                                               : loaded 2 times (x 73B)
Class com.android.tools.r8.internal.f20                                               : loaded 2 times (x 79B)
Class com.android.tools.r8.internal.w41                                               : loaded 2 times (x 96B)
Class com.android.tools.r8.internal.q5                                                : loaded 2 times (x 105B)
Class com.sun.xml.bind.v2.runtime.Name                                                : loaded 2 times (x 75B)
Class com.sun.xml.bind.v2.model.impl.RuntimeBuiltinLeafInfoImpl$3                     : loaded 2 times (x 136B)
Class com.sun.xml.bind.v2.model.core.BuiltinLeafInfo                                  : loaded 2 times (x 70B)
Class com.android.repository.impl.generated.v2.DependenciesType                       : loaded 2 times (x 75B)
Class com.android.sdklib.repository.AndroidSdkHandler$InstanceProvider                : loaded 2 times (x 70B)
Class com.android.sdklib.OptionalLibrary                                              : loaded 2 times (x 70B)
Class com.android.build.api.artifact.SingleArtifact$OBFUSCATION_MAPPING_PARTITION_FILE: loaded 2 times (x 74B)
Class com.android.build.gradle.internal.dependency.DexingOutputSplitTransform$Inject_1: loaded 2 times (x 109B)
Class com.android.build.gradle.internal.dependency.DexingNoClasspathTransform         : loaded 2 times (x 81B)
Class com.android.tools.r8.internal.j8                                                : loaded 2 times (x 288B)
Class com.android.build.gradle.internal.scope.InternalArtifactType$MERGED_RES         : loaded 2 times (x 74B)
Class com.android.build.api.artifact.SingleArtifact$MERGED_MANIFEST                   : loaded 2 times (x 74B)
Class com.android.build.gradle.tasks.ExtractDeepLinksTask                             : loaded 2 times (x 339B)
Class com.android.build.gradle.internal.tasks.NonIncrementalTask                      : loaded 2 times (x 333B)
Class com.android.tools.r8.internal.oe                                                : loaded 2 times (x 87B)
Class com.android.tools.r8.internal.i23                                               : loaded 2 times (x 115B)
Class com.android.tools.r8.internal.eo                                                : loaded 2 times (x 125B)
Class com.google.wireless.android.sdk.stats.GradleBuildProject                        : loaded 2 times (x 260B)
Class com.google.wireless.android.sdk.stats.GradleBuildProfileSpan$ExecutionType      : loaded 2 times (x 87B)
Class com.android.build.gradle.internal.errors.SyncIssueReporterImpl$GlobalSyncIssueService: loaded 2 times (x 82B)
Class com.android.build.gradle.options.ProjectOptions                                 : loaded 2 times (x 72B)
Class com.amazon.ion.impl.lite.IonContainerLite                                       : loaded 2 times (x 249B)
Class com.amazon.ion.IonBufferConfiguration$OversizedSymbolTableHandler               : loaded 2 times (x 70B)
Class com.amazon.ion.system.IonWriterBuilder                                          : loaded 2 times (x 74B)
Class org.jetbrains.plugins.gradle.tooling.serialization.ToolingStreamApiUtils        : loaded 2 times (x 71B)
Class com.amazon.ion.facet.Faceted                                                    : loaded 2 times (x 70B)
Class kotlin.collections.CollectionsKt__MutableCollectionsKt                          : loaded 2 times (x 71B)
Class org.jetbrains.kotlin.buildtools.api.SharedApiClassesClassLoader                 : loaded 2 times (x 71B)
Class [Lcom.android.tools.r8.internal.jn$a;                                           : loaded 2 times (x 69B)
Class com.android.tools.r8.internal.mh0                                               : loaded 2 times (x 162B)
Class com.android.tools.r8.n                                                          : loaded 2 times (x 71B)
Class com.android.tools.r8.D8Command$Builder                                          : loaded 2 times (x 178B)
Class com.android.tools.r8.synthesis.x                                                : loaded 2 times (x 72B)
Class com.android.tools.r8.internal.x23                                               : loaded 2 times (x 111B)
Class com.android.tools.r8.internal.a2                                                : loaded 2 times (x 74B)
Class com.android.tools.r8.internal.u80                                               : loaded 2 times (x 72B)
Class com.android.tools.r8.internal.v61                                               : loaded 2 times (x 158B)
Class com.android.tools.r8.ir.optimize.i1                                             : loaded 2 times (x 71B)
Class com.android.tools.r8.internal.f21                                               : loaded 2 times (x 156B)
Class com.android.tools.r8.internal.ze0                                               : loaded 2 times (x 163B)
Class com.android.tools.r8.internal.nf1                                               : loaded 2 times (x 70B)
Class com.android.tools.r8.internal.fy0                                               : loaded 2 times (x 93B)
Class com.android.tools.r8.shaking.w4                                                 : loaded 2 times (x 81B)
Class [Lcom.android.tools.r8.internal.ad2;                                            : loaded 2 times (x 69B)
Class com.android.tools.r8.internal.lm                                                : loaded 2 times (x 126B)
Class com.android.tools.r8.internal.bg2                                               : loaded 2 times (x 104B)
Class com.android.tools.r8.DexIndexedConsumer                                         : loaded 2 times (x 70B)
Class com.android.tools.r8.internal.q6                                                : loaded 2 times (x 70B)
Class com.android.build.gradle.tasks.ProcessTestManifest_Decorated                    : loaded 2 times (x 431B)
Class com.android.build.gradle.internal.scope.InternalArtifactType$LINT_INTERMEDIATE_TEXT_REPORT: loaded 2 times (x 74B)
Class com.android.tools.r8.internal.rk2                                               : loaded 2 times (x 285B)
Class com.android.tools.r8.internal.lz3                                               : loaded 2 times (x 94B)
Class com.android.tools.r8.internal.vc                                                : loaded 2 times (x 82B)
Class com.android.tools.r8.internal.bw                                                : loaded 2 times (x 75B)
Class com.android.tools.r8.internal.yj                                                : loaded 2 times (x 82B)
Class [Lcom.android.tools.r8.internal.n74;                                            : loaded 2 times (x 69B)
Class com.android.tools.r8.graph.k3                                                   : loaded 2 times (x 163B)
Class com.android.builder.model.v2.ide.CodeShrinker                                   : loaded 2 times (x 79B)
Class org.jetbrains.kotlin.gradle.tasks.DefaultKotlinJavaToolchain_Decorated          : loaded 2 times (x 122B)
Class com.android.build.gradle.internal.scope.InternalArtifactType$BUILT_IN_KAPT_CLASSES_DIR: loaded 2 times (x 74B)
Class com.android.build.gradle.tasks.JdkImageInput                                    : loaded 2 times (x 75B)
Class com.sun.xml.bind.v2.model.runtime.RuntimeAttributePropertyInfo                  : loaded 2 times (x 70B)
Class com.sun.xml.bind.v2.model.impl.RuntimeBuiltinLeafInfoImpl$4                     : loaded 2 times (x 136B)
Class com.sun.xml.bind.v2.model.core.ErrorHandler                                     : loaded 2 times (x 70B)
Class com.sun.xml.bind.v2.runtime.ClassBeanInfoImpl                                   : loaded 2 times (x 92B)
Class javax.xml.bind.Marshaller                                                       : loaded 2 times (x 70B)
Class com.sun.xml.bind.v2.model.runtime.RuntimeNonElement                             : loaded 2 times (x 70B)
Class com.android.repository.impl.generated.v1.CompleteType                           : loaded 2 times (x 83B)
Class [Ljavax.xml.bind.annotation.XmlNsForm;                                          : loaded 2 times (x 69B)
Class com.android.builder.dexing.DexingType                                           : loaded 2 times (x 79B)
Class com.android.build.gradle.internal.services.FakeDependencyJarBuildService$FakeDependencyJarCreator$Params_Decorated: loaded 2 times (x 132B)
Class com.android.build.gradle.internal.services.FakeDependencyJarBuildService$FakeDependencyJarCreator: loaded 2 times (x 80B)
Class com.google.common.util.concurrent.AbstractFuture$UnsafeAtomicHelper$1           : loaded 2 times (x 76B)
Class org.jetbrains.kotlin.build.report.metrics.ValueType                             : loaded 2 times (x 79B)
Class org.jetbrains.kotlin.gradle.plugin.KotlinCompilerArgumentsProducer              : loaded 2 times (x 70B)
Class org.jetbrains.kotlin.gradle.dsl.KotlinCommonOptions                             : loaded 2 times (x 70B)
Class com.android.utils.DateProvider$1                                                : loaded 2 times (x 75B)
Class com.android.tools.r8.internal.fr2                                               : loaded 2 times (x 111B)
Class com.android.tools.r8.internal.xb0                                               : loaded 2 times (x 71B)
Class com.android.tools.r8.internal.t31                                               : loaded 2 times (x 72B)
Class com.amazon.ion.impl.bin.utf8.Poolable                                           : loaded 2 times (x 79B)
Class com.amazon.ion.IonSymbol                                                        : loaded 2 times (x 70B)
Class io.opentelemetry.api.trace.SpanContext                                          : loaded 2 times (x 70B)
Class io.opentelemetry.api.trace.DefaultTracer$NoopSpanBuilder                        : loaded 2 times (x 91B)
Class org.jetbrains.plugins.gradle.tooling.serialization.AnnotationProcessingModelSerializationService$WriteContext: loaded 2 times (x 72B)
Class ijInit1_a3nttfldymfjyju12sejz6bz9                                               : loaded 2 times (x 171B)
Class kotlin.io.TerminateException                                                    : loaded 2 times (x 82B)
Class kotlin.io.FilesKt__FilePathComponentsKt                                         : loaded 2 times (x 71B)
Class com.google.common.collect.ImmutableRangeSet$1                                   : loaded 2 times (x 210B)
Class kotlin.reflect.KCallable                                                        : loaded 2 times (x 70B)
Class com.android.tools.r8.internal.ln                                                : loaded 2 times (x 128B)
Class com.android.utils.concurrency.ReadWriteProcessLock$Lock                         : loaded 2 times (x 70B)
Class com.android.tools.r8.internal.lj0                                               : loaded 2 times (x 161B)
Class [Lcom.android.tools.r8.graph.q6$l;                                              : loaded 2 times (x 69B)
Class com.android.tools.r8.internal.po1                                               : loaded 2 times (x 82B)
Class com.android.tools.r8.internal.ce4                                               : loaded 2 times (x 73B)
Class com.android.tools.r8.internal.q30                                               : loaded 2 times (x 73B)
Class com.android.tools.r8.graph.cd                                                   : loaded 2 times (x 132B)
Class com.android.tools.r8.synthesis.y                                                : loaded 2 times (x 110B)
Class com.android.tools.r8.internal.yg0                                               : loaded 2 times (x 161B)
Class com.android.tools.r8.internal.ic0                                               : loaded 2 times (x 72B)
Class com.android.tools.r8.internal.vd                                                : loaded 2 times (x 71B)
Class com.android.tools.r8.internal.rk3                                               : loaded 2 times (x 284B)
Class com.android.tools.r8.internal.e41                                               : loaded 2 times (x 70B)
Class com.android.tools.r8.internal.ze1                                               : loaded 2 times (x 267B)
Class com.android.tools.r8.internal.hu3                                               : loaded 2 times (x 74B)
Class com.android.tools.r8.internal.dp2                                               : loaded 2 times (x 74B)
Class com.android.tools.r8.internal.yk                                                : loaded 2 times (x 131B)
Class [Lcom.android.tools.r8.internal.rr2;                                            : loaded 2 times (x 69B)
Class [Lcom.android.tools.r8.graph.nc;                                                : loaded 2 times (x 69B)
Class com.android.tools.r8.internal.rx0                                               : loaded 2 times (x 94B)
Class com.android.tools.r8.internal.tt2                                               : loaded 2 times (x 71B)
Class com.android.tools.r8.graph.pa                                                   : loaded 2 times (x 76B)
Class com.android.tools.r8.internal.rz2$c$a                                           : loaded 2 times (x 78B)
Class com.android.tools.r8.internal.od3                                               : loaded 2 times (x 82B)
Class com.android.build.gradle.internal.attribution.BuildAnalyzerService$Companion    : loaded 2 times (x 71B)
Class com.android.tools.r8.internal.g1                                                : loaded 2 times (x 82B)
Class com.android.build.gradle.internal.tasks.DexArchiveBuilderTask$DexingOutputs_Decorated: loaded 2 times (x 129B)
Class com.android.ide.common.resources.SingleFileProcessor                            : loaded 2 times (x 70B)
Class com.android.build.gradle.tasks.ProcessPackagedManifestTask_Decorated            : loaded 2 times (x 386B)
Class com.android.build.gradle.internal.tasks.ValidateSigningTask_Decorated           : loaded 2 times (x 385B)
Class com.android.build.gradle.internal.attribution.BuildAnalyzerService              : loaded 2 times (x 84B)
Class com.android.build.gradle.internal.profile.NoOpAnalyticsService$Inject_          : loaded 2 times (x 130B)
Class com.android.tools.r8.internal.ou                                                : loaded 2 times (x 79B)
Class com.android.tools.r8.synthesis.y0                                               : loaded 2 times (x 70B)
Class com.android.tools.r8.graph.x1                                                   : loaded 2 times (x 72B)
Class com.android.tools.r8.internal.g03                                               : loaded 2 times (x 71B)
Class [Lcom.android.tools.r8.graph.i6;                                                : loaded 2 times (x 69B)
Class com.android.tools.r8.graph.k4                                                   : loaded 2 times (x 74B)
Class org.jetbrains.kotlin.build.report.metrics.BuildTimes$Companion                  : loaded 2 times (x 71B)
Class com.sun.xml.bind.v2.runtime.unmarshaller.UnmarshallingContext$State             : loaded 2 times (x 72B)
Class com.sun.xml.bind.v2.runtime.unmarshaller.UnmarshallingContext$ExpectedTypeRootLoader: loaded 2 times (x 80B)
Class com.sun.xml.bind.v2.runtime.ElementBeanInfoImpl$1                               : loaded 2 times (x 106B)
Class com.sun.xml.bind.v2.runtime.property.ArrayERProperty$ItemsLoader                : loaded 2 times (x 78B)
Class com.sun.xml.bind.v2.model.impl.GetterSetterPropertySeed                         : loaded 2 times (x 90B)
Class com.sun.xml.bind.v2.model.impl.RuntimeBuiltinLeafInfoImpl$5                     : loaded 2 times (x 136B)
Class com.android.sdklib.repository.generated.common.v2.IdDisplayType                 : loaded 2 times (x 83B)
Class com.android.sdklib.repository.generated.sysimg.v3.package-info                  : loaded 2 times (x 70B)
Class com.android.build.gradle.internal.scope.InternalArtifactType$DATA_BINDING_BASE_CLASS_LOG_ARTIFACT: loaded 2 times (x 74B)
Class com.android.tools.r8.internal.ma2                                               : loaded 2 times (x 71B)
Class org.jetbrains.kotlin.gradle.plugin.VariantImplementationFactories$Parameters_Decorated: loaded 2 times (x 130B)
Class org.jetbrains.kotlin.gradle.tasks.KotlinCompileTool                             : loaded 2 times (x 70B)
Class com.android.io.CancellableFileIo                                                : loaded 2 times (x 71B)
Class com.google.protobuf.Descriptors$FieldDescriptor                                 : loaded 2 times (x 88B)
Class com.android.build.gradle.internal.errors.SyncIssueReporterImpl$GlobalSyncIssueService$Parameters: loaded 2 times (x 70B)
Class [Lcom.android.tools.r8.graph.x5;                                                : loaded 2 times (x 69B)
Class com.android.build.api.variant.ComponentIdentity                                 : loaded 2 times (x 70B)
Class org.jetbrains.kotlin.idea.gradleTooling.KotlinGradlePluginVersion               : loaded 2 times (x 70B)
Class com.intellij.compose.ide.plugin.gradleTooling.rt.ComposeResourcesModel          : loaded 2 times (x 70B)
Class com.intellij.gradle.toolingExtension.impl.util.collectionUtil.GradleCollections : loaded 2 times (x 71B)
Class com.amazon.ion.impl.lite.IonStructLite                                          : loaded 2 times (x 299B)
Class com.amazon.ion.impl._Private_ReaderWriter                                       : loaded 2 times (x 70B)
Class com.amazon.ion.impl.bin.AbstractSymbolTable                                     : loaded 2 times (x 107B)
Class com.amazon.ion.Decimal                                                          : loaded 2 times (x 133B)
Class com.amazon.ion.impl.bin._Private_IonManagedBinaryWriterBuilder$AllocatorMode$1  : loaded 2 times (x 80B)
Class org.jetbrains.plugins.gradle.tooling.serialization.ProjectDependenciesSerializationService$WriteContext: loaded 2 times (x 72B)
Class org.jetbrains.plugins.gradle.tooling.serialization.ProjectDependenciesSerializationService: loaded 2 times (x 77B)
Class kotlin.text.CharsKt                                                             : loaded 2 times (x 71B)
Class com.google.common.collect.Range                                                 : loaded 2 times (x 86B)
Class org.gradle.tooling.model.kotlin.dsl.KotlinDslScriptModel                        : loaded 2 times (x 70B)
Class org.gradle.tooling.internal.adapter.CollectionMapper                            : loaded 2 times (x 73B)
Class org.jetbrains.kotlin.cli.common.messages.MessageCollector$Companion             : loaded 2 times (x 71B)
Class com.android.tools.r8.internal.kl0                                               : loaded 2 times (x 161B)
Class com.android.tools.r8.internal.ub0                                               : loaded 2 times (x 161B)
Class com.android.tools.r8.naming.v0                                                  : loaded 2 times (x 70B)
Class com.android.tools.r8.graph.x2                                                   : loaded 2 times (x 140B)
Class com.android.tools.r8.synthesis.z                                                : loaded 2 times (x 72B)
Class com.android.tools.r8.internal.a4                                                : loaded 2 times (x 176B)
Class com.android.tools.r8.internal.xi0                                               : loaded 2 times (x 161B)
Class [Lcom.android.tools.r8.internal.oj4;                                            : loaded 2 times (x 69B)
Class com.android.tools.r8.internal.ih                                                : loaded 2 times (x 72B)
Class com.android.tools.r8.internal.ns0                                               : loaded 2 times (x 72B)
Class com.android.tools.r8.internal.q31                                               : loaded 2 times (x 72B)
Class com.android.tools.r8.internal.nf3                                               : loaded 2 times (x 129B)
Class com.android.tools.r8.internal.yl                                                : loaded 2 times (x 71B)
Class com.android.tools.r8.internal.ic1                                               : loaded 2 times (x 114B)
Class com.android.tools.r8.internal.ze2                                               : loaded 2 times (x 114B)
Class com.android.tools.r8.internal.bg4                                               : loaded 2 times (x 82B)
Class com.android.tools.r8.internal.fa                                                : loaded 2 times (x 72B)
Class com.android.tools.r8.internal.yg1                                               : loaded 2 times (x 274B)
Class com.android.tools.r8.graph.pb                                                   : loaded 2 times (x 70B)
Class com.android.tools.r8.graph.q6$a                                                 : loaded 2 times (x 166B)
Class com.android.zipflinger.Location                                                 : loaded 2 times (x 78B)
Class org.jetbrains.kotlin.statistics.metrics.NumberAnonymizationPolicy$SAFE          : loaded 2 times (x 85B)
Class org.jetbrains.kotlin.tooling.core.KotlinToolingVersion                          : loaded 2 times (x 75B)
Class [Lcom.android.builder.model.v2.ide.LibraryType;                                 : loaded 2 times (x 69B)
Class com.android.builder.model.v2.ide.LibraryType                                    : loaded 2 times (x 79B)
Class com.google.common.io.ByteSink$AsCharSink                                        : loaded 2 times (x 80B)
Class com.android.tools.r8.androidapi.a                                               : loaded 2 times (x 79B)
Class com.android.tools.r8.internal.po2                                               : loaded 2 times (x 80B)
Class com.android.tools.r8.graph.k5                                                   : loaded 2 times (x 72B)
Class com.android.tools.r8.internal.d61                                               : loaded 2 times (x 81B)
Class com.sun.xml.bind.v2.runtime.property.SingleElementNodeProperty                  : loaded 2 times (x 102B)
Class com.sun.xml.bind.api.impl.NameConverter$1                                       : loaded 2 times (x 93B)
Class com.android.repository.impl.generated.v2.TypeDetails                            : loaded 2 times (x 75B)
Class com.sun.xml.bind.v2.model.impl.RuntimeBuiltinLeafInfoImpl$6                     : loaded 2 times (x 136B)
Class com.android.repository.impl.generated.v1.ChannelType                            : loaded 2 times (x 83B)
Class com.android.sdklib.repository.generated.repository.v2.package-info              : loaded 2 times (x 70B)
Class com.android.tools.r8.Version                                                    : loaded 2 times (x 71B)
Class com.android.build.gradle.internal.scope.InternalArtifactType$AP_GENERATED_SOURCES: loaded 2 times (x 74B)
Class com.android.build.gradle.internal.scope.InternalArtifactType$UPDATED_NAVIGATION_XML: loaded 2 times (x 74B)
Class com.android.tools.r8.internal.nl0                                               : loaded 2 times (x 161B)
Class org.apache.commons.io.file.PathUtils                                            : loaded 2 times (x 71B)
Class org.jetbrains.kotlin.gradle.plugin.KotlinGradleBuildServices$Parameters$Inject_ : loaded 2 times (x 106B)
Class org.jetbrains.kotlin.gradle.plugin.statistics.BuildFusService                   : loaded 2 times (x 84B)
Class com.android.tools.analytics.StubbableLazy                                       : loaded 2 times (x 76B)
Class com.android.tools.r8.graph.t9                                                   : loaded 2 times (x 82B)
Class com.android.build.gradle.internal.profile.TaskMetadata                          : loaded 2 times (x 72B)
Class com.android.tools.r8.graph.ib                                                   : loaded 2 times (x 105B)
Class com.google.protobuf.Internal$EnumLite                                           : loaded 2 times (x 70B)
Class org.gradle.kotlin.dsl.VersionCatalogAccessorsKt                                 : loaded 2 times (x 71B)
Class jdk.internal.jimage.ImageLocation                                               : loaded 2 times (x 90B)
Class jdk.internal.jrtfs.JrtDirectoryStream$1                                         : loaded 2 times (x 83B)
Class com.amazon.ion.impl.lite.IonFloatLite                                           : loaded 2 times (x 187B)
Class com.amazon.ion.impl._Private_IonTextWriterBuilder                               : loaded 2 times (x 102B)
Class com.amazon.ion.impl.bin._Private_IonManagedBinaryWriterBuilder$AllocatorMode$2  : loaded 2 times (x 80B)
Class io.opentelemetry.api.trace.DefaultTracerProvider                                : loaded 2 times (x 79B)
Class com.google.common.collect.ExplicitOrdering                                      : loaded 2 times (x 115B)
Class com.android.build.gradle.internal.tasks.DexMergingTaskDelegate$Companion$isDexFile$1: loaded 2 times (x 78B)
Class com.android.tools.r8.internal.td0                                               : loaded 2 times (x 72B)
Class com.android.tools.r8.kotlin.t0                                                  : loaded 2 times (x 82B)
Class com.android.tools.r8.internal.wk0                                               : loaded 2 times (x 161B)
Class com.android.tools.r8.dex.h0                                                     : loaded 2 times (x 72B)
Class com.android.tools.r8.internal.jn0                                               : loaded 2 times (x 73B)
Class com.android.tools.r8.internal.o70                                               : loaded 2 times (x 71B)
Class com.android.tools.r8.internal.gg0                                               : loaded 2 times (x 170B)
Class com.android.tools.r8.internal.nf4                                               : loaded 2 times (x 72B)
Class com.android.tools.r8.internal.he1                                               : loaded 2 times (x 71B)
Class com.android.tools.r8.internal.v64                                               : loaded 2 times (x 73B)
Class com.android.tools.r8.internal.bt2                                               : loaded 2 times (x 118B)
Class com.android.tools.r8.internal.xi1                                               : loaded 2 times (x 78B)
Class com.android.tools.r8.internal.ub1                                               : loaded 2 times (x 70B)
Class com.android.tools.r8.internal.kl1                                               : loaded 2 times (x 74B)
Class com.android.tools.r8.internal.lp                                                : loaded 2 times (x 79B)
Class com.android.tools.r8.graph.q6$b                                                 : loaded 2 times (x 167B)
Class com.android.build.gradle.internal.tasks.Blocks                                  : loaded 2 times (x 71B)
Class [Lorg.jetbrains.kotlin.statistics.metrics.NumericalMetrics;                     : loaded 2 times (x 69B)
Class com.android.tools.r8.androidapi.b                                               : loaded 2 times (x 79B)
Class com.android.tools.r8.internal.fy3                                               : loaded 2 times (x 198B)
Class [Lcom.android.tools.r8.internal.vr0;                                            : loaded 2 times (x 69B)
Class com.android.tools.r8.internal.ym                                                : loaded 2 times (x 127B)
Class com.android.tools.r8.threading.providers.blocking.ThreadingModuleBlockingProvider: loaded 2 times (x 74B)
Class com.android.tools.r8.internal.q9                                                : loaded 2 times (x 75B)
Class com.android.tools.r8.graph.x3                                                   : loaded 2 times (x 73B)
Class com.android.tools.r8.graph.k6                                                   : loaded 2 times (x 135B)
Class com.android.tools.r8.internal.c81                                               : loaded 2 times (x 146B)
Class com.android.tools.r8.ResourceException                                          : loaded 2 times (x 83B)
Class com.android.tools.r8.internal.zr0                                               : loaded 2 times (x 70B)
Class com.android.tools.r8.Diagnostic                                                 : loaded 2 times (x 70B)
Class com.android.build.gradle.internal.utils.DesugarConfigJson$Companion             : loaded 2 times (x 71B)
Class org.jetbrains.kotlin.build.report.metrics.BuildAttribute$Companion              : loaded 2 times (x 71B)
Class com.android.sdklib.repository.targets.PlatformTarget$Library                    : loaded 2 times (x 72B)
Class com.sun.xml.bind.v2.runtime.reflect.PrimitiveArrayListerDouble                  : loaded 2 times (x 76B)
Class com.sun.xml.bind.v2.runtime.unmarshaller.Loader                                 : loaded 2 times (x 77B)
Class com.sun.xml.bind.api.impl.NameConverter$2                                       : loaded 2 times (x 93B)
Class com.sun.xml.bind.v2.model.impl.RuntimeBuiltinLeafInfoImpl$7                     : loaded 2 times (x 136B)
Class com.sun.xml.bind.v2.model.runtime.RuntimeClassInfo                              : loaded 2 times (x 70B)
Class com.android.sdklib.repository.generated.repository.v3.LayoutlibType             : loaded 2 times (x 74B)
Class com.android.build.gradle.internal.scope.InternalArtifactType$ANDROID_TEST_RESULTS: loaded 2 times (x 74B)
Class com.android.build.gradle.internal.scope.InternalArtifactType$APK_FROM_BUNDLE_IDE_REDIRECT_FILE: loaded 2 times (x 74B)
Class org.jetbrains.kotlin.gradle.plugin.diagnostics.IsAttachedToTerminalValueSource$Inject_: loaded 2 times (x 100B)
Class org.bouncycastle.jce.provider.BouncyCastleProvider                              : loaded 2 times (x 169B)
Class com.google.wireless.android.sdk.stats.GradleBuildMemorySampleOrBuilder          : loaded 2 times (x 70B)
Class org.gradle.internal.classloader.DefaultClassLoaderFactory                       : loaded 2 times (x 82B)
Class org.jetbrains.plugins.gradle.ExternalDependencyId                               : loaded 2 times (x 70B)
Class com.amazon.ion.impl._Private_IonReaderBuilder                                   : loaded 2 times (x 97B)
Class com.amazon.ion.IonMutableCatalog                                                : loaded 2 times (x 70B)
Class gnu.trove.THash                                                                 : loaded 2 times (x 81B)
Class com.intellij.gradle.toolingExtension.impl.model.buildScriptClasspathModel.GradleBuildScriptClasspathSerializationService$WriteContext: loaded 2 times (x 72B)
Class org.gradle.tooling.internal.adapter.ProtocolToModelAdapter                      : loaded 2 times (x 80B)
Class com.google.common.collect.HashMultimapGwtSerializationDependencies              : loaded 2 times (x 174B)
Class com.android.tools.r8.internal.jn1                                               : loaded 2 times (x 79B)
Class com.android.tools.r8.internal.vm0                                               : loaded 2 times (x 161B)
Class [Lcom.android.tools.r8.AssertionsConfiguration$a;                               : loaded 2 times (x 69B)
Class com.android.tools.r8.D8                                                         : loaded 2 times (x 71B)
Class com.android.tools.r8.internal.ze4                                               : loaded 2 times (x 75B)
Class com.android.tools.r8.internal.cb0                                               : loaded 2 times (x 161B)
Class com.android.tools.r8.internal.sf0                                               : loaded 2 times (x 161B)
Class com.android.tools.r8.internal.fi0                                               : loaded 2 times (x 161B)
Class [Lcom.android.tools.r8.internal.kp;                                             : loaded 2 times (x 69B)
Class com.android.tools.r8.internal.n3                                                : loaded 2 times (x 134B)
Class com.android.tools.r8.internal.k20                                               : loaded 2 times (x 70B)
Class com.android.tools.r8.AssertionsConfiguration$a                                  : loaded 2 times (x 79B)
Class com.android.tools.r8.internal.ip0                                               : loaded 2 times (x 76B)
Class com.android.tools.r8.internal.vg                                                : loaded 2 times (x 94B)
Class com.android.tools.r8.graph.q6$c                                                 : loaded 2 times (x 167B)
Class com.android.manifmerger.ManifestMerger2$MergeFailureException                   : loaded 2 times (x 82B)
Class com.android.buildanalyzer.common.TaskCategoryIssue                              : loaded 2 times (x 79B)
Class com.android.builder.model.v2.ide.AndroidGradlePluginProjectFlags$BooleanFlag    : loaded 2 times (x 79B)
Class com.android.tools.r8.internal.fc                                                : loaded 2 times (x 73B)
Class com.android.tools.r8.internal.o71                                               : loaded 2 times (x 70B)
Class com.android.tools.r8.internal.wk1                                               : loaded 2 times (x 71B)
Class com.android.tools.r8.graph.h0                                                   : loaded 2 times (x 164B)
Class com.android.tools.r8.graph.x4                                                   : loaded 2 times (x 73B)
Class com.android.tools.r8.graph.k7                                                   : loaded 2 times (x 141B)
Class com.sun.xml.bind.v2.model.impl.RuntimeBuiltinLeafInfoImpl$8                     : loaded 2 times (x 136B)
Class com.sun.xml.bind.api.ErrorListener                                              : loaded 2 times (x 70B)
Class com.sun.istack.FinalArrayList                                                   : loaded 2 times (x 209B)
Class com.android.sdklib.repository.generated.repository.v2.ObjectFactory             : loaded 2 times (x 79B)
Class com.android.build.gradle.internal.SdkComponentsBuildService$VersionedSdkLoader$targetBootClasspathProvider$1: loaded 2 times (x 75B)
Class com.google.common.collect.AbstractMapBasedMultimap$KeySet$1                     : loaded 2 times (x 82B)
Class org.jetbrains.kotlin.gradle.tasks.CompileUsingKotlinDaemonWithNormalization     : loaded 2 times (x 70B)
Class org.objectweb.asm.ClassWriter                                                   : loaded 2 times (x 106B)
Class com.android.ide.common.gradle.Separator                                         : loaded 2 times (x 79B)
Class org.jetbrains.kotlin.gradle.plugin.KotlinGradleBuildServices$Companion          : loaded 2 times (x 71B)
Class com.android.build.gradle.internal.SdkComponentsBuildService                     : loaded 2 times (x 80B)
Class [Lcom.android.prefs.VariableValue;                                              : loaded 2 times (x 69B)
Class com.android.build.gradle.internal.utils.EnvironmentProviderImpl                 : loaded 2 times (x 78B)
Class com.android.build.gradle.internal.services.Aapt2ThreadPoolBuildService          : loaded 2 times (x 80B)
Class com.google.wireless.android.sdk.stats.GradleBuildProfileSpan$ExecutionType$1    : loaded 2 times (x 76B)
Class com.intellij.util.containers.IntObjectHashMap$ArrayProducer                     : loaded 2 times (x 70B)
Class com.google.protobuf.Extension$ExtensionType                                     : loaded 2 times (x 79B)
Class com.google.protobuf.AbstractMessageLite$Builder$LimitedInputStream              : loaded 2 times (x 92B)
Class io.opentelemetry.api.GlobalOpenTelemetry                                        : loaded 2 times (x 71B)
Class com.amazon.ion.impl.bin.IonManagedBinaryWriter$ImportedSymbolResolverMode$1     : loaded 2 times (x 80B)
Class com.google.common.util.concurrent.ListeningExecutorService                      : loaded 2 times (x 70B)
Class jdk.internal.jimage.ImageBufferCache$1                                          : loaded 2 times (x 83B)
Class [Lio.opentelemetry.context.ThreadLocalContextStorage$NoopScope;                 : loaded 2 times (x 69B)
Class io.opentelemetry.context.ThreadLocalContextStorage$NoopScope                    : loaded 2 times (x 85B)
Class kotlin.collections.MapsKt__MapsJVMKt                                            : loaded 2 times (x 71B)
Class kotlin.collections.EmptyList                                                    : loaded 2 times (x 174B)
Class org.gradle.internal.time.DefaultTimer                                           : loaded 2 times (x 80B)
Class com.android.build.gradle.internal.tasks.DexMergingTaskDelegate$Params$Inject_   : loaded 2 times (x 116B)
Class com.android.tools.r8.graph.x5                                                   : loaded 2 times (x 75B)
Class com.android.tools.r8.internal.z80                                               : loaded 2 times (x 72B)
Class com.android.tools.r8.internal.oa0                                               : loaded 2 times (x 161B)
Class com.android.tools.r8.internal.k21                                               : loaded 2 times (x 71B)
Class com.android.tools.r8.internal.bd0                                               : loaded 2 times (x 165B)
Class com.android.tools.r8.internal.fd                                                : loaded 2 times (x 71B)
Class com.android.tools.r8.internal.rh0                                               : loaded 2 times (x 170B)
Class com.android.tools.r8.internal.fi1                                               : loaded 2 times (x 72B)
Class com.android.tools.r8.internal.yo                                                : loaded 2 times (x 72B)
Class com.android.tools.r8.internal.ky0                                               : loaded 2 times (x 70B)
Class com.android.tools.r8.internal.jn2                                               : loaded 2 times (x 80B)
Class com.android.tools.r8.internal.vh                                                : loaded 2 times (x 79B)
Class com.android.tools.r8.internal.lr                                                : loaded 2 times (x 286B)
Class com.android.tools.r8.internal.sf1                                               : loaded 2 times (x 84B)
Class com.android.tools.r8.internal.mu2                                               : loaded 2 times (x 129B)
Class com.android.tools.r8.synthesis.i0                                               : loaded 2 times (x 70B)
Class com.android.tools.r8.internal.td2                                               : loaded 2 times (x 72B)
Class com.android.tools.r8.graph.q6$d                                                 : loaded 2 times (x 167B)
Class com.android.tools.r8.internal.xv0                                               : loaded 2 times (x 76B)
Class com.android.ide.common.resources.AssetSet                                       : loaded 2 times (x 115B)
Class com.android.build.gradle.internal.tasks.MergeNativeDebugMetadataTask$Companion  : loaded 2 times (x 71B)
Class com.android.build.gradle.internal.scope.InternalArtifactType$LINT_VITAL_RETURN_VALUE: loaded 2 times (x 74B)
Class com.android.tools.r8.internal.oy                                                : loaded 2 times (x 72B)
Class com.android.tools.r8.internal.qz3                                               : loaded 2 times (x 196B)
Class com.android.tools.r8.internal.n91                                               : loaded 2 times (x 70B)
Class com.android.tools.r8.graph.h1                                                   : loaded 2 times (x 107B)
Class com.android.tools.r8.internal.cb1                                               : loaded 2 times (x 74B)
Class com.android.tools.r8.internal.xi3                                               : loaded 2 times (x 82B)
Class javax.xml.bind.annotation.XmlSchemaType$DEFAULT                                 : loaded 2 times (x 71B)
Class com.sun.xml.bind.v2.model.annotation.XmlSchemaTypeQuick                         : loaded 2 times (x 93B)
Class com.sun.xml.bind.v2.model.impl.RuntimeBuiltinLeafInfoImpl$10                    : loaded 2 times (x 136B)
Class com.sun.xml.bind.v2.model.impl.RuntimeBuiltinLeafInfoImpl$9                     : loaded 2 times (x 136B)
Class com.sun.xml.bind.v2.runtime.BridgeImpl                                          : loaded 2 times (x 87B)
Class com.android.repository.api.ProgressIndicator                                    : loaded 2 times (x 70B)
Class com.android.build.gradle.internal.dependency.EnumerateClassesTransform$Inject_1 : loaded 2 times (x 109B)
Class com.android.build.gradle.internal.dependency.IdentityTransform$Inject_1         : loaded 2 times (x 109B)
Class com.android.build.gradle.internal.scope.InternalArtifactType$MODULE_BUNDLE      : loaded 2 times (x 74B)
Class org.jetbrains.kotlin.gradle.plugin.diagnostics.ToolingDiagnosticRenderingOptions$Companion: loaded 2 times (x 71B)
Class org.jetbrains.kotlin.gradle.dsl.KotlinJvmCompilerOptionsHelper                  : loaded 2 times (x 71B)
Class com.android.build.gradle.internal.tasks.ProcessJavaResTask                      : loaded 2 times (x 574B)
Class org.objectweb.asm.FieldVisitor                                                  : loaded 2 times (x 77B)
Class org.jetbrains.kotlin.gradle.plugin.internal.ConfigurationCacheStartParameterAccessor$Factory: loaded 2 times (x 70B)
Class com.amazon.ion.impl.lite.IonSymbolLite                                          : loaded 2 times (x 247B)
Class [Lcom.amazon.ion.impl.bin.IonRawBinaryWriter$StreamCloseMode;                   : loaded 2 times (x 69B)
Class org.jetbrains.kotlin.idea.gradleTooling.AndroidAwareGradleModelProvider$Companion: loaded 2 times (x 71B)
Class com.google.protobuf.GeneratedMessageV3$BuilderParent                            : loaded 2 times (x 70B)
Class com.google.protobuf.Internal$IntList                                            : loaded 2 times (x 70B)
Class jdk.internal.jimage.ImageBufferCache$2                                          : loaded 2 times (x 91B)
Class org.jetbrains.kotlin.gradle.plugin.KotlinGradleBuildServices                    : loaded 2 times (x 80B)
Class com.amazon.ion.impl.bin.PooledBlockAllocatorProvider$PooledBlockAllocator$1     : loaded 2 times (x 79B)
Class com.amazon.ion.impl.lite.IonStringLite                                          : loaded 2 times (x 213B)
Class io.opentelemetry.context.ImplicitContextKeyed                                   : loaded 2 times (x 70B)
Class org.gradle.tooling.internal.adapter.ProtocolToModelAdapter$ViewKey              : loaded 2 times (x 72B)
Class com.google.common.collect.FluentIterable$1                                      : loaded 2 times (x 81B)
Class org.gradle.api.internal.classpath.DefaultModuleRegistry$DefaultModule           : loaded 2 times (x 82B)
Class org.jetbrains.kotlin.gradle.tasks.DefaultKotlinJavaToolchain                    : loaded 2 times (x 77B)
Class com.android.tools.r8.internal.dm0                                               : loaded 2 times (x 161B)
Class com.android.tools.r8.dex.u0                                                     : loaded 2 times (x 77B)
Class com.android.tools.r8.internal.he4                                               : loaded 2 times (x 73B)
Class com.android.tools.r8.shaking.t3                                                 : loaded 2 times (x 86B)
Class com.android.tools.r8.internal.xi4                                               : loaded 2 times (x 72B)
Class com.android.tools.r8.internal.af0                                               : loaded 2 times (x 161B)
Class com.android.tools.r8.internal.qj0                                               : loaded 2 times (x 161B)
Class com.android.tools.r8.internal.oa1                                               : loaded 2 times (x 74B)
Class com.android.tools.r8.internal.oz                                                : loaded 2 times (x 73B)
Class com.android.tools.r8.ir.optimize.f0                                             : loaded 2 times (x 71B)
Class com.android.tools.r8.internal.nc0                                               : loaded 2 times (x 112B)
Class com.android.tools.r8.internal.p54                                               : loaded 2 times (x 78B)
Class com.android.tools.r8.internal.ip2                                               : loaded 2 times (x 75B)
Class com.android.tools.r8.internal.k22                                               : loaded 2 times (x 74B)
Class com.android.tools.r8.internal.z81                                               : loaded 2 times (x 70B)
Class com.android.tools.r8.internal.il                                                : loaded 2 times (x 125B)
Class com.android.tools.r8.graph.x6                                                   : loaded 2 times (x 166B)
Class com.android.tools.r8.graph.q6$e                                                 : loaded 2 times (x 167B)
Class com.android.tools.r8.internal.sf2                                               : loaded 2 times (x 82B)
Class com.android.ide.common.resources.PatternBasedFileFilter                         : loaded 2 times (x 72B)
Class org.jetbrains.kotlin.gradle.tasks.DefaultKotlinJavaToolchain$Companion          : loaded 2 times (x 71B)
Class com.android.build.gradle.internal.AndroidJarInput$getAndroidJar$1               : loaded 2 times (x 74B)
Class com.android.tools.r8.internal.sb                                                : loaded 2 times (x 70B)
Class com.android.tools.r8.internal.bd1                                               : loaded 2 times (x 70B)
Class com.android.tools.r8.androidapi.e                                               : loaded 2 times (x 71B)
Class com.android.tools.r8.shaking.g6                                                 : loaded 2 times (x 72B)
Class com.android.tools.r8.graph.k9                                                   : loaded 2 times (x 88B)
Class com.android.tools.r8.graph.h2                                                   : loaded 2 times (x 351B)
Class com.android.tools.r8.internal.l03                                               : loaded 2 times (x 95B)
Class com.android.tools.r8.internal.uo1                                               : loaded 2 times (x 76B)
Class com.android.tools.r8.internal.w11                                               : loaded 2 times (x 80B)
Class com.android.repository.impl.meta.SchemaModuleUtil$NamespaceFallbackFilter       : loaded 2 times (x 153B)
Class [Lcom.sun.xml.bind.v2.runtime.unmarshaller.Scope;                               : loaded 2 times (x 69B)
Class com.android.repository.impl.generated.generic.v2.GenericDetailsType             : loaded 2 times (x 76B)
Class com.sun.xml.bind.v2.model.impl.RuntimeBuiltinLeafInfoImpl$11                    : loaded 2 times (x 136B)
Class com.sun.xml.bind.v2.model.core.ElementInfo                                      : loaded 2 times (x 70B)
Class com.sun.xml.bind.v2.model.runtime.RuntimeEnumLeafInfo                           : loaded 2 times (x 70B)
Class javax.xml.bind.GetPropertyAction                                                : loaded 2 times (x 75B)
Class com.android.repository.api.Checksum                                             : loaded 2 times (x 80B)
Class com.android.build.gradle.internal.PlatformComponents$Companion                  : loaded 2 times (x 71B)
Class com.android.build.gradle.internal.scope.InternalArtifactType$SUPPORTED_LOCALE_LIST: loaded 2 times (x 74B)
Class com.android.build.gradle.internal.dependency.BaseDexingTransform                : loaded 2 times (x 80B)
Class com.android.build.gradle.internal.PropertiesValueSource                         : loaded 2 times (x 78B)
Class com.android.build.gradle.internal.core.Abi                                      : loaded 2 times (x 79B)
Class com.android.build.gradle.internal.api.artifact.SourceArtifactType$ML_MODELS     : loaded 2 times (x 74B)
Class com.android.builder.model.v2.CustomSourceDirectory                              : loaded 2 times (x 70B)
Class org.objectweb.asm.MethodTooLargeException                                       : loaded 2 times (x 83B)
Class org.jetbrains.kotlin.gradle.utils.ResourceUtilsKt                               : loaded 2 times (x 71B)
Class org.jetbrains.kotlin.gradle.plugin.KotlinPluginWrapperKt$kotlinPluginVersionFromResources$1: loaded 2 times (x 78B)
Class com.android.build.gradle.internal.services.AndroidLocationsBuildService$AndroidLocations: loaded 2 times (x 82B)
Class com.google.protobuf.CodedInputStream$IterableDirectByteBufferDecoder            : loaded 2 times (x 120B)
Class com.google.protobuf.Internal$DoubleList                                         : loaded 2 times (x 70B)
Class com.android.build.gradle.tasks.PackageApplication                               : loaded 2 times (x 374B)
Class com.android.build.gradle.internal.scope.InternalArtifactType$MERGED_ART_PROFILE : loaded 2 times (x 74B)
Class com.amazon.ion.impl.bin.Block                                                   : loaded 2 times (x 79B)
Class io.opentelemetry.context.DefaultContextKey                                      : loaded 2 times (x 72B)
Class com.google.common.collect.NullsFirstOrdering                                    : loaded 2 times (x 115B)
Class kotlin.ResultKt                                                                 : loaded 2 times (x 71B)
Class org.gradle.tooling.internal.adapter.ProtocolToModelAdapter$PropertyCachingMethodInvoker: loaded 2 times (x 76B)
Class com.google.common.collect.FluentIterable$2                                      : loaded 2 times (x 81B)
Class org.jetbrains.kotlin.buildtools.api.KotlinLogger                                : loaded 2 times (x 70B)
Class com.android.tools.r8.internal.pl0                                               : loaded 2 times (x 161B)
Class [Lcom.android.tools.r8.graph.z5;                                                : loaded 2 times (x 69B)
Class com.android.tools.r8.internal.td4                                               : loaded 2 times (x 74B)
Class com.android.tools.r8.internal.u50                                               : loaded 2 times (x 78B)
Class com.android.tools.r8.graph.h3                                                   : loaded 2 times (x 71B)
Class com.android.tools.r8.internal.me0                                               : loaded 2 times (x 161B)
Class com.android.tools.r8.internal.l04                                               : loaded 2 times (x 75B)
Class com.android.tools.r8.internal.dm1                                               : loaded 2 times (x 288B)
Class com.android.tools.r8.internal.v31                                               : loaded 2 times (x 72B)
Class com.android.tools.r8.internal.h80                                               : loaded 2 times (x 78B)
Class com.android.tools.r8.internal.w12                                               : loaded 2 times (x 78B)
Class com.android.tools.r8.internal.bd2                                               : loaded 2 times (x 78B)
Class com.android.tools.r8.internal.im                                                : loaded 2 times (x 123B)
Class com.android.tools.r8.internal.lt                                                : loaded 2 times (x 70B)
Class com.android.tools.r8.graph.q6$f                                                 : loaded 2 times (x 167B)
Class com.android.build.gradle.internal.dependency.SubtractingArtifactCollection$SubtractingArtifactResult$readObject$1: loaded 2 times (x 79B)
Class org.jetbrains.kotlin.compilerRunner.CompilerExecutionSettings$Companion         : loaded 2 times (x 71B)
Class com.android.build.api.variant.BuiltArtifacts                                    : loaded 2 times (x 70B)
Class com.android.tools.r8.internal.o74                                               : loaded 2 times (x 70B)
Class com.android.tools.r8.internal.sc                                                : loaded 2 times (x 76B)
Class com.android.tools.r8.androidapi.f                                               : loaded 2 times (x 70B)
Class com.android.tools.r8.internal.oa2                                               : loaded 2 times (x 79B)
Class com.android.tools.r8.graph.u0                                                   : loaded 2 times (x 72B)
Class [Lcom.android.tools.r8.internal.um0;                                            : loaded 2 times (x 69B)
Class com.android.tools.r8.internal.vz0                                               : loaded 2 times (x 70B)
Class org.jetbrains.kotlin.build.report.metrics.BuildAttributeKind$Companion          : loaded 2 times (x 71B)
Class com.sun.xml.bind.v2.runtime.property.ArrayElementProperty                       : loaded 2 times (x 105B)
Class com.sun.xml.bind.api.impl.NameUtil                                              : loaded 2 times (x 80B)
Class com.sun.xml.bind.v2.util.ByteArrayOutputStreamEx                                : loaded 2 times (x 94B)
Class com.sun.xml.bind.v2.model.impl.RuntimeBuiltinLeafInfoImpl$12                    : loaded 2 times (x 136B)
Class com.sun.xml.bind.v2.model.impl.RuntimeBuiltinLeafInfoImpl$PcdataImpl            : loaded 2 times (x 134B)
Class com.sun.xml.bind.v2.model.impl.ElementInfoImpl                                  : loaded 2 times (x 109B)
Class com.sun.xml.bind.v2.model.annotation.AbstractInlineAnnotationReaderImpl         : loaded 2 times (x 104B)
Class com.android.sdklib.repository.meta.RepoFactory                                  : loaded 2 times (x 74B)
Class com.android.build.gradle.internal.errors.SyncIssueReporterImpl$GlobalSyncIssueService$Parameters$Inject_: loaded 2 times (x 112B)
Class com.android.builder.model.v2.models.ProjectSyncIssues                           : loaded 2 times (x 70B)
Class com.android.build.gradle.internal.dependency.AarTransform$Inject_1              : loaded 2 times (x 109B)
Class com.android.build.gradle.tasks.PackageApplication$CreationAction$handleProvider$3: loaded 2 times (x 125B)
Class org.jetbrains.kotlin.gradle.tasks.AbstractKotlinCompile                         : loaded 2 times (x 463B)
Class com.android.build.gradle.internal.scope.InternalArtifactType$EXTRACTED_APKS     : loaded 2 times (x 74B)
Class com.android.build.gradle.internal.manifest.ManifestValueSource                  : loaded 2 times (x 79B)
Class com.android.build.gradle.internal.dependency.ExtractAarTransform$Inject_1       : loaded 2 times (x 109B)
Class com.android.build.gradle.internal.scope.InternalArtifactType$LIBRARY_AND_LOCAL_JARS_JNI: loaded 2 times (x 74B)
Class com.android.build.gradle.internal.SdkComponentsBuildService$VersionedSdkLoader$buildToolsRevisionProvider$1: loaded 2 times (x 75B)
Class org.jetbrains.kotlin.gradle.plugin.KotlinPluginWrapperKt$kotlinPluginVersionFromResources$1$1: loaded 2 times (x 71B)
Class com.android.build.gradle.internal.res.Aapt2FromMaven$Companion$Aapt2Extractor$Inject_1: loaded 2 times (x 109B)
Class com.android.build.gradle.internal.dependency.JdkImageTransform$Parameters       : loaded 2 times (x 70B)
Class com.intellij.openapi.externalSystem.model.ExternalSystemException               : loaded 2 times (x 86B)
Class org.jetbrains.plugins.gradle.model.ExternalTask                                 : loaded 2 times (x 70B)
Class com.amazon.ion.impl.bin.utf8.Utf8StringEncoderPool$1                            : loaded 2 times (x 76B)
Class com.amazon.ion.impl.lite.IonLoaderLite                                          : loaded 2 times (x 82B)
Class com.amazon.ion.impl.lite.IonContext                                             : loaded 2 times (x 70B)
Class com.amazon.ion.impl.IonWriterSystemText                                         : loaded 2 times (x 190B)
Class [Lcom.amazon.ion.impl.bin.IonManagedBinaryWriter$ImportedSymbolResolverMode;    : loaded 2 times (x 69B)
Class com.amazon.ion.ValueFactory                                                     : loaded 2 times (x 70B)
Class io.opentelemetry.api.internal.IncubatingUtil                                    : loaded 2 times (x 71B)
Class io.opentelemetry.api.GlobalOpenTelemetry$ObfuscatedOpenTelemetry                : loaded 2 times (x 92B)
Class kotlin.collections.ArraysKt__ArraysKt                                           : loaded 2 times (x 71B)
Class kotlin.Result$Failure                                                           : loaded 2 times (x 72B)
Class org.gradle.internal.time.DefaultCountdownTimer                                  : loaded 2 times (x 88B)
Class com.google.common.collect.FluentIterable$3                                      : loaded 2 times (x 81B)
Class ijJvmDebugger1_3s5zkvzkmj3eyveb9pd6w8mo9$_run_closure1                          : loaded 2 times (x 139B)
Class com.android.tools.r8.internal.in                                                : loaded 2 times (x 71B)
Class com.android.build.gradle.internal.dependency.BaseDexingTransform$Parameters$Inject_: loaded 2 times (x 126B)
Class org.apache.commons.io.output.NullOutputStream                                   : loaded 2 times (x 85B)
Class com.android.tools.r8.internal.yd0                                               : loaded 2 times (x 161B)
Class com.android.tools.r8.x0                                                         : loaded 2 times (x 70B)
Class com.android.tools.r8.naming.b                                                   : loaded 2 times (x 78B)
Class com.android.tools.r8.internal.lg0                                               : loaded 2 times (x 167B)
Class com.android.tools.r8.internal.me1                                               : loaded 2 times (x 114B)
Class com.android.tools.r8.references.PrimitiveReference                              : loaded 2 times (x 89B)
Class com.android.tools.r8.internal.af2                                               : loaded 2 times (x 80B)
Class com.android.tools.r8.graph.ma                                                   : loaded 2 times (x 73B)
Class com.android.tools.r8.androidapi.g                                               : loaded 2 times (x 96B)
Class com.android.tools.r8.graph.q6$g                                                 : loaded 2 times (x 167B)
Class [Lcom.android.tools.r8.ProgramResource$Kind;                                    : loaded 2 times (x 69B)
Class com.android.build.gradle.internal.dependency.SubtractingArtifactCollection$SubtractingArtifactResult$readObject$2: loaded 2 times (x 79B)
Class org.jetbrains.kotlin.gradle.plugin.statistics.MetricContainer                   : loaded 2 times (x 72B)
Class com.android.buildanalyzer.common.AndroidGradlePluginAttributionData$BuildInfo   : loaded 2 times (x 72B)
Class com.android.tools.r8.internal.gt2                                               : loaded 2 times (x 79B)
Class com.android.tools.r8.internal.t70                                               : loaded 2 times (x 112B)
Class com.android.tools.r8.internal.ru0                                               : loaded 2 times (x 72B)
Class com.android.tools.r8.internal.sd                                                : loaded 2 times (x 70B)
Class com.android.tools.r8.synthesis.v0                                               : loaded 2 times (x 74B)
Class com.android.tools.r8.ProgramResource                                            : loaded 2 times (x 70B)
Class [Lcom.android.tools.r8.graph.i3;                                                : loaded 2 times (x 69B)
Class com.android.tools.r8.graph.u1                                                   : loaded 2 times (x 76B)
Class com.android.tools.r8.internal.pl1                                               : loaded 2 times (x 82B)
Class com.android.tools.r8.graph.h4                                                   : loaded 2 times (x 72B)
Class com.android.tools.r8.internal.u51                                               : loaded 2 times (x 82B)
Class com.android.tools.r8.internal.ek3                                               : loaded 2 times (x 85B)
Class com.android.tools.r8.internal.k0                                                : loaded 2 times (x 92B)
Class com.sun.xml.bind.v2.runtime.unmarshaller.LeafPropertyXsiLoader                  : loaded 2 times (x 78B)
Class com.sun.xml.bind.v2.runtime.property.ArrayReferenceNodeProperty                 : loaded 2 times (x 104B)
Class [Lcom.sun.xml.bind.v2.runtime.property.AttributeProperty;                       : loaded 2 times (x 69B)
Class javax.xml.bind.annotation.XmlElements                                           : loaded 2 times (x 70B)
Class com.sun.xml.bind.v2.model.impl.ClassInfoImpl$ConflictException                  : loaded 2 times (x 82B)
Class com.sun.xml.bind.v2.model.annotation.XmlElementQuick                            : loaded 2 times (x 96B)
Class com.sun.xml.bind.v2.model.impl.RuntimeBuiltinLeafInfoImpl$13                    : loaded 2 times (x 137B)
Class com.sun.xml.bind.v2.model.impl.ModelBuilderI                                    : loaded 2 times (x 70B)
Class com.sun.xml.bind.v2.runtime.LeafBeanInfoImpl                                    : loaded 2 times (x 89B)
Class com.android.build.gradle.internal.SdkLibDataFactory$getSettingsController$1     : loaded 2 times (x 78B)
Class com.android.build.gradle.internal.scope.InternalArtifactType$APP_INTEGRITY_CONFIG: loaded 2 times (x 74B)
Class com.android.build.api.variant.VariantOutput                                     : loaded 2 times (x 70B)
Class com.android.build.gradle.internal.api.artifact.SourceArtifactType$BASELINE_PROFILES: loaded 2 times (x 74B)
Class org.jetbrains.kotlin.gradle.dsl.KotlinJvmCompilerOptionsDefault_Decorated       : loaded 2 times (x 167B)
Class org.jetbrains.kotlin.gradle.internal.ClassLoadersCachingBuildService$Parameters_Decorated: loaded 2 times (x 130B)
Class com.android.build.gradle.internal.services.Aapt2ThreadPoolBuildService$Params   : loaded 2 times (x 70B)
Class com.google.protobuf.Internal$ProtobufList                                       : loaded 2 times (x 70B)
Class com.android.tools.r8.origin.ArchiveEntryOrigin                                  : loaded 2 times (x 82B)
Class com.android.ide.common.blame.SourceFile                                         : loaded 2 times (x 72B)
Class com.android.tools.r8.graph.d4                                                   : loaded 2 times (x 73B)
Class com.amazon.ion.impl.bin.IonManagedBinaryWriter$SymbolResolver                   : loaded 2 times (x 70B)
Class com.amazon.ion.impl._Private_SymbolToken                                        : loaded 2 times (x 70B)
Class com.amazon.ion.impl.bin._Private_IonManagedBinaryWriterBuilder$AllocatorMode    : loaded 2 times (x 80B)
Class org.jetbrains.plugins.gradle.model.GradleTaskModel                              : loaded 2 times (x 70B)
Class org.jetbrains.plugins.gradle.tooling.util.ObjectCollector                       : loaded 2 times (x 72B)
Class kotlin.collections.SetsKt__SetsJVMKt                                            : loaded 2 times (x 71B)
Class kotlin.Function                                                                 : loaded 2 times (x 70B)
Class org.gradle.tooling.internal.adapter.ProtocolToModelAdapter$AdaptingMethodInvoker: loaded 2 times (x 76B)
Class org.gradle.tooling.internal.gradle.DefaultBuildIdentifier                       : loaded 2 times (x 79B)
Class org.gradle.api.internal.classpath.Module                                        : loaded 2 times (x 70B)
Class com.android.tools.r8.internal.q01                                               : loaded 2 times (x 72B)
Class com.android.tools.r8.internal.ki0                                               : loaded 2 times (x 161B)
Class com.android.tools.r8.internal.hb0                                               : loaded 2 times (x 161B)
Class com.android.tools.r8.graph.u2                                                   : loaded 2 times (x 70B)
Class com.android.tools.r8.androidapi.h                                               : loaded 2 times (x 96B)
Class com.android.tools.r8.internal.xf0                                               : loaded 2 times (x 163B)
Class com.android.tools.r8.graph.mb                                                   : loaded 2 times (x 112B)
Class com.android.tools.r8.internal.np0                                               : loaded 2 times (x 78B)
Class com.android.tools.r8.internal.co2                                               : loaded 2 times (x 79B)
Class com.android.tools.r8.internal.ca                                                : loaded 2 times (x 285B)
Class com.android.tools.r8.errors.UnsupportedConstMethodTypeDiagnostic                : loaded 2 times (x 82B)
Class com.android.tools.r8.internal.se                                                : loaded 2 times (x 87B)
Class com.android.tools.r8.internal.io                                                : loaded 2 times (x 72B)
Class com.android.tools.r8.internal.k1                                                : loaded 2 times (x 181B)
Class com.android.tools.r8.internal.bq1                                               : loaded 2 times (x 74B)
Class com.android.tools.r8.internal.as0                                               : loaded 2 times (x 72B)
Class com.android.tools.r8.graph.q6$h                                                 : loaded 2 times (x 167B)
Class com.android.build.gradle.internal.dependency.SubtractingArtifactCollection$SubtractingArtifactResult$readObject$3: loaded 2 times (x 79B)
Class com.android.zipflinger.LocalFileHeader                                          : loaded 2 times (x 75B)
Class com.android.build.gradle.internal.tasks.DexArchiveBuilderTask$DexingOutputs     : loaded 2 times (x 73B)
Class com.android.build.gradle.internal.scope.InternalArtifactType$SHADER_ASSETS      : loaded 2 times (x 74B)
Class com.android.tools.r8.internal.me2                                               : loaded 2 times (x 112B)
Class com.android.tools.r8.internal.vl                                                : loaded 2 times (x 126B)
Class com.android.tools.r8.internal.on1                                               : loaded 2 times (x 81B)
Class com.android.tools.r8.internal.z84                                               : loaded 2 times (x 71B)
Class com.android.tools.r8.internal.fv2                                               : loaded 2 times (x 91B)
Class com.android.tools.r8.graph.h5                                                   : loaded 2 times (x 74B)
Class org.jetbrains.kotlin.gradle.tasks.KotlinCompile$ClasspathSnapshotProperties_Decorated: loaded 2 times (x 133B)
Class com.sun.xml.bind.v2.runtime.reflect.AdaptedLister                               : loaded 2 times (x 77B)
Class com.android.repository.impl.generated.v1.TypeDetails                            : loaded 2 times (x 75B)
Class com.sun.xml.bind.v2.model.nav.ReflectionNavigator$10                            : loaded 2 times (x 77B)
Class com.sun.xml.bind.v2.model.impl.RuntimeBuiltinLeafInfoImpl$UUIDImpl              : loaded 2 times (x 136B)
Class com.sun.xml.bind.v2.model.impl.RuntimeBuiltinLeafInfoImpl$14                    : loaded 2 times (x 136B)
Class com.sun.xml.bind.v2.model.core.RegistryInfo                                     : loaded 2 times (x 70B)
Class com.android.repository.impl.generated.v2.ChecksumType                           : loaded 2 times (x 82B)
Class com.android.sdklib.repository.generated.addon.v1.ObjectFactory                  : loaded 2 times (x 80B)
Class com.android.build.gradle.internal.SdkComponentsBuildService$VersionedSdkLoader$sdkLoadStrategy$2: loaded 2 times (x 79B)
Class com.android.build.gradle.internal.scope.InternalArtifactType$LIBRARY_ART_PROFILE: loaded 2 times (x 74B)
Class com.android.build.gradle.internal.services.Aapt2Input_Decorated                 : loaded 2 times (x 155B)
Class com.android.build.gradle.internal.scope.InternalArtifactType$APK_FROM_BUNDLE_IDE_MODEL: loaded 2 times (x 74B)
Class com.android.build.gradle.internal.tasks.ValidateSigningTask                     : loaded 2 times (x 336B)
Class org.jetbrains.kotlin.gradle.internal.transforms.BuildToolsApiClasspathEntrySnapshotTransform$Parameters_Decorated: loaded 2 times (x 153B)
Class com.android.build.api.variant.VariantOutputConfiguration$OutputType             : loaded 2 times (x 79B)
Class org.jetbrains.kotlin.gradle.plugin.KotlinGradleFinishBuildHandler$Companion     : loaded 2 times (x 71B)
Class org.jetbrains.kotlin.gradle.internal.IsInIdeaSyncValueSource                    : loaded 2 times (x 78B)
Class com.google.wireless.android.sdk.stats.GarbageCollectionStats                    : loaded 2 times (x 201B)
Class [Lcom.android.tools.r8.graph.l6;                                                : loaded 2 times (x 69B)
Class com.google.protobuf.ExtensionRegistry$ExtensionInfo                             : loaded 2 times (x 72B)
Class [Lcom.amazon.ion.util.GzipStreamInterceptor;                                    : loaded 2 times (x 69B)
Class com.amazon.ion.impl._Private_IonReaderBuilder$Mutable                           : loaded 2 times (x 97B)
Class com.intellij.openapi.externalSystem.model.project.IExternalSystemSourceType     : loaded 2 times (x 70B)
Class kotlin.io.FileAlreadyExistsException                                            : loaded 2 times (x 82B)
Class kotlin.internal.ProgressionUtilKt                                               : loaded 2 times (x 71B)
Class org.gradle.api.internal.classpath.UnknownModuleException                        : loaded 2 times (x 82B)
Class com.android.tools.r8.internal.jk0                                               : loaded 2 times (x 161B)
Class com.android.tools.r8.internal.gd0                                               : loaded 2 times (x 163B)
Class com.android.tools.r8.dex.e0                                                     : loaded 2 times (x 71B)
Class com.android.tools.r8.internal.d32                                               : loaded 2 times (x 71B)
Class com.android.tools.r8.internal.af4                                               : loaded 2 times (x 73B)
Class com.android.tools.r8.internal.ta0                                               : loaded 2 times (x 161B)
Class com.android.tools.r8.internal.wh0                                               : loaded 2 times (x 167B)
Class com.android.tools.r8.internal.b70                                               : loaded 2 times (x 75B)
Class com.android.tools.r8.internal.fv3                                               : loaded 2 times (x 286B)
Class com.android.tools.r8.internal.yd2                                               : loaded 2 times (x 79B)
Class com.android.tools.r8.internal.zo0                                               : loaded 2 times (x 79B)
Class com.android.tools.r8.internal.lw                                                : loaded 2 times (x 72B)
Class com.android.tools.r8.internal.xf1                                               : loaded 2 times (x 73B)
Class com.android.tools.r8.internal.ex2                                               : loaded 2 times (x 73B)
Class com.android.tools.r8.internal.ip                                                : loaded 2 times (x 74B)
Class com.android.tools.r8.internal.c51                                               : loaded 2 times (x 81B)
Class com.android.tools.r8.internal.nc4                                               : loaded 2 times (x 70B)
Class com.android.tools.r8.graph.q6$i                                                 : loaded 2 times (x 167B)
Class com.android.build.gradle.internal.tasks.MergeNativeLibsTaskKt$getTestOnlyNativeLibs$1: loaded 2 times (x 74B)
Class org.jetbrains.kotlin.gradle.tasks.KotlinCompile$createCompilerArguments$1$1     : loaded 2 times (x 79B)
Class com.android.tools.r8.internal.t72                                               : loaded 2 times (x 79B)
Class com.android.tools.r8.internal.qj4                                               : loaded 2 times (x 70B)
Class com.android.tools.r8.internal.n9                                                : loaded 2 times (x 74B)
Class com.android.tools.r8.synthesis.e0$a                                             : loaded 2 times (x 70B)
Class com.android.tools.r8.internal.ru2                                               : loaded 2 times (x 77B)
Class com.android.tools.r8.internal.bq2                                               : loaded 2 times (x 129B)
Class com.android.tools.r8.graph.u3                                                   : loaded 2 times (x 73B)
Class com.android.tools.r8.graph.mc                                                   : loaded 2 times (x 70B)
Class com.android.tools.r8.graph.h6                                                   : loaded 2 times (x 140B)
Class org.jetbrains.kotlin.gradle.plugin.statistics.BuildFusService$Parameters        : loaded 2 times (x 70B)
Class com.sun.xml.bind.v2.model.impl.ClassInfoImpl$SecondaryAnnotation                : loaded 2 times (x 80B)
Class com.sun.xml.bind.v2.model.impl.RuntimeBuiltinLeafInfoImpl$15                    : loaded 2 times (x 136B)
Class com.sun.xml.bind.v2.runtime.AnyTypeBeanInfo                                     : loaded 2 times (x 92B)
Class com.sun.xml.bind.v2.model.core.MaybeElement                                     : loaded 2 times (x 70B)
Class javax.xml.bind.ContextFinder                                                    : loaded 2 times (x 71B)
Class com.android.sdklib.repository.meta.DetailsTypes                                 : loaded 2 times (x 71B)
Class com.android.build.gradle.internal.services.UsesAapt2DaemonBuildService          : loaded 2 times (x 70B)
Class com.android.build.gradle.internal.SdkComponentsBuildService$Inject_             : loaded 2 times (x 100B)
Class com.android.build.gradle.internal.scope.InternalArtifactType$SIGNING_CONFIG_VERSIONS: loaded 2 times (x 74B)
Class com.android.build.gradle.internal.scope.InternalArtifactType$PACKAGED_DEPENDENCIES: loaded 2 times (x 74B)
Class com.android.build.gradle.internal.tasks.DexFileDependenciesTask                 : loaded 2 times (x 343B)
Class com.android.build.gradle.internal.tasks.DexArchiveBuilderTask                   : loaded 2 times (x 352B)
Class com.google.common.base.Stopwatch                                                : loaded 2 times (x 72B)
Class org.jetbrains.kotlin.gradle.plugin.diagnostics.DefaultProblemsReporter$Factory  : loaded 2 times (x 76B)
Class com.android.prefs.VariableValue                                                 : loaded 2 times (x 82B)
Class com.android.prefs.AbstractAndroidLocations$Companion                            : loaded 2 times (x 71B)
Class com.android.tools.r8.synthesis.r0                                               : loaded 2 times (x 72B)
Class com.android.tools.r8.internal.u11                                               : loaded 2 times (x 136B)
Class com.android.tools.r8.graph.q1                                                   : loaded 2 times (x 127B)
Class com.android.ide.common.blame.SourcePositionJsonTypeAdapter                      : loaded 2 times (x 75B)
Class jdk.internal.jimage.ImageHeader                                                 : loaded 2 times (x 71B)
Class io.opentelemetry.api.trace.TraceStateBuilder                                    : loaded 2 times (x 70B)
Class com.intellij.openapi.externalSystem.model.project.dependencies.ProjectDependencies: loaded 2 times (x 70B)
Class org.jetbrains.plugins.gradle.tooling.serialization.ProjectDependenciesSerializationService$ReadContext: loaded 2 times (x 72B)
Class com.android.tools.r8.internal.p22                                               : loaded 2 times (x 71B)
Class com.android.tools.r8.graph.za                                                   : loaded 2 times (x 107B)
Class com.android.tools.r8.internal.s92                                               : loaded 2 times (x 71B)
Class com.google.common.util.concurrent.NullnessCasts                                 : loaded 2 times (x 71B)
Class com.android.build.gradle.internal.services.Aapt2Input$Inject_                   : loaded 2 times (x 126B)
Class org.apache.commons.io.filefilter.IOFileFilter                                   : loaded 2 times (x 70B)
Class com.android.tools.r8.internal.q03                                               : loaded 2 times (x 80B)
Class com.android.tools.r8.internal.vj0                                               : loaded 2 times (x 161B)
Class [Lcom.android.tools.r8.graph.c2;                                                : loaded 2 times (x 69B)
Class com.android.tools.r8.InputDependencyGraphConsumer                               : loaded 2 times (x 70B)
Class com.android.tools.r8.internal.me4                                               : loaded 2 times (x 73B)
Class com.android.tools.r8.shaking.d4                                                 : loaded 2 times (x 83B)
Class com.android.tools.r8.internal.ff0                                               : loaded 2 times (x 161B)
Class com.android.tools.r8.internal.b71                                               : loaded 2 times (x 204B)
Class com.android.tools.r8.internal.ki2                                               : loaded 2 times (x 75B)
Class com.android.tools.r8.internal.im0                                               : loaded 2 times (x 163B)
Class com.android.tools.r8.internal.n60                                               : loaded 2 times (x 285B)
Class com.android.tools.r8.internal.wh1                                               : loaded 2 times (x 70B)
Class com.android.tools.r8.internal.t94$a                                             : loaded 2 times (x 79B)
Class com.android.tools.r8.internal.u54                                               : loaded 2 times (x 82B)
Class com.android.tools.r8.graph.h7                                                   : loaded 2 times (x 72B)
Class com.android.tools.r8.internal.o41                                               : loaded 2 times (x 74B)
Class com.android.tools.r8.graph.q6$j                                                 : loaded 2 times (x 167B)
Class com.android.tools.r8.internal.t30                                               : loaded 2 times (x 77B)
Class org.jetbrains.kotlin.gradle.fus.internal.SynchronizedConfigurationMetrics       : loaded 2 times (x 72B)
Class org.jetbrains.kotlin.statistics.BuildSessionLogger                              : loaded 2 times (x 77B)
Class org.jetbrains.kotlin.gradle.tasks.KotlinCompile$createCompilerArguments$1$2     : loaded 2 times (x 79B)
Class com.android.tools.r8.internal.ta1                                               : loaded 2 times (x 284B)
Class com.android.tools.r8.internal.sc0                                               : loaded 2 times (x 110B)
Class com.android.tools.r8.internal.iq                                                : loaded 2 times (x 117B)
Class com.android.tools.r8.graph.u4                                                   : loaded 2 times (x 72B)
Class com.android.tools.r8.internal.jk1                                               : loaded 2 times (x 82B)
Class com.android.tools.r8.internal.wt2                                               : loaded 2 times (x 79B)
Class com.android.sdklib.repository.generated.addon.v1.MavenType                      : loaded 2 times (x 80B)
Class com.sun.xml.bind.v2.model.impl.ReferencePropertyInfoImpl                        : loaded 2 times (x 127B)
Class javax.xml.bind.annotation.XmlTransient                                          : loaded 2 times (x 70B)
Class com.sun.xml.bind.v2.model.impl.AnyTypeImpl                                      : loaded 2 times (x 89B)
Class com.sun.xml.bind.v2.model.impl.RuntimeBuiltinLeafInfoImpl$16                    : loaded 2 times (x 136B)
Class com.sun.xml.bind.v2.runtime.IllegalAnnotationsException                         : loaded 2 times (x 86B)
Class com.android.build.gradle.internal.SdkLocator$PropertyLocation                   : loaded 2 times (x 79B)
Class com.android.build.gradle.internal.scope.InternalArtifactType$METADATA_FEATURE_DECLARATION: loaded 2 times (x 74B)
Class com.android.build.gradle.internal.tasks.MergeJavaResourcesInputsOutputs         : loaded 2 times (x 70B)
Class com.android.build.gradle.internal.scope.InternalArtifactType$AAR_METADATA_CHECK : loaded 2 times (x 74B)
Class com.android.build.gradle.tasks.CompileNavigationXmlTask                         : loaded 2 times (x 342B)
Class com.android.build.api.variant.ScopedArtifacts                                   : loaded 2 times (x 70B)
Class com.android.tools.r8.internal.ma1                                               : loaded 2 times (x 75B)
Class com.android.build.api.dsl.CompileSdkVersion                                     : loaded 2 times (x 70B)
Class com.android.build.gradle.internal.profile.ProjectData                           : loaded 2 times (x 72B)
Class [Lorg.jetbrains.kotlin.statistics.ValueAnonymizer;                              : loaded 2 times (x 69B)
Class com.android.tools.r8.internal.cd                                                : loaded 2 times (x 72B)
Class com.android.builder.dexing.DexEntryBucket$Companion                             : loaded 2 times (x 71B)
Class com.android.builder.utils.SynchronizedFile$LockingScope                         : loaded 2 times (x 79B)
Class com.android.tools.r8.internal.p23                                               : loaded 2 times (x 71B)
Class com.android.tools.r8.BaseCommand                                                : loaded 2 times (x 76B)
Class com.android.tools.r8.internal.yd4                                               : loaded 2 times (x 73B)
Class com.android.tools.r8.internal.vj1                                               : loaded 2 times (x 72B)
Class com.android.tools.r8.internal.re0                                               : loaded 2 times (x 161B)
Class com.android.tools.r8.internal.mr2                                               : loaded 2 times (x 196B)
Class com.android.tools.r8.internal.m80                                               : loaded 2 times (x 71B)
Class com.android.tools.r8.internal.ul0                                               : loaded 2 times (x 168B)
Class com.android.tools.r8.internal.eh0                                               : loaded 2 times (x 170B)
Class com.android.tools.r8.internal.zo2                                               : loaded 2 times (x 76B)
Class com.android.tools.r8.internal.ly                                                : loaded 2 times (x 74B)
Class com.android.tools.r8.internal.q04                                               : loaded 2 times (x 78B)
Class com.google.common.collect.AbstractMapBasedMultimap$WrappedCollection$WrappedIterator: loaded 2 times (x 84B)
Class com.android.tools.r8.internal.ba0                                               : loaded 2 times (x 70B)
Class com.android.tools.r8.graph.h8                                                   : loaded 2 times (x 72B)
Class com.android.tools.r8.graph.q6$k                                                 : loaded 2 times (x 167B)
Class com.google.common.collect.AbstractMapBasedMultimap$AsMap$AsMapIterator          : loaded 2 times (x 83B)
Class com.android.zipflinger.ZipInfo                                                  : loaded 2 times (x 72B)
Class org.jetbrains.kotlin.incremental.IncrementalModuleInfo                          : loaded 2 times (x 72B)
Class com.android.build.gradle.internal.scope.InternalArtifactType$GENERATED_LOCALE_CONFIG_INCREMENTAL_DIR: loaded 2 times (x 74B)
Class [Lcom.android.build.api.variant.FilterConfiguration$FilterType;                 : loaded 2 times (x 69B)
Class org.jetbrains.kotlin.gradle.plugin.statistics.FlowActionBuildFusService$Inject_ : loaded 2 times (x 104B)
Class org.jetbrains.kotlin.gradle.plugin.BuildFinishAndConfigurationTimeMetricsFlowAction: loaded 2 times (x 74B)
Class org.jetbrains.kotlin.gradle.tasks.KotlinCompile$createCompilerArguments$1$3     : loaded 2 times (x 79B)
Class com.android.build.gradle.tasks.PackageApplication_Decorated                     : loaded 2 times (x 461B)
Class com.android.build.gradle.internal.res.LinkApplicationAndroidResourcesTask$Companion: loaded 2 times (x 71B)
Class com.android.tools.r8.internal.dz3                                               : loaded 2 times (x 196B)
Class com.android.tools.r8.synthesis.f0                                               : loaded 2 times (x 72B)
Class com.android.tools.r8.internal.ho0                                               : loaded 2 times (x 75B)
Class com.android.tools.r8.graph.u5                                                   : loaded 2 times (x 290B)
Class com.android.tools.r8.graph.e1                                                   : loaded 2 times (x 70B)
Class com.android.tools.r8.internal.yv                                                : loaded 2 times (x 87B)
Class com.android.build.gradle.tasks.CommandLineArgumentProviderAdapter               : loaded 2 times (x 75B)
Class com.sun.xml.bind.v2.runtime.reflect.Lister$ArrayLister                          : loaded 2 times (x 77B)
Class com.sun.xml.bind.v2.runtime.property.PropertyImpl                               : loaded 2 times (x 102B)
Class com.sun.xml.bind.v2.model.impl.RuntimeBuiltinLeafInfoImpl$17                    : loaded 2 times (x 136B)
Class com.sun.xml.bind.v2.runtime.BridgeContextImpl                                   : loaded 2 times (x 77B)
Class com.sun.xml.bind.v2.runtime.ElementBeanInfoImpl                                 : loaded 2 times (x 89B)
Class com.sun.xml.bind.v2.runtime.BridgeAdapter                                       : loaded 2 times (x 87B)
Class com.android.repository.impl.meta.Archive$ArchiveFile                            : loaded 2 times (x 79B)
Class com.android.sdklib.repository.generated.repository.v4.LayoutlibType             : loaded 2 times (x 74B)
Class com.android.build.gradle.internal.PropertiesValueSource$Params$Inject_          : loaded 2 times (x 106B)
Class com.android.build.gradle.internal.scope.InternalArtifactType$GLOBAL_SYNTHETICS_SUBPROJECT: loaded 2 times (x 74B)
Class org.jetbrains.kotlin.gradle.plugin.diagnostics.KotlinToolingDiagnosticsCollectorKt$kotlinToolingDiagnosticsCollectorProvider$1$execute$$inlined$variantImplementationFactoryProvider$1: loaded 2 times (x 74B)
Class org.jetbrains.kotlin.gradle.plugin.SubpluginOption                              : loaded 2 times (x 72B)
Class org.bouncycastle.operator.OperatorException                                     : loaded 2 times (x 82B)
Class org.jetbrains.kotlin.gradle.dsl.KotlinCommonToolOptions                         : loaded 2 times (x 70B)
Class com.google.wireless.android.sdk.stats.GarbageCollectionStats$Builder            : loaded 2 times (x 301B)
Class com.android.tools.r8.internal.i22                                               : loaded 2 times (x 74B)
Class com.android.tools.r8.internal.n54                                               : loaded 2 times (x 70B)
Class com.android.tools.r8.internal.ph1                                               : loaded 2 times (x 70B)
Class com.android.build.gradle.internal.services.R8D8ThreadPoolBuildService           : loaded 2 times (x 80B)
Class com.amazon.ion.IonBufferConfiguration                                           : loaded 2 times (x 72B)
Class com.amazon.ion.impl.bin.Symbols                                                 : loaded 2 times (x 71B)
Class org.jetbrains.plugins.gradle.tooling.serialization.RepositoriesModelSerializationService: loaded 2 times (x 82B)
Class com.android.ide.gradle.model.artifacts.AdditionalClassifierArtifactsModel       : loaded 2 times (x 70B)
Class org.gradle.tooling.internal.gradle.GradleProjectIdentity                        : loaded 2 times (x 70B)
Class com.google.common.collect.Maps$EntryFunction$1                                  : loaded 2 times (x 91B)
Class org.gradle.api.internal.DefaultClassPathRegistry                                : loaded 2 times (x 76B)
Class org.apache.commons.io.file.DeleteOption                                         : loaded 2 times (x 70B)
Class com.android.tools.r8.ir.optimize.b2                                             : loaded 2 times (x 79B)
Class com.android.tools.r8.internal.qg0                                               : loaded 2 times (x 71B)
Class com.android.tools.r8.dex.r0                                                     : loaded 2 times (x 77B)
Class com.android.tools.r8.graph.u6                                                   : loaded 2 times (x 79B)
Class com.android.tools.r8.shaking.q3                                                 : loaded 2 times (x 72B)
Class com.android.tools.r8.internal.dj0                                               : loaded 2 times (x 161B)
Class com.android.tools.r8.internal.ac0                                               : loaded 2 times (x 78B)
Class com.android.tools.r8.internal.tn0                                               : loaded 2 times (x 72B)
Class com.android.tools.r8.ir.optimize.c0                                             : loaded 2 times (x 75B)
Class com.android.tools.r8.internal.x2                                                : loaded 2 times (x 118B)
Class com.android.tools.r8.internal.lz                                                : loaded 2 times (x 73B)
Class com.android.tools.r8.internal.ty2$a                                             : loaded 2 times (x 79B)
Class com.android.tools.r8.internal.eh1                                               : loaded 2 times (x 79B)
Class com.android.tools.r8.internal.hb4                                               : loaded 2 times (x 92B)
Class com.android.tools.r8.internal.is                                                : loaded 2 times (x 74B)
Class com.android.tools.r8.internal.wu0                                               : loaded 2 times (x 70B)
Class com.android.tools.r8.internal.vp                                                : loaded 2 times (x 124B)
Class com.android.tools.r8.internal.lt2                                               : loaded 2 times (x 70B)
Class com.android.tools.r8.graph.v2$a                                                 : loaded 2 times (x 134B)
Class com.android.tools.r8.internal.gd3                                               : loaded 2 times (x 70B)
Class com.android.tools.r8.graph.q6$l                                                 : loaded 2 times (x 167B)
Class com.android.build.gradle.internal.tasks.ValidateResourcesTask$Companion         : loaded 2 times (x 71B)
Class com.android.build.gradle.internal.signing.SigningConfigData$Companion           : loaded 2 times (x 71B)
Class org.jetbrains.kotlin.gradle.tasks.KotlinCompile$createCompilerArguments$1$4     : loaded 2 times (x 79B)
Class com.google.common.collect.ImmutableMultimap$Keys                                : loaded 2 times (x 166B)
Class com.android.builder.model.v2.ide.JavaArtifact                                   : loaded 2 times (x 70B)
Class com.android.tools.r8.internal.ul1                                               : loaded 2 times (x 76B)
Class com.android.tools.r8.internal.ba1                                               : loaded 2 times (x 76B)
Class com.android.tools.r8.internal.y70                                               : loaded 2 times (x 190B)
Class com.android.tools.r8.internal.ce                                                : loaded 2 times (x 70B)
Class com.android.tools.r8.graph.y9$a                                                 : loaded 2 times (x 77B)
Class [Lcom.android.tools.r8.internal.iq;                                             : loaded 2 times (x 69B)
Class com.android.tools.r8.graph.e2                                                   : loaded 2 times (x 154B)
Class [Lcom.android.tools.r8.graph.a6;                                                : loaded 2 times (x 69B)
Class com.android.tools.r8.internal.n62                                               : loaded 2 times (x 70B)
Class com.android.tools.r8.internal.ki4                                               : loaded 2 times (x 82B)
Class com.android.tools.r8.internal.z51                                               : loaded 2 times (x 73B)
Class com.sun.xml.bind.v2.model.impl.AttributePropertyInfoImpl$1                      : loaded 2 times (x 71B)
Class com.sun.xml.bind.v2.model.core.PropertyInfo                                     : loaded 2 times (x 70B)
Class com.sun.xml.bind.v2.model.impl.RuntimeBuiltinLeafInfoImpl$18                    : loaded 2 times (x 136B)
Class javax.activation.MimeTypeParseException                                         : loaded 2 times (x 82B)
Class com.sun.xml.bind.WhiteSpaceProcessor                                            : loaded 2 times (x 71B)
Class com.sun.xml.bind.v2.runtime.AttributeAccessor                                   : loaded 2 times (x 70B)
Class com.sun.xml.bind.v2.model.annotation.Locatable                                  : loaded 2 times (x 70B)
Class com.android.sdklib.repository.generated.repository.v3.ObjectFactory             : loaded 2 times (x 79B)
Class com.android.build.gradle.internal.SdkLocator                                    : loaded 2 times (x 71B)
Class org.jetbrains.kotlin.gradle.plugin.diagnostics.KotlinToolingDiagnosticsCollector$Parameter_Decorated: loaded 2 times (x 130B)
Class com.android.build.gradle.internal.core.dsl.impl.InstrumentedTestDslInfoImpl$testLabel$1: loaded 2 times (x 74B)
Class com.android.tools.r8.internal.rk                                                : loaded 2 times (x 72B)
Class com.android.tools.r8.internal.h41                                               : loaded 2 times (x 117B)
Class org.jetbrains.kotlin.gradle.plugin.VariantImplementationFactories$Parameters    : loaded 2 times (x 70B)
Class org.jetbrains.kotlin.gradle.plugin.internal.JavaExecTaskParametersCompatibility$Factory: loaded 2 times (x 70B)
Class com.android.prefs.PathLocator$singlePathOf$values$1                             : loaded 2 times (x 79B)
Class com.android.tools.analytics.AnalyticsSettings$optedIn$1                         : loaded 2 times (x 78B)
Class com.android.sdklib.AndroidApiLevel                                              : loaded 2 times (x 74B)
Class com.android.build.gradle.internal.component.TargetSdkAwareConfig                : loaded 2 times (x 70B)
Class [Lcom.amazon.ion.impl.bin.AbstractIonWriter$WriteValueOptimization;             : loaded 2 times (x 69B)
Class io.opentelemetry.api.internal.AutoValue_ImmutableSpanContext                    : loaded 2 times (x 92B)
Class org.jetbrains.plugins.gradle.tooling.serialization.RepositoriesModelSerializationService$ReadContext: loaded 2 times (x 72B)
Class kotlin.ranges.ClosedRange                                                       : loaded 2 times (x 70B)
Class com.google.common.collect.Maps$EntryFunction$2                                  : loaded 2 times (x 91B)
Class org.jetbrains.kotlin.cli.common.messages.MessageCollector                       : loaded 2 times (x 70B)
Class org.gradle.internal.classpath.DefaultClassPath$ImmutableUniqueList              : loaded 2 times (x 199B)
Class org.gradle.api.internal.ClassPathRegistry                                       : loaded 2 times (x 70B)
Class org.apache.commons.io.IOUtils                                                   : loaded 2 times (x 71B)
Class com.android.utils.concurrency.ReadWriteProcessLock$WriteLock                    : loaded 2 times (x 77B)
Class com.android.tools.r8.internal.lc0                                               : loaded 2 times (x 112B)
Class com.google.common.collect.MapMakerInternalMap$Segment                           : loaded 2 times (x 142B)
Class com.android.tools.r8.internal.mb0                                               : loaded 2 times (x 161B)
Class com.android.tools.r8.graph.e3                                                   : loaded 2 times (x 75B)
Class com.android.tools.r8.naming.h                                                   : loaded 2 times (x 70B)
Class com.android.tools.r8.internal.kv2                                               : loaded 2 times (x 72B)
Class com.android.tools.r8.internal.pi0                                               : loaded 2 times (x 161B)
Class com.android.tools.r8.internal.tn1                                               : loaded 2 times (x 71B)
Class com.android.tools.r8.internal.cl0                                               : loaded 2 times (x 171B)
Class com.android.tools.r8.internal.eh2                                               : loaded 2 times (x 72B)
Class com.android.tools.r8.internal.sc3                                               : loaded 2 times (x 71B)
Class com.android.tools.r8.internal.xs2                                               : loaded 2 times (x 134B)
Class com.android.tools.r8.internal.dj1                                               : loaded 2 times (x 70B)
Class com.android.tools.r8.internal.fm                                                : loaded 2 times (x 126B)
Class com.android.tools.r8.graph.q6$m                                                 : loaded 2 times (x 166B)
Class com.android.builder.packaging.JarFlinger$Relocator                              : loaded 2 times (x 70B)
Class com.android.build.gradle.tasks.ProcessApplicationManifest$Companion             : loaded 2 times (x 71B)
Class com.android.build.gradle.internal.tasks.MergeJavaResourceTask_Decorated         : loaded 2 times (x 426B)
Class com.android.build.api.variant.BuiltArtifact                                     : loaded 2 times (x 70B)
Class org.jetbrains.kotlin.gradle.plugin.internal.state.TaskLoggers                   : loaded 2 times (x 71B)
Class com.android.tools.r8.internal.pc                                                : loaded 2 times (x 70B)
Class com.android.tools.r8.startup.diagnostic.MissingStartupProfileItemsDiagnostic$a  : loaded 2 times (x 72B)
Class com.android.tools.r8.graph.u7                                                   : loaded 2 times (x 94B)
Class com.android.tools.r8.internal.x90                                               : loaded 2 times (x 76B)
Class [Lcom.android.tools.r8.internal.q11;                                            : loaded 2 times (x 69B)
Class [Lcom.android.tools.r8.graph.rb;                                                : loaded 2 times (x 69B)
Class com.android.tools.r8.graph.r0                                                   : loaded 2 times (x 70B)
Class com.android.build.gradle.internal.tasks.ListingFileRedirectTask_Decorated       : loaded 2 times (x 383B)
Class com.google.gson.internal.ConstructorConstructor$9                               : loaded 2 times (x 76B)
Class com.sun.xml.bind.v2.runtime.unmarshaller.XmlVisitor$TextPredictor               : loaded 2 times (x 70B)
Class com.sun.xml.bind.v2.runtime.SchemaTypeTransducer                                : loaded 2 times (x 88B)
Class com.android.sdklib.repository.generated.sysimg.v5.SysImgDetailsType             : loaded 2 times (x 147B)
Class com.android.repository.impl.meta.Archive$HostConfig                             : loaded 2 times (x 72B)
Class javax.xml.bind.annotation.XmlRegistry                                           : loaded 2 times (x 70B)
Class com.sun.xml.bind.v2.model.impl.RuntimeBuiltinLeafInfoImpl$19                    : loaded 2 times (x 136B)
Class com.android.repository.api.RepoManager$Companion                                : loaded 2 times (x 71B)
Class com.android.sdklib.repository.generated.common.v3.IdDisplayType                 : loaded 2 times (x 83B)
Class com.android.build.gradle.internal.SdkLocator$SdkLocationSource$getSdkLocation$1$1: loaded 2 times (x 79B)
Class com.android.build.gradle.internal.scope.InternalArtifactType$LINT_PARTIAL_RESULTS: loaded 2 times (x 74B)
Class com.android.build.gradle.internal.dependency.AarTransform$Parameters_Decorated  : loaded 2 times (x 141B)
Class com.android.build.gradle.internal.dependency.PlatformAttrTransform              : loaded 2 times (x 78B)
Class org.jetbrains.kotlin.gradle.dsl.KotlinCommonCompilerOptionsDefault              : loaded 2 times (x 96B)
Class org.jetbrains.kotlin.gradle.dsl.KotlinCommonCompilerToolOptionsDefault          : loaded 2 times (x 84B)
Class org.jetbrains.kotlin.gradle.report.BuildReportMode$Companion                    : loaded 2 times (x 71B)
Class org.jetbrains.kotlin.gradle.plugin.VariantImplementationFactories$VariantImplementationFactory: loaded 2 times (x 70B)
Class com.android.prefs.PathLocator$singlePathOf$values$2                             : loaded 2 times (x 78B)
Class com.android.build.gradle.internal.errors.AndroidProblemReporterProvider$reporter$1: loaded 2 times (x 74B)
Class com.android.build.gradle.internal.component.ComponentCreationConfig             : loaded 2 times (x 70B)
Class jdk.internal.jimage.decompressor.ResourceDecompressor                           : loaded 2 times (x 70B)
Class com.android.tools.r8.internal.w4                                                : loaded 2 times (x 284B)
Class com.amazon.ion.impl.bin.IonManagedBinaryWriter$UserState                        : loaded 2 times (x 85B)
Class com.amazon.ion.impl._Private_IonWriter                                          : loaded 2 times (x 70B)
Class com.amazon.ion.impl.bin._Private_IonManagedBinaryWriterBuilder                  : loaded 2 times (x 72B)
Class com.intellij.gradle.toolingExtension.impl.model.projectModel.GradleExternalProjectSerializationService$WriteContext: loaded 2 times (x 73B)
Class kotlin.text.StringsKt__StringsJVMKt                                             : loaded 2 times (x 71B)
Class kotlin.collections.IntIterator                                                  : loaded 2 times (x 82B)
Class com.google.common.collect.NullnessCasts                                         : loaded 2 times (x 71B)
Class com.android.tools.r8.internal.oj0                                               : loaded 2 times (x 164B)
Class com.google.common.util.concurrent.InterruptibleTask                             : loaded 2 times (x 80B)
Class com.android.tools.r8.internal.u21                                               : loaded 2 times (x 83B)
Class com.android.tools.r8.internal.ok0                                               : loaded 2 times (x 161B)
Class com.android.tools.r8.AssertionsConfiguration                                    : loaded 2 times (x 79B)
Class com.android.tools.r8.graph.r1                                                   : loaded 2 times (x 75B)
Class com.android.tools.r8.internal.ff4                                               : loaded 2 times (x 73B)
Class com.android.tools.r8.internal.ya0                                               : loaded 2 times (x 161B)
Class com.android.tools.r8.internal.ld0                                               : loaded 2 times (x 164B)
Class com.android.tools.r8.internal.vj4                                               : loaded 2 times (x 79B)
Class [Lcom.android.tools.r8.internal.ki2;                                            : loaded 2 times (x 69B)
Class com.android.tools.r8.internal.x4                                                : loaded 2 times (x 284B)
Class com.android.tools.r8.graph.ja                                                   : loaded 2 times (x 76B)
Class com.android.tools.r8.internal.sk                                                : loaded 2 times (x 71B)
Class com.android.tools.r8.internal.re3                                               : loaded 2 times (x 143B)
Class com.android.tools.r8.internal.iu                                                : loaded 2 times (x 125B)
Class com.android.tools.r8.ir.optimize.c2                                             : loaded 2 times (x 70B)
Class com.android.tools.r8.internal.t40                                               : loaded 2 times (x 70B)
Class com.android.tools.r8.internal.uy0                                               : loaded 2 times (x 71B)
Class com.android.build.gradle.internal.tasks.SigningConfigVersionsWriterTask_Decorated: loaded 2 times (x 393B)
Class com.android.tools.r8.internal.j03                                               : loaded 2 times (x 71B)
Class com.google.common.io.ByteSink                                                   : loaded 2 times (x 76B)
Class com.android.builder.model.v2.dsl.SigningConfig                                  : loaded 2 times (x 70B)
Class com.android.tools.r8.profile.art.ArtProfileProvider                             : loaded 2 times (x 70B)
Class com.android.tools.r8.naming.c2                                                  : loaded 2 times (x 80B)
Class com.android.tools.r8.internal.cg                                                : loaded 2 times (x 79B)
Class com.android.tools.r8.internal.cl1                                               : loaded 2 times (x 81B)
Class com.android.tools.r8.internal.k7                                                : loaded 2 times (x 76B)
Class com.android.tools.r8.references.TypeReference                                   : loaded 2 times (x 70B)
Class com.android.tools.r8.synthesis.s0                                               : loaded 2 times (x 105B)
Class com.android.tools.r8.graph.e4                                                   : loaded 2 times (x 72B)
Class com.google.gson.internal.ConstructorConstructor$13                              : loaded 2 times (x 75B)
Class com.sun.xml.bind.v2.runtime.reflect.Lister$CollectionLister                     : loaded 2 times (x 77B)
Class javax.xml.bind.annotation.XmlAccessOrder                                        : loaded 2 times (x 79B)
Class com.sun.xml.bind.v2.model.impl.RuntimeAnyTypeImpl                               : loaded 2 times (x 94B)
Class com.sun.xml.bind.v2.model.nav.Navigator                                         : loaded 2 times (x 70B)
Class com.android.build.gradle.internal.SdkLocator$ValidationResult                   : loaded 2 times (x 72B)
Class com.android.builder.model.v2.models.AndroidProject                              : loaded 2 times (x 70B)
Class com.android.build.gradle.internal.scope.InternalArtifactType$TEST_FIXTURES_LINT_MODEL: loaded 2 times (x 74B)
Class com.android.build.api.artifact.SingleArtifact$METADATA_LIBRARY_DEPENDENCIES_REPORT: loaded 2 times (x 74B)
Class com.android.build.gradle.internal.tasks.SigningConfigVersionsWriterTask         : loaded 2 times (x 340B)
Class com.android.build.gradle.internal.scope.InternalArtifactType$GLOBAL_SYNTHETICS_EXTERNAL_LIBS_ARTIFACT_TRANSFORM: loaded 2 times (x 74B)
Class com.android.build.gradle.internal.scope.InternalArtifactType$MIXED_SCOPE_DEX_ARCHIVE: loaded 2 times (x 74B)
Class org.jetbrains.kotlin.compilerRunner.CompilerSystemPropertiesService             : loaded 2 times (x 80B)
Class com.android.build.gradle.internal.scope.InternalArtifactType$MANIFEST_MERGE_REPORT: loaded 2 times (x 74B)
Class com.android.builder.model.v2.AndroidModel                                       : loaded 2 times (x 70B)
Class org.jetbrains.kotlin.gradle.dsl.ExplicitApiMode                                 : loaded 2 times (x 79B)
Class org.jetbrains.kotlin.gradle.plugin.internal.CustomPropertiesFileValueSource$Parameters_Decorated: loaded 2 times (x 130B)
Class com.android.tools.r8.internal.so1                                               : loaded 2 times (x 82B)
Class com.google.protobuf.UnknownFieldSet$Parser                                      : loaded 2 times (x 150B)
Class com.android.build.gradle.internal.dependency.GenericTransformParameters_Decorated: loaded 2 times (x 130B)
Class com.android.tools.r8.internal.fe4                                               : loaded 2 times (x 73B)
Class com.google.common.collect.AbstractBiMap                                         : loaded 2 times (x 159B)
Class com.android.tools.r8.internal.bm0                                               : loaded 2 times (x 161B)
Class com.google.common.collect.MapMakerInternalMap$Strength                          : loaded 2 times (x 80B)
Class [Lcom.android.build.gradle.options.SyncOptions$ErrorFormatMode;                 : loaded 2 times (x 69B)
Class com.android.build.gradle.internal.utils.GradlePluginUtils                       : loaded 2 times (x 71B)
Class Settings_gradle$1                                                               : loaded 2 times (x 74B)
Class [Lcom.amazon.ion.SymbolToken;                                                   : loaded 2 times (x 69B)
Class io.opentelemetry.api.trace.ImmutableTraceFlags                                  : loaded 2 times (x 77B)
Class kotlin.text.StringsKt__IndentKt                                                 : loaded 2 times (x 71B)
Class kotlin.collections.SetsKt                                                       : loaded 2 times (x 71B)
Class org.jetbrains.kotlin.cli.common.messages.CompilerMessageSourceLocation          : loaded 2 times (x 70B)
Class org.gradle.internal.classpath.ClassPath                                         : loaded 2 times (x 70B)
Class com.android.tools.r8.graph.jb                                                   : loaded 2 times (x 105B)
Class com.android.tools.r8.graph.u9                                                   : loaded 2 times (x 104B)
Class com.android.builder.dexing.DexUtilsKt$isJarFile$1                               : loaded 2 times (x 78B)
Class com.google.common.collect.MapMakerInternalMap$StrongKeyDummyValueEntry$LinkedStrongKeyDummyValueEntry: loaded 2 times (x 82B)
Class com.google.common.collect.Interners$InternerBuilder                             : loaded 2 times (x 76B)
Class com.android.tools.r8.internal.xc0                                               : loaded 2 times (x 161B)
Class com.android.tools.r8.internal.nm0                                               : loaded 2 times (x 161B)
Class com.android.tools.r8.internal.kf0                                               : loaded 2 times (x 162B)
Class com.android.tools.r8.internal.re4                                               : loaded 2 times (x 73B)
Class com.android.tools.r8.internal.ok1                                               : loaded 2 times (x 95B)
Class com.android.tools.r8.internal.bn1                                               : loaded 2 times (x 80B)
Class com.android.tools.r8.graph.r2                                                   : loaded 2 times (x 128B)
Class com.android.tools.r8.internal.fo                                                : loaded 2 times (x 70B)
Class com.android.tools.r8.internal.sp2                                               : loaded 2 times (x 71B)
Class com.android.tools.r8.ir.optimize.p0                                             : loaded 2 times (x 75B)
Class com.android.tools.r8.internal.u22                                               : loaded 2 times (x 81B)
Class com.android.tools.r8.internal.pe                                                : loaded 2 times (x 87B)
Class com.android.tools.r8.internal.fs2                                               : loaded 2 times (x 196B)
Class com.android.tools.r8.internal.dw0                                               : loaded 2 times (x 71B)
Class com.google.common.collect.LinkedListMultimap$Node                               : loaded 2 times (x 82B)
Class com.android.zipflinger.StreamSource                                             : loaded 2 times (x 87B)
Class com.android.build.gradle.internal.scope.InternalArtifactType$LINT_VITAL_OUTPUT  : loaded 2 times (x 74B)
Class com.google.common.io.Files$FileByteSource                                       : loaded 2 times (x 85B)
Class com.android.build.gradle.internal.UsesSdkComponentsBuildService                 : loaded 2 times (x 70B)
Class com.android.tools.r8.internal.c20                                               : loaded 2 times (x 285B)
Class com.android.tools.r8.internal.ya1                                               : loaded 2 times (x 70B)
Class com.android.tools.r8.internal.ba4                                               : loaded 2 times (x 70B)
Class com.android.tools.r8.graph.e5                                                   : loaded 2 times (x 72B)
Class com.android.tools.r8.internal.dj3                                               : loaded 2 times (x 146B)
Class [Lcom.android.tools.r8.internal.e2;                                             : loaded 2 times (x 69B)
Class com.android.tools.r8.internal.mb2                                               : loaded 2 times (x 123B)
Class com.android.tools.r8.internal.g71                                               : loaded 2 times (x 143B)
Class org.jetbrains.kotlin.gradle.incremental.IncrementalModuleInfoProvider           : loaded 2 times (x 70B)
Class javax.xml.bind.annotation.XmlElementWrapper                                     : loaded 2 times (x 70B)
Class javax.xml.bind.annotation.adapters.XmlJavaTypeAdapter                           : loaded 2 times (x 70B)
Class com.sun.xml.bind.v2.model.annotation.AnnotationSource                           : loaded 2 times (x 70B)
Class com.android.repository.impl.generated.v1.LocalPackage                           : loaded 2 times (x 140B)
Class com.android.sdklib.repository.legacy.io.FileOpImpl                              : loaded 2 times (x 78B)
Class com.android.tools.r8.internal.il4                                               : loaded 2 times (x 72B)
Class com.android.build.gradle.internal.scope.InternalArtifactType$STRIPPED_NATIVE_LIBS: loaded 2 times (x 74B)
Class com.android.build.api.artifact.SingleArtifact$MERGED_NATIVE_LIBS                : loaded 2 times (x 74B)
Class org.jetbrains.kotlin.gradle.dsl.KotlinJvmCompilerOptionsDefault                 : loaded 2 times (x 108B)
Class org.jetbrains.kotlin.gradle.internal.UsesClassLoadersCachingBuildService        : loaded 2 times (x 70B)
Class com.android.build.gradle.internal.services.ConfigPhaseFileCreator$Params        : loaded 2 times (x 70B)
Class com.android.tools.analytics.HostData$classLoadingBean$2                         : loaded 2 times (x 78B)
Class com.android.builder.dexing.r8.ClassFileProviderFactory$OrderedClassFileResourceProvider: loaded 2 times (x 84B)
Class org.jetbrains.plugins.gradle.model.ExternalProjectDependency                    : loaded 2 times (x 70B)
Class org.jetbrains.plugins.gradle.tooling.serialization.KotlinDslScriptsModelSerializationService: loaded 2 times (x 81B)
Class kotlin.reflect.KFunction                                                        : loaded 2 times (x 70B)
Class kotlin.collections.ArrayDeque                                                   : loaded 2 times (x 207B)
Class com.android.tools.r8.graph.h0$a                                                 : loaded 2 times (x 76B)
Class com.google.common.util.concurrent.TrustedListenableFutureTask$TrustedFutureInterruptibleTask: loaded 2 times (x 80B)
Class com.android.tools.r8.dex.b0                                                     : loaded 2 times (x 71B)
Class com.android.tools.r8.internal.pf                                                : loaded 2 times (x 71B)
Class com.android.tools.r8.internal.pi3                                               : loaded 2 times (x 77B)
Class com.android.tools.r8.internal.zl0                                               : loaded 2 times (x 168B)
Class com.android.tools.r8.internal.jh0                                               : loaded 2 times (x 70B)
Class com.android.tools.r8.internal.we0                                               : loaded 2 times (x 161B)
Class com.android.tools.r8.internal.uy2                                               : loaded 2 times (x 124B)
Class com.android.tools.r8.internal.fp                                                : loaded 2 times (x 79B)
Class com.android.tools.r8.internal.ci                                                : loaded 2 times (x 72B)
Class com.android.tools.r8.internal.g72                                               : loaded 2 times (x 73B)
Class com.android.tools.r8.internal.u23                                               : loaded 2 times (x 112B)
Class com.android.tools.r8.internal.eu2                                               : loaded 2 times (x 80B)
Class com.android.tools.r8.internal.sm                                                : loaded 2 times (x 70B)
Class com.android.tools.r8.internal.rr2                                               : loaded 2 times (x 81B)
Class com.android.tools.r8.graph.jc                                                   : loaded 2 times (x 205B)
Class [Lcom.android.tools.r8.graph.t1;                                                : loaded 2 times (x 69B)
Class com.google.common.io.CharSource$CharSequenceCharSource                          : loaded 2 times (x 86B)
Class com.google.errorprone.annotations.DoNotMock                                     : loaded 2 times (x 70B)
Class org.jetbrains.kotlin.statistics.metrics.StringOverridePolicy$OVERRIDE           : loaded 2 times (x 85B)
Class com.android.tools.r8.internal.ok2                                               : loaded 2 times (x 284B)
Class com.android.tools.r8.internal.iz3                                               : loaded 2 times (x 196B)
Class com.android.tools.r8.internal.mo0                                               : loaded 2 times (x 87B)
Class com.android.tools.r8.naming.p1                                                  : loaded 2 times (x 79B)
Class com.android.tools.r8.internal.vt                                                : loaded 2 times (x 75B)
Class com.android.tools.r8.graph.r3                                                   : loaded 2 times (x 73B)
Class com.android.build.gradle.internal.scope.InternalArtifactType$COMPILE_BUILD_CONFIG_JAR: loaded 2 times (x 74B)
Class org.jetbrains.kotlin.compilerRunner.KotlinCompilerArgumentsLogLevel$Companion   : loaded 2 times (x 71B)
Class org.jetbrains.kotlin.gradle.tasks.AbstractKotlinCompile$defaultKotlinJavaToolchain$1: loaded 2 times (x 78B)
Class org.jetbrains.kotlin.daemon.common.MultiModuleICSettings                        : loaded 2 times (x 72B)
Class org.gradle.internal.operations.MultipleBuildOperationFailures                   : loaded 2 times (x 95B)
Class com.sun.xml.bind.annotation.OverrideAnnotationOf                                : loaded 2 times (x 70B)
Class com.sun.xml.bind.v2.model.impl.RuntimeValuePropertyInfoImpl                     : loaded 2 times (x 135B)
Class com.android.repository.impl.generated.v1.RemotePackage                          : loaded 2 times (x 157B)
Class com.android.repository.impl.meta.LocalPackageImpl                               : loaded 2 times (x 131B)
Class com.android.build.gradle.internal.SdkType                                       : loaded 2 times (x 79B)
Class com.android.build.gradle.internal.SdkDirectLoadingStrategy                      : loaded 2 times (x 72B)
Class com.android.builder.dexing.DependencyGraphUpdater                               : loaded 2 times (x 70B)
Class com.android.build.gradle.internal.scope.InternalArtifactType$APKS_FROM_BUNDLE   : loaded 2 times (x 74B)
Class com.android.build.gradle.tasks.PackageAndroidArtifact                           : loaded 2 times (x 371B)
Class org.jetbrains.kotlin.gradle.internal.transforms.BuildToolsApiClasspathEntrySnapshotTransform$Parameters: loaded 2 times (x 88B)
Class org.jetbrains.kotlin.gradle.tasks.KotlinCompile                                 : loaded 2 times (x 507B)
Class com.android.build.gradle.internal.scope.InternalArtifactType$PACKAGED_RES       : loaded 2 times (x 74B)
Class com.android.build.gradle.internal.dsl.CompileSdkVersionImpl                     : loaded 2 times (x 82B)
Class org.objectweb.asm.SymbolTable$Entry                                             : loaded 2 times (x 74B)
Class com.google.common.util.concurrent.AbstractFuture$AtomicHelper                   : loaded 2 times (x 78B)
Class org.jetbrains.kotlin.gradle.tasks.UsesKotlinJavaToolchain                       : loaded 2 times (x 70B)
Class com.android.build.gradle.internal.services.AndroidLocationsBuildService$AndroidDirectoryCreator: loaded 2 times (x 80B)
Class org.gradle.tooling.internal.adapter.MethodInvocation                            : loaded 2 times (x 85B)
Class com.android.sdklib.AndroidApiLevel$Companion                                    : loaded 2 times (x 71B)
Class com.android.prefs.AndroidLocationsProvider                                      : loaded 2 times (x 70B)
Class com.amazon.ion.system.IonSystemBuilder$Mutable                                  : loaded 2 times (x 75B)
Class com.amazon.ion.impl.bin.IonManagedBinaryWriter$SymbolResolverBuilder            : loaded 2 times (x 70B)
Class org.jetbrains.kotlin.idea.gradleTooling.KotlinGradleModel                       : loaded 2 times (x 70B)
Class [Lio.opentelemetry.api.trace.TraceFlags;                                        : loaded 2 times (x 69B)
Class [Lio.opentelemetry.context.ContextStorage;                                      : loaded 2 times (x 69B)
Class com.intellij.platform.diagnostic.telemetry.rt.context.TelemetryContext          : loaded 2 times (x 134B)
Class org.jetbrains.plugins.gradle.tooling.serialization.ExternalTestsSerializationService$WriteContext: loaded 2 times (x 72B)
Class kotlin.collections.MapsKt__MapsKt                                               : loaded 2 times (x 71B)
Class org.gradle.api.internal.classpath.DefaultModuleRegistry$DefaultModuleAlias      : loaded 2 times (x 80B)
Class com.android.tools.r8.graph.wa                                                   : loaded 2 times (x 74B)
Class com.android.tools.r8.internal.vg0                                               : loaded 2 times (x 72B)
Class com.android.tools.r8.internal.h3                                                : loaded 2 times (x 70B)
Class com.android.tools.r8.internal.ij0                                               : loaded 2 times (x 161B)
Class com.android.tools.r8.internal.yn0                                               : loaded 2 times (x 330B)
Class com.android.tools.r8.internal.we1                                               : loaded 2 times (x 267B)
Class com.android.tools.r8.graph.e7                                                   : loaded 2 times (x 79B)
Class com.android.tools.r8.internal.fc0                                               : loaded 2 times (x 79B)
Class com.android.tools.r8.internal.b41                                               : loaded 2 times (x 97B)
Class com.android.tools.r8.internal.ga1                                               : loaded 2 times (x 70B)
Class com.android.tools.r8.internal.zl1                                               : loaded 2 times (x 294B)
Class com.android.tools.r8.internal.jh1                                               : loaded 2 times (x 329B)
Class com.android.tools.r8.internal.sn                                                : loaded 2 times (x 124B)
Class com.android.tools.r8.internal.d03                                               : loaded 2 times (x 71B)
Class com.android.tools.r8.internal.x94                                               : loaded 2 times (x 286B)
Class com.android.tools.r8.graph.f3$a                                                 : loaded 2 times (x 75B)
Class com.android.tools.r8.internal.ld3                                               : loaded 2 times (x 80B)
Class com.android.zipflinger.CentralDirectoryRecord                                   : loaded 2 times (x 78B)
Class [Lcom.android.zipflinger.Zip64$Policy;                                          : loaded 2 times (x 69B)
Class com.android.builder.model.v2.ide.Variant                                        : loaded 2 times (x 70B)
Class com.android.tools.r8.internal.n30                                               : loaded 2 times (x 79B)
Class com.android.tools.r8.internal.ox0                                               : loaded 2 times (x 83B)
Class com.android.tools.r8.internal.c22                                               : loaded 2 times (x 179B)
Class com.android.tools.r8.internal.ap2                                               : loaded 2 times (x 80B)
Class com.android.tools.r8.graph.b0                                                   : loaded 2 times (x 75B)
Class com.android.tools.r8.internal.mo1                                               : loaded 2 times (x 83B)
Class com.android.tools.r8.internal.o11                                               : loaded 2 times (x 82B)
Class com.android.tools.r8.graph.r4                                                   : loaded 2 times (x 73B)
Class com.android.tools.r8.internal.u0                                                : loaded 2 times (x 92B)
Class com.android.build.gradle.internal.scope.InternalArtifactType$AIDL_SOURCE_OUTPUT_DIR: loaded 2 times (x 74B)
Class com.android.build.gradle.tasks.KotlinCompileCreationAction$ensureConsistentJvmTargetWithJavaCompileTask$1: loaded 2 times (x 75B)
Class com.sun.xml.bind.v2.runtime.property.SingleElementLeafProperty                  : loaded 2 times (x 102B)
Class com.android.sdklib.repository.generated.addon.v3.AddonDetailsType               : loaded 2 times (x 141B)
Class com.sun.xml.bind.api.impl.NameConverter$Standard                                : loaded 2 times (x 93B)
Class com.sun.xml.bind.v2.model.annotation.Init                                       : loaded 2 times (x 71B)
Class com.android.repository.impl.generated.v1.RevisionType                           : loaded 2 times (x 82B)
Class com.android.sdklib.repository.generated.common.v1.ObjectFactory                 : loaded 2 times (x 75B)
Class com.android.build.gradle.internal.SdkComponentsBuildService$VersionedSdkLoader$adbHelper$1: loaded 2 times (x 75B)
Class com.android.build.gradle.internal.dependency.ExtractJniTransform                : loaded 2 times (x 78B)
Class org.jetbrains.kotlin.gradle.incremental.UsesIncrementalModuleInfoBuildService   : loaded 2 times (x 70B)
Class org.objectweb.asm.Edge                                                          : loaded 2 times (x 72B)
Class com.google.wireless.android.sdk.stats.JavaProcessStats$Builder                  : loaded 2 times (x 307B)
Class kotlin.sequences.TransformingSequence                                           : loaded 2 times (x 75B)
Class com.google.wireless.android.sdk.stats.GradleBuildVariant$Builder                : loaded 2 times (x 382B)
Class io.opentelemetry.api.internal.OtelEncodingUtils                                 : loaded 2 times (x 71B)
Class com.intellij.util.ThrowableConsumer                                             : loaded 2 times (x 70B)
Class com.android.build.gradle.internal.errors.AndroidProblemReporterProvider         : loaded 2 times (x 76B)
Class jdk.internal.jimage.decompressor.StringSharingDecompressorFactory               : loaded 2 times (x 74B)
Class jdk.internal.jimage.ImageStringsReader                                          : loaded 2 times (x 80B)
Class com.amazon.ion.impl.bin.IonManagedBinaryWriter$LocalSymbolTableView             : loaded 2 times (x 119B)
Class com.amazon.ion.impl.bin.IonRawBinaryWriter$ThrowingRunnable                     : loaded 2 times (x 70B)
Class io.opentelemetry.context.ThreadLocalContextStorage                              : loaded 2 times (x 85B)
Class org.gradle.tooling.model.Model                                                  : loaded 2 times (x 70B)
Class com.android.tools.r8.internal.yn1                                               : loaded 2 times (x 104B)
Class com.android.build.gradle.options.SyncOptions                                    : loaded 2 times (x 71B)
Class com.android.tools.r8.internal.hl0                                               : loaded 2 times (x 161B)
Class com.android.tools.r8.R8Command                                                  : loaded 2 times (x 97B)
Class com.android.tools.r8.internal.kf3                                               : loaded 2 times (x 169B)
Class com.android.tools.r8.internal.u1                                                : loaded 2 times (x 188B)
Class com.android.tools.r8.internal.ee0                                               : loaded 2 times (x 161B)
Class com.android.tools.r8.internal.so                                                : loaded 2 times (x 71B)
Class com.android.tools.r8.internal.ks0                                               : loaded 2 times (x 73B)
Class com.android.tools.r8.internal.ld4                                               : loaded 2 times (x 71B)
Class com.android.tools.r8.internal.ui0                                               : loaded 2 times (x 161B)
Class com.android.tools.r8.internal.rb0                                               : loaded 2 times (x 161B)
Class com.android.tools.r8.internal.fc1                                               : loaded 2 times (x 278B)
Class com.android.tools.r8.internal.xp0                                               : loaded 2 times (x 70B)
Class com.android.tools.r8.internal.c23                                               : loaded 2 times (x 106B)
Class com.android.build.api.variant.impl.ArtifactTypeTypeAdapter                      : loaded 2 times (x 73B)
Class com.android.tools.r8.internal.pv2                                               : loaded 2 times (x 82B)
Class com.android.tools.r8.graph.wb                                                   : loaded 2 times (x 74B)
Class com.android.tools.r8.internal.ma                                                : loaded 2 times (x 78B)
Class com.android.tools.r8.internal.x8                                                : loaded 2 times (x 182B)
Class com.android.tools.r8.internal.xc3                                               : loaded 2 times (x 73B)
Class com.android.tools.r8.graph.e8                                                   : loaded 2 times (x 71B)
Class com.android.tools.r8.GlobalSyntheticsConsumer                                   : loaded 2 times (x 70B)
Class com.android.build.gradle.internal.dexing.DexParameters                          : loaded 2 times (x 72B)
Class org.jetbrains.kotlin.statistics.metrics.BooleanAnonymizationPolicy$SAFE         : loaded 2 times (x 85B)
Class com.android.build.gradle.internal.attribution.BuildAnalyzerService$Parameters   : loaded 2 times (x 70B)
Class com.android.tools.r8.internal.vv                                                : loaded 2 times (x 99B)
Class com.android.tools.r8.shaking.a5                                                 : loaded 2 times (x 81B)
Class com.android.tools.r8.synthesis.c0                                               : loaded 2 times (x 77B)
Class com.android.tools.r8.graph.b1                                                   : loaded 2 times (x 70B)
Class com.android.tools.r8.internal.ya4                                               : loaded 2 times (x 84B)
Class com.android.tools.r8.internal.b42                                               : loaded 2 times (x 75B)
Class com.android.tools.r8.internal.h4                                                : loaded 2 times (x 73B)
Class com.android.tools.r8.graph.r5                                                   : loaded 2 times (x 72B)
Class com.android.tools.r8.internal.a61                                               : loaded 2 times (x 203B)
Class org.jetbrains.kotlin.gradle.tasks.KotlinCompile$defaultKotlinJavaToolchain$1    : loaded 2 times (x 79B)
Class org.jetbrains.kotlin.gradle.tasks.KotlinJavaToolchain$JavaToolchainSetter       : loaded 2 times (x 70B)
Class com.android.build.gradle.tasks.JavaCompileUtils$checkDeprecatedSourceAndTargetAtExecutionTime$1: loaded 2 times (x 75B)
Class com.android.build.gradle.internal.variant.BaseVariantData$getGeneratedBytecode$1: loaded 2 times (x 74B)
Class com.sun.xml.bind.v2.runtime.Utils                                               : loaded 2 times (x 71B)
Class com.sun.xml.bind.v2.runtime.property.ArrayReferenceNodeProperty$MixedTextLoader : loaded 2 times (x 78B)
Class com.sun.xml.bind.v2.runtime.unmarshaller.XsiNilLoader$Array                     : loaded 2 times (x 80B)
Class com.android.sdklib.repository.generated.repository.v3.SourceDetailsType         : loaded 2 times (x 120B)
Class com.sun.xml.bind.AccessorFactory                                                : loaded 2 times (x 70B)
Class com.sun.xml.bind.v2.model.annotation.ClassLocatable                             : loaded 2 times (x 78B)
Class com.android.build.gradle.internal.dependency.ExtractJniTransform$Inject_1       : loaded 2 times (x 109B)
Class org.jetbrains.kotlin.gradle.plugin.diagnostics.UsesKotlinToolingDiagnostics     : loaded 2 times (x 70B)
Class com.android.build.gradle.internal.scope.InternalArtifactType$LINKED_RESOURCES_FOR_BUNDLE_PROTO_FORMAT: loaded 2 times (x 74B)
Class com.android.build.gradle.internal.scope.InternalArtifactType$LINKED_RESOURCES_BINARY_FORMAT: loaded 2 times (x 74B)
Class com.android.build.gradle.internal.tasks.SigningConfigUtils$Companion            : loaded 2 times (x 71B)
Class com.android.utils.ILogger                                                       : loaded 2 times (x 70B)
Class com.google.protobuf.GeneratedMessageV3                                          : loaded 2 times (x 178B)
Class com.android.utils.NullLogger                                                    : loaded 2 times (x 85B)
Class com.android.ide.common.signing.KeytoolException                                 : loaded 2 times (x 84B)
Class org.objectweb.asm.ClassVisitor                                                  : loaded 2 times (x 88B)
Class com.android.build.gradle.internal.services.AndroidLocationsBuildService         : loaded 2 times (x 90B)
Class com.amazon.ion.UnknownSymbolException                                           : loaded 2 times (x 86B)
Class com.android.ide.gradle.model.composites.BuildMap                                : loaded 2 times (x 70B)
Class kotlin.text.MatchResult$Destructured                                            : loaded 2 times (x 72B)
Class kotlin.Metadata                                                                 : loaded 2 times (x 70B)
Class kotlin.UninitializedPropertyAccessException                                     : loaded 2 times (x 82B)
Class com.android.tools.r8.graph.b2                                                   : loaded 2 times (x 72B)
Class com.google.common.util.concurrent.FluentFuture                                  : loaded 2 times (x 106B)
Class [Lorg.objectweb.asm.Symbol;                                                     : loaded 2 times (x 69B)
Class com.android.tools.r8.shaking.n3                                                 : loaded 2 times (x 73B)
Class com.android.tools.r8.internal.dg0                                               : loaded 2 times (x 163B)
Class com.android.tools.r8.internal.we3                                               : loaded 2 times (x 111B)
Class com.android.tools.r8.internal.kf4                                               : loaded 2 times (x 72B)
Class com.android.tools.r8.internal.tk0                                               : loaded 2 times (x 161B)
Class com.android.tools.r8.internal.ee1                                               : loaded 2 times (x 254B)
Class com.android.tools.r8.internal.sp                                                : loaded 2 times (x 73B)
Class com.android.tools.r8.internal.cl                                                : loaded 2 times (x 72B)
Class com.android.tools.r8.internal.h5                                                : loaded 2 times (x 301B)
Class com.android.tools.r8.internal.xc4                                               : loaded 2 times (x 78B)
Class com.android.tools.r8.graph.r6                                                   : loaded 2 times (x 166B)
Class com.android.build.gradle.internal.tasks.Blocks$ThrowingBlock                    : loaded 2 times (x 70B)
Class com.google.common.collect.AbstractMapBasedMultimap$AsMap$AsMapEntries           : loaded 2 times (x 138B)
Class com.android.builder.model.v2.ide.Library                                        : loaded 2 times (x 70B)
Class com.android.builder.model.v2.ide.ArtifactDependenciesAdjacencyList              : loaded 2 times (x 70B)
Class com.android.tools.r8.internal.ui1                                               : loaded 2 times (x 94B)
Class com.android.tools.r8.internal.o13                                               : loaded 2 times (x 83B)
Class com.android.tools.r8.internal.wr0                                               : loaded 2 times (x 80B)
Class [Lcom.android.tools.r8.graph.a3;                                                : loaded 2 times (x 69B)
Class com.android.tools.r8.internal.f94                                               : loaded 2 times (x 74B)
Class com.android.tools.r8.shaking.a6                                                 : loaded 2 times (x 70B)
Class com.android.tools.r8.dex.o0                                                     : loaded 2 times (x 80B)
Class com.android.tools.r8.graph.e9                                                   : loaded 2 times (x 77B)
Class com.android.sdklib.repository.generated.common.v2.ApiDetailsType                : loaded 2 times (x 113B)
Class com.sun.xml.bind.v2.model.nav.ReflectionNavigator$BinderArg                     : loaded 2 times (x 73B)
Class com.sun.xml.bind.v2.model.impl.PropertyInfoImpl                                 : loaded 2 times (x 108B)
Class com.sun.xml.bind.v2.model.annotation.SecureLoader                               : loaded 2 times (x 71B)
Class com.sun.xml.bind.v2.runtime.output.Pcdata                                       : loaded 2 times (x 88B)
Class com.sun.xml.bind.v2.util.QNameMap                                               : loaded 2 times (x 72B)
Class com.sun.xml.bind.v2.runtime.JAXBContextImpl                                     : loaded 2 times (x 90B)
Class com.android.repository.impl.meta.RemotePackageImpl                              : loaded 2 times (x 144B)
Class com.android.sdklib.repository.generated.common.v1.package-info                  : loaded 2 times (x 70B)
Class com.android.sdklib.repository.meta.SdkCommonFactory                             : loaded 2 times (x 73B)
Class com.android.builder.model.v2.models.Versions                                    : loaded 2 times (x 70B)
Class com.android.build.gradle.internal.scope.InternalArtifactType$LOCAL_AAR_FOR_LINT : loaded 2 times (x 74B)
Class com.android.build.gradle.internal.PropertiesValueSource$Inject_                 : loaded 2 times (x 109B)
Class com.android.build.gradle.internal.scope.InternalArtifactType$CONNECTED_ANDROID_TEST_ADDITIONAL_OUTPUT: loaded 2 times (x 74B)
Class com.android.build.gradle.internal.scope.InternalArtifactType$GLOBAL_SYNTHETICS_EXTERNAL_LIB: loaded 2 times (x 74B)
Class com.android.build.gradle.internal.scope.InternalArtifactType$DATA_BINDING_LAYOUT_INFO_TYPE_PACKAGE: loaded 2 times (x 74B)
Class com.android.build.gradle.internal.tasks.NewIncrementalTask                      : loaded 2 times (x 336B)
Class com.android.build.gradle.internal.scope.InternalArtifactType$BUNDLE_MANIFEST    : loaded 2 times (x 74B)
Class com.android.build.gradle.internal.manifest.LazyManifestParser$manifestData$2    : loaded 2 times (x 75B)
Class com.google.protobuf.MessageLite$Builder                                         : loaded 2 times (x 70B)
Class jdk.internal.jimage.ImageReader                                                 : loaded 2 times (x 75B)
Class io.opentelemetry.context.Context                                                : loaded 2 times (x 70B)
Class org.jetbrains.plugins.gradle.model.IntelliJProjectSettings                      : loaded 2 times (x 70B)
Class org.gradle.tooling.internal.adapter.ProtocolToModelAdapter$MethodInvocationCache: loaded 2 times (x 73B)
Class [Lorg.jetbrains.kotlin.buildtools.api.jvm.ClassSnapshotGranularity;             : loaded 2 times (x 69B)
Class [Lorg.jetbrains.kotlin.cli.common.messages.CompilerMessageSeverity;             : loaded 2 times (x 69B)
Class com.android.tools.r8.graph.bb$a                                                 : loaded 2 times (x 107B)
Class com.google.gson.internal.ConstructorConstructor$19                              : loaded 2 times (x 76B)
Class com.android.tools.r8.internal.sm0                                               : loaded 2 times (x 71B)
Class com.android.tools.r8.internal.we4                                               : loaded 2 times (x 75B)
Class com.android.tools.r8.internal.m52                                               : loaded 2 times (x 89B)
Class com.android.tools.r8.internal.z22                                               : loaded 2 times (x 79B)
Class com.android.tools.r8.internal.pf0                                               : loaded 2 times (x 162B)
Class com.android.tools.r8.internal.qd1                                               : loaded 2 times (x 84B)
Class com.android.tools.r8.internal.gn1                                               : loaded 2 times (x 80B)
Class com.android.tools.r8.internal.ga4                                               : loaded 2 times (x 70B)
Class com.android.tools.r8.errors.UnsupportedConstDynamicDiagnostic                   : loaded 2 times (x 82B)
Class com.android.tools.r8.internal.vx                                                : loaded 2 times (x 78B)
Class [Lcom.android.tools.r8.internal.kw;                                             : loaded 2 times (x 69B)
Class com.android.tools.r8.internal.zl4                                               : loaded 2 times (x 330B)
Class com.android.tools.r8.internal.cm                                                : loaded 2 times (x 125B)
Class com.android.tools.r8.internal.r84                                               : loaded 2 times (x 73B)
Class com.android.build.gradle.internal.attribution.BuildAnalyzerService$Parameters$Inject_: loaded 2 times (x 118B)
Class com.android.zipflinger.Ints                                                     : loaded 2 times (x 71B)
Class com.android.build.gradle.internal.scope.InternalArtifactType$MERGED_NOT_COMPILED_RES: loaded 2 times (x 74B)
Class com.android.build.gradle.tasks.ResourceException                                : loaded 2 times (x 82B)
Class org.jetbrains.kotlin.gradle.plugin.statistics.KotlinBuildStatsLoggerService$initSessionLogger$1: loaded 2 times (x 79B)
Class org.jetbrains.kotlin.statistics.metrics.StringOverridePolicy                    : loaded 2 times (x 85B)
Class org.jetbrains.kotlin.gradle.plugin.KotlinCompilerArgumentsProducer$ArgumentType$Companion: loaded 2 times (x 71B)
Class com.android.tools.r8.internal.mc                                                : loaded 2 times (x 72B)
Class com.android.tools.r8.internal.h20                                               : loaded 2 times (x 285B)
Class com.android.tools.r8.internal.hl2                                               : loaded 2 times (x 70B)
Class com.android.tools.r8.internal.u3                                                : loaded 2 times (x 73B)
Class com.android.tools.r8.graph.b3                                                   : loaded 2 times (x 71B)
Class com.android.tools.r8.internal.sq                                                : loaded 2 times (x 90B)
Class com.android.tools.r8.internal.vk1$b                                             : loaded 2 times (x 76B)
Class com.android.tools.r8.ProgramResourceProvider                                    : loaded 2 times (x 70B)
Class org.jetbrains.kotlin.build.report.metrics.BuildTimes                            : loaded 2 times (x 72B)
Class org.jetbrains.kotlin.gradle.tasks.KotlinCompile$ClasspathSnapshotProperties     : loaded 2 times (x 75B)
Class javax.xml.bind.annotation.XmlAnyAttribute                                       : loaded 2 times (x 70B)
Class com.sun.xml.bind.v2.model.impl.ValuePropertyInfoImpl                            : loaded 2 times (x 120B)
Class com.android.repository.impl.generated.v2.package-info                           : loaded 2 times (x 70B)
Class com.android.sdklib.repository.generated.addon.v1.package-info                   : loaded 2 times (x 70B)
Class com.android.sdklib.repository.legacy.LegacyDownloader                           : loaded 2 times (x 84B)
Class com.android.build.gradle.internal.scope.InternalArtifactType$MODULE_AND_RUNTIME_DEPS_CLASSES: loaded 2 times (x 74B)
Class com.android.builder.files.SerializableFileChanges                               : loaded 2 times (x 72B)
Class com.android.build.gradle.internal.dependency.AarToClassTransform$Params         : loaded 2 times (x 70B)
Class com.android.build.gradle.internal.scope.InternalArtifactType$SDK_DEPENDENCY_DATA: loaded 2 times (x 74B)
Class com.android.build.gradle.internal.scope.InternalArtifactType$BUNDLE_DEPENDENCY_REPORT: loaded 2 times (x 74B)
Class org.jetbrains.kotlin.gradle.plugin.diagnostics.TransformActionUsingKotlinToolingDiagnostics: loaded 2 times (x 70B)
Class com.android.builder.model.v2.models.ndk.NativeModule                            : loaded 2 times (x 70B)
Class com.android.build.api.artifact.Artifact                                         : loaded 2 times (x 74B)
Class com.android.build.gradle.tasks.MergeResources$Flag                              : loaded 2 times (x 79B)
Class [Lorg.objectweb.asm.SymbolTable$Entry;                                          : loaded 2 times (x 69B)
Class com.android.builder.profile.Recorder                                            : loaded 2 times (x 70B)
Class org.jetbrains.kotlin.gradle.dsl.KotlinCommonCompilerToolOptionsHelper           : loaded 2 times (x 71B)
Class com.google.wireless.android.sdk.stats.GradleBuildProfileSpanOrBuilder           : loaded 2 times (x 70B)
Class com.google.protobuf.Parser                                                      : loaded 2 times (x 70B)
Class org.jetbrains.kotlin.gradle.internal.transforms.BuildToolsApiClasspathEntrySnapshotTransform: loaded 2 times (x 82B)
Class com.android.build.gradle.internal.scope.InternalArtifactType$RES_STATIC_LIBRARY : loaded 2 times (x 74B)
Class com.android.build.gradle.internal.scope.InternalArtifactType$RUNTIME_LIBRARY_CLASSES_JAR: loaded 2 times (x 74B)
Class javax.xml.bind.ContextFinder$1                                                  : loaded 2 times (x 73B)
Class jdk.internal.jimage.ImageReader$SharedImageReader                               : loaded 2 times (x 95B)
Class org.jetbrains.plugins.gradle.model.ExternalDependency                           : loaded 2 times (x 70B)
Class com.intellij.util.containers.IntObjectHashMap                                   : loaded 2 times (x 72B)
Class com.google.common.collect.SortedIterable                                        : loaded 2 times (x 70B)
Class org.gradle.api.internal.classpath.ModuleRegistry                                : loaded 2 times (x 70B)
Class org.gradle.internal.installation.GradleInstallation$1                           : loaded 2 times (x 75B)
Class com.android.tools.r8.graph.bb$b                                                 : loaded 2 times (x 107B)
Class com.android.build.gradle.internal.tasks.DexMergingWorkAction                    : loaded 2 times (x 77B)
Class org.apache.commons.io.output.NullWriter                                         : loaded 2 times (x 99B)
Class com.android.tools.r8.internal.pk                                                : loaded 2 times (x 124B)
Class com.android.tools.r8.internal.fp1                                               : loaded 2 times (x 73B)
Class com.android.tools.r8.internal.h21                                               : loaded 2 times (x 81B)
Class com.android.tools.r8.internal.ci1                                               : loaded 2 times (x 182B)
Class com.android.tools.r8.internal.y42                                               : loaded 2 times (x 79B)
Class com.android.tools.r8.internal.ro0                                               : loaded 2 times (x 72B)
Class com.android.tools.r8.internal.md                                                : loaded 2 times (x 195B)
Class com.android.tools.r8.internal.oh0                                               : loaded 2 times (x 170B)
Class com.android.tools.r8.internal.pf1                                               : loaded 2 times (x 159B)
Class com.android.tools.r8.internal.la0                                               : loaded 2 times (x 72B)
Class com.android.tools.r8.internal.uv0                                               : loaded 2 times (x 76B)
Class com.android.tools.r8.internal.cn                                                : loaded 2 times (x 124B)
Class com.android.tools.r8.internal.dg2                                               : loaded 2 times (x 79B)
Class com.android.build.gradle.internal.profile.ProfileAwareWorkAction                : loaded 2 times (x 77B)
Class com.google.common.base.Splitter$SplittingIterator                               : loaded 2 times (x 84B)
Class org.jetbrains.kotlin.gradle.plugin.statistics.KotlinBuildStatsBeanService$Companion: loaded 2 times (x 71B)
Class org.jetbrains.kotlin.gradle.plugin.KotlinCompilerArgumentsProducer$CreateCompilerArgumentsContext$Companion: loaded 2 times (x 71B)
Class com.android.build.gradle.internal.tasks.MergeJavaResourceTask$Companion$predicate$1: loaded 2 times (x 80B)
Class com.android.tools.r8.internal.tk2                                               : loaded 2 times (x 286B)
Class com.android.tools.r8.internal.sm1                                               : loaded 2 times (x 76B)
Class com.android.tools.r8.internal.gn2                                               : loaded 2 times (x 190B)
Class com.android.tools.r8.internal.z23                                               : loaded 2 times (x 111B)
Class com.android.tools.r8.internal.ju2                                               : loaded 2 times (x 75B)
Class com.android.tools.r8.synthesis.p0                                               : loaded 2 times (x 79B)
Class com.android.tools.r8.internal.w80                                               : loaded 2 times (x 74B)
Class com.android.tools.r8.internal.vk1$c                                             : loaded 2 times (x 73B)
Class com.android.tools.r8.internal.hy0                                               : loaded 2 times (x 79B)
Class com.android.tools.r8.graph.b4                                                   : loaded 2 times (x 72B)
Class [Lcom.android.tools.r8.internal.u51;                                            : loaded 2 times (x 69B)
Class [Lcom.sun.xml.bind.v2.model.impl.ClassInfoImpl$SecondaryAnnotation;             : loaded 2 times (x 69B)
Class com.sun.xml.bind.v2.model.core.TypeInfoSet                                      : loaded 2 times (x 70B)
Class com.sun.xml.bind.api.BridgeContext                                              : loaded 2 times (x 76B)
Class com.android.sdklib.repository.generated.repository.v4.ObjectFactory             : loaded 2 times (x 79B)
Class com.android.sdklib.repository.generated.addon.v2.ObjectFactory                  : loaded 2 times (x 80B)
Class com.android.build.gradle.internal.SdkLoadingStrategy                            : loaded 2 times (x 72B)
Class com.android.build.gradle.internal.scope.InternalArtifactType$COMPILE_LIBRARY_CLASSES_JAR: loaded 2 times (x 74B)
Class com.android.build.gradle.internal.scope.InternalArtifactType$APK_ZIP            : loaded 2 times (x 74B)
Class com.android.build.gradle.internal.tasks.ListingFileRedirectTask                 : loaded 2 times (x 335B)
Class org.jetbrains.kotlin.gradle.utils.ConfigurationCacheOpaqueValue                 : loaded 2 times (x 72B)
Class [Lcom.android.build.gradle.internal.publishing.ArtifactCategory;                : loaded 2 times (x 69B)
Class [Lcom.android.build.api.artifact.impl.InternalScopedArtifacts$InternalScope;    : loaded 2 times (x 69B)
Class com.android.build.gradle.internal.services.FakeDependencyJarBuildService$FakeDependencyJarCreator$Inject_: loaded 2 times (x 111B)
Class com.sun.xml.bind.api.Bridge                                                     : loaded 2 times (x 85B)
Class com.sun.xml.bind.v2.model.impl.RuntimeTypeInfoSetImpl                           : loaded 2 times (x 123B)
Class com.google.wireless.android.sdk.stats.GradleBuildVariant$VariantType            : loaded 2 times (x 87B)
Class [Lorg.jetbrains.kotlin.build.report.metrics.GradleBuildPerformanceMetric;       : loaded 2 times (x 69B)
Class org.jetbrains.kotlin.gradle.plugin.statistics.BuildFusService$Companion         : loaded 2 times (x 71B)
Class com.android.ProgressManagerAdapter                                              : loaded 2 times (x 73B)
Class com.google.protobuf.Descriptors$GenericDescriptor                               : loaded 2 times (x 75B)
Class com.sun.xml.bind.v2.model.impl.Utils$1                                          : loaded 2 times (x 77B)
Class com.android.ide.common.blame.MessageJsonSerializer                              : loaded 2 times (x 76B)
Class javax.xml.bind.annotation.XmlMimeType                                           : loaded 2 times (x 70B)
Class javax.xml.bind.annotation.adapters.CollapsedStringAdapter                       : loaded 2 times (x 75B)
Class javax.xml.bind.UnmarshalException                                               : loaded 2 times (x 85B)
Class com.android.build.gradle.internal.plugins.FusedLibraryPlugin                    : loaded 2 times (x 81B)
Class jdk.internal.jimage.decompressor.ResourceDecompressorFactory                    : loaded 2 times (x 74B)
Class com.amazon.ion.impl.bin.IonManagedBinaryWriter$SymbolState$1                    : loaded 2 times (x 80B)
Class com.amazon.ion.impl.LocalSymbolTableAsStruct$Factory                            : loaded 2 times (x 79B)
Class [Lcom.amazon.ion.IonType;                                                       : loaded 2 times (x 69B)
Class org.jetbrains.plugins.gradle.model.VersionCatalogsModel                         : loaded 2 times (x 70B)
Class com.intellij.gradle.toolingExtension.impl.model.sourceSetDependencyModel.GradleSourceSetDependencySerialisationService$SourceSetDependencyModelReadContext: loaded 2 times (x 72B)
Class com.intellij.gradle.toolingExtension.impl.model.dependencyModel.DependencyReadContext: loaded 2 times (x 72B)
Class org.gradle.tooling.internal.adapter.ObjectGraphAdapter                          : loaded 2 times (x 70B)
Class com.android.tools.r8.graph.gb                                                   : loaded 2 times (x 105B)
Class com.android.tools.r8.graph.r9                                                   : loaded 2 times (x 71B)
Class com.android.tools.r8.internal.rb4                                               : loaded 2 times (x 70B)
Class com.android.tools.r8.internal.nj0                                               : loaded 2 times (x 162B)
Class com.android.tools.r8.internal.am0                                               : loaded 2 times (x 161B)
Class com.android.tools.r8.naming.m0                                                  : loaded 2 times (x 70B)
Class com.android.tools.r8.internal.zb                                                : loaded 2 times (x 75B)
Class com.android.tools.r8.internal.ee4                                               : loaded 2 times (x 73B)
Class com.android.tools.r8.internal.ro1                                               : loaded 2 times (x 76B)
Class com.android.tools.r8.internal.u5                                                : loaded 2 times (x 71B)
Class com.android.tools.r8.internal.kc0                                               : loaded 2 times (x 82B)
Class com.android.tools.r8.internal.vz                                                : loaded 2 times (x 75B)
Class com.android.tools.r8.graph.bb$c                                                 : loaded 2 times (x 112B)
Class com.android.tools.r8.internal.me                                                : loaded 2 times (x 87B)
Class com.android.tools.r8.internal.m54                                               : loaded 2 times (x 72B)
Class com.android.tools.r8.internal.e1                                                : loaded 2 times (x 181B)
Class com.android.tools.r8.internal.la1                                               : loaded 2 times (x 301B)
Class com.android.tools.r8.internal.z24                                               : loaded 2 times (x 177B)
Class com.android.tools.r8.internal.g41                                               : loaded 2 times (x 74B)
Class com.android.tools.r8.internal.h22                                               : loaded 2 times (x 74B)
Class com.android.tools.r8.internal.w81                                               : loaded 2 times (x 329B)
Class [Lcom.android.tools.r8.internal.e03;                                            : loaded 2 times (x 69B)
Class [Lcom.android.tools.r8.internal.d22;                                            : loaded 2 times (x 69B)
Class com.android.tools.r8.shaking.a9                                                 : loaded 2 times (x 97B)
Class com.android.tools.r8.internal.s30                                               : loaded 2 times (x 72B)
Class org.jetbrains.kotlin.compilerRunner.CompilerExecutionSettings                   : loaded 2 times (x 72B)
Class com.android.buildanalyzer.common.AndroidGradlePluginAttributionData$TaskCategoryInfo: loaded 2 times (x 72B)
Class com.android.manifmerger.MergingReport                                           : loaded 2 times (x 81B)
Class com.android.build.gradle.internal.tasks.Info                                    : loaded 2 times (x 72B)
Class com.android.build.gradle.internal.tasks.CheckAarMetadataTask_Decorated          : loaded 2 times (x 403B)
Class [Lorg.jetbrains.kotlin.statistics.metrics.BooleanMetrics;                       : loaded 2 times (x 69B)
Class com.google.common.collect.ImmutableMultimap$Values                              : loaded 2 times (x 126B)
Class com.android.builder.model.v2.ide.Installation                                   : loaded 2 times (x 70B)
Class com.android.tools.r8.internal.pl                                                : loaded 2 times (x 125B)
Class com.android.tools.r8.internal.co                                                : loaded 2 times (x 70B)
Class com.android.tools.r8.internal.zy3                                               : loaded 2 times (x 73B)
Class com.android.tools.r8.internal.vk1$d                                             : loaded 2 times (x 72B)
Class com.android.tools.r8.internal.t11                                               : loaded 2 times (x 80B)
Class com.android.tools.r8.internal.vt2                                               : loaded 2 times (x 71B)
Class com.android.tools.r8.graph.b5                                                   : loaded 2 times (x 72B)
Class [Lcom.android.tools.r8.graph.k6;                                                : loaded 2 times (x 69B)
Class com.sun.xml.bind.v2.runtime.unmarshaller.ValuePropertyLoader                    : loaded 2 times (x 78B)
Class com.sun.xml.bind.v2.model.runtime.RuntimeReferencePropertyInfo                  : loaded 2 times (x 70B)
Class javax.xml.bind.annotation.XmlRootElement                                        : loaded 2 times (x 70B)
Class com.sun.xml.bind.v2.model.core.Ref                                              : loaded 2 times (x 72B)
Class com.sun.xml.bind.v2.model.runtime.RuntimeElementInfo                            : loaded 2 times (x 70B)
Class com.sun.xml.bind.v2.model.impl.RuntimeModelBuilder                              : loaded 2 times (x 100B)
Class javax.xml.bind.ServiceLoaderUtil                                                : loaded 2 times (x 71B)
Class com.android.repository.impl.meta.Archive$CompleteType                           : loaded 2 times (x 79B)
Class com.android.repository.impl.meta.CommonFactory                                  : loaded 2 times (x 91B)
Class com.android.sdklib.repository.generated.common.v4.IdDisplayType                 : loaded 2 times (x 83B)
Class com.android.build.gradle.internal.SupportToolsComponents$Companion              : loaded 2 times (x 71B)
Class com.android.build.gradle.internal.SdkComponentsBuildService$VersionedSdkLoader$sdkDirectoryProvider$1: loaded 2 times (x 75B)
Class com.android.build.gradle.internal.dependency.LibrarySymbolTableTransform        : loaded 2 times (x 78B)
Class com.android.build.gradle.internal.scope.InternalArtifactType$DUPLICATE_CLASSES_CHECK: loaded 2 times (x 74B)
Class com.android.build.gradle.internal.scope.InternalArtifactType$BUILT_IN_KOTLINC   : loaded 2 times (x 74B)
Class com.android.build.gradle.internal.scope.InternalArtifactType$MERGED_TEST_ONLY_NATIVE_LIBS: loaded 2 times (x 74B)
Class com.android.build.gradle.internal.scope.InternalArtifactType$MERGED_JNI_LIBS    : loaded 2 times (x 74B)
Class com.android.build.gradle.internal.tasks.CompressAssetsTask                      : loaded 2 times (x 340B)
Class com.android.build.api.artifact.ArtifactTransformationRequest                    : loaded 2 times (x 70B)
Class com.android.build.api.artifact.Artifact$Replaceable                             : loaded 2 times (x 70B)
Class com.google.common.util.concurrent.AbstractFuture$UnsafeAtomicHelper             : loaded 2 times (x 78B)
Class com.android.build.gradle.internal.services.AndroidLocationsBuildService$AndroidDirectoryCreator$Params: loaded 2 times (x 70B)
Class com.sun.xml.bind.v2.runtime.unmarshaller.XmlVisitor                             : loaded 2 times (x 70B)
Class com.google.protobuf.AbstractMessageLite                                         : loaded 2 times (x 101B)
Class org.jetbrains.kotlin.gradle.tasks.CacheableTasksKt$cacheOnlyIfEnabledForKotlin$1: loaded 2 times (x 75B)
Class com.android.tools.r8.StringConsumer                                             : loaded 2 times (x 70B)
Class com.android.tools.r8.internal.i21                                               : loaded 2 times (x 70B)
Class org.jetbrains.plugins.gradle.model.ProjectImportModelProvider                   : loaded 2 times (x 70B)
Class org.jetbrains.plugins.gradle.model.ExternalSourceSet                            : loaded 2 times (x 70B)
Class com.amazon.ion.impl.bin.IonManagedBinaryWriter$SymbolState$2                    : loaded 2 times (x 80B)
Class com.amazon.ion.IonNull                                                          : loaded 2 times (x 70B)
Class com.intellij.gradle.toolingExtension.impl.model.warmUp.GradleTaskWarmUpRequest  : loaded 2 times (x 70B)
Class com.google.common.collect.ImmutableSortedAsList                                 : loaded 2 times (x 221B)
Class kotlin.text.RegexKt                                                             : loaded 2 times (x 71B)
Class kotlin.coroutines.intrinsics.IntrinsicsKt__IntrinsicsKt                         : loaded 2 times (x 71B)
Class com.google.common.collect.Iterators$6                                           : loaded 2 times (x 81B)
Class ijKotlinCoroutineJvmDebugInit1_8mgdfgqb7rd1up130u15kmxt2$_run_closure1          : loaded 2 times (x 139B)
Class com.android.tools.r8.internal.wb0                                               : loaded 2 times (x 75B)
Class com.android.tools.r8.internal.dg4                                               : loaded 2 times (x 71B)
Class com.android.tools.r8.internal.zc                                                : loaded 2 times (x 74B)
Class [Lcom.android.tools.r8.ProgramResource;                                         : loaded 2 times (x 69B)
Class com.android.builder.dexing.DexParameters                                        : loaded 2 times (x 72B)
Class com.android.tools.r8.internal.fw                                                : loaded 2 times (x 75B)
Class com.android.tools.r8.internal.ml0                                               : loaded 2 times (x 161B)
Class [Lcom.android.tools.r8.graph.w5;                                                : loaded 2 times (x 69B)
Class com.android.tools.r8.graph.gc                                                   : loaded 2 times (x 72B)
Class com.android.tools.r8.internal.zi0                                               : loaded 2 times (x 161B)
Class com.android.tools.r8.internal.cp                                                : loaded 2 times (x 71B)
Class com.android.tools.r8.internal.s31                                               : loaded 2 times (x 73B)
Class com.android.tools.r8.internal.ro2                                               : loaded 2 times (x 72B)
Class com.android.tools.r8.internal.qd4                                               : loaded 2 times (x 70B)
Class com.android.tools.r8.internal.pm                                                : loaded 2 times (x 79B)
Class com.android.tools.r8.internal.bk2                                               : loaded 2 times (x 78B)
Class com.android.tools.r8.graph.b6                                                   : loaded 2 times (x 79B)
Class [Lcom.android.tools.r8.internal.bo;                                             : loaded 2 times (x 69B)
Class com.android.tools.r8.internal.i04                                               : loaded 2 times (x 70B)
Class com.google.common.collect.LinkedListMultimap                                    : loaded 2 times (x 161B)
Class org.jetbrains.kotlin.compilerRunner.GradleCompilerRunnerWithWorkers             : loaded 2 times (x 73B)
Class com.android.build.gradle.internal.tasks.DexMergingTask_Decorated                : loaded 2 times (x 399B)
Class com.android.build.gradle.internal.tasks.GlobalSyntheticsGeneratorTask_Decorated : loaded 2 times (x 385B)
Class com.android.build.api.variant.impl.FilterConfigurationImpl                      : loaded 2 times (x 76B)
Class org.jetbrains.kotlin.statistics.metrics.NumberOverridePolicy$SUM                : loaded 2 times (x 85B)
Class com.android.builder.model.v2.models.ModelBuilderParameter                       : loaded 2 times (x 70B)
Class com.android.build.api.variant.MultiOutputHandler$Companion                      : loaded 2 times (x 71B)
Class com.android.tools.r8.internal.l74                                               : loaded 2 times (x 70B)
Class com.android.tools.r8.internal.am1                                               : loaded 2 times (x 76B)
Class com.android.tools.r8.internal.g42                                               : loaded 2 times (x 72B)
Class com.android.tools.r8.internal.vk1$e                                             : loaded 2 times (x 71B)
Class com.android.tools.r8.graph.o3                                                   : loaded 2 times (x 73B)
Class com.android.tools.r8.internal.e2                                                : loaded 2 times (x 81B)
Class com.sun.xml.bind.v2.runtime.unmarshaller.UnmarshallingContext                   : loaded 2 times (x 103B)
Class com.sun.xml.bind.v2.runtime.LifecycleMethods                                    : loaded 2 times (x 72B)
Class com.android.sdklib.repository.generated.addon.v1.AddonDetailsType               : loaded 2 times (x 141B)
Class com.sun.xml.bind.v2.model.runtime.RuntimeMapPropertyInfo                        : loaded 2 times (x 70B)
Class com.sun.xml.bind.v2.model.annotation.MethodLocatable                            : loaded 2 times (x 78B)
Class com.sun.xml.bind.v2.model.nav.TypeVisitor                                       : loaded 2 times (x 76B)
Class com.android.repository.impl.meta.RepoPackageImpl                                : loaded 2 times (x 114B)
Class com.android.build.gradle.internal.utils.ConsoleProgressIndicatorFactory$IsTerminalSmartValueSource: loaded 2 times (x 78B)
Class com.android.build.api.variant.FilterConfiguration                               : loaded 2 times (x 70B)
Class com.android.build.gradle.internal.dependency.SubtractingArtifactCollection      : loaded 2 times (x 84B)
Class com.android.build.gradle.internal.tasks.IncrementalTask                         : loaded 2 times (x 70B)
Class [Lcom.android.prefs.Global;                                                     : loaded 2 times (x 69B)
Class com.android.build.gradle.internal.services.ConfigPhaseFileCreator               : loaded 2 times (x 70B)
Class com.android.build.gradle.internal.services.Aapt2ThreadPoolBuildService$Params_Decorated: loaded 2 times (x 130B)
Class com.google.wireless.android.sdk.stats.GradleBuildProfile$1                      : loaded 2 times (x 151B)
Class com.android.tools.r8.internal.y61                                               : loaded 2 times (x 73B)
Class com.android.tools.r8.internal.uq                                                : loaded 2 times (x 90B)
Class com.android.tools.r8.graph.q0                                                   : loaded 2 times (x 150B)
Class jdk.internal.jimage.ImageReader$Node                                            : loaded 2 times (x 84B)
Class com.amazon.ion.impl.bin.IonRawBinaryWriter$ContainerInfo                        : loaded 2 times (x 74B)
Class com.amazon.ion.impl.bin.IonManagedBinaryWriter$SymbolState$3                    : loaded 2 times (x 80B)
Class com.amazon.ion.impl.bin.IonRawBinaryWriter$StreamFlushMode                      : loaded 2 times (x 79B)
Class com.amazon.ion.IonBinaryWriter                                                  : loaded 2 times (x 70B)
Class com.intellij.gradle.toolingExtension.impl.model.sourceSetArtifactIndex.GradleSourceSetArtifactBuildRequest: loaded 2 times (x 70B)
Class kotlin.io.FilesKt__UtilsKt                                                      : loaded 2 times (x 71B)
Class com.google.common.collect.Lists$TransformingRandomAccessList                    : loaded 2 times (x 199B)
Class kotlin.collections.CollectionsKt__CollectionsJVMKt                              : loaded 2 times (x 71B)
Class org.gradle.api.internal.classpath.DefaultModuleRegistry                         : loaded 2 times (x 84B)
Class com.android.tools.r8.internal.pn                                                : loaded 2 times (x 128B)
Class com.android.build.gradle.internal.tasks.DexMergingTaskDelegate                  : loaded 2 times (x 78B)
Class com.android.tools.r8.internal.vd0                                               : loaded 2 times (x 161B)
Class com.android.tools.r8.D8Command                                                  : loaded 2 times (x 97B)
Class com.android.tools.r8.internal.b11                                               : loaded 2 times (x 70B)
Class com.android.tools.r8.internal.e81                                               : loaded 2 times (x 85B)
Class com.android.tools.r8.internal.zd                                                : loaded 2 times (x 91B)
Class com.android.tools.r8.internal.ig0                                               : loaded 2 times (x 170B)
Class com.android.tools.r8.internal.yk0                                               : loaded 2 times (x 171B)
Class com.android.tools.r8.graph.b7                                                   : loaded 2 times (x 71B)
Class com.android.tools.r8.internal.x64                                               : loaded 2 times (x 73B)
Class com.android.tools.r8.internal.h24                                               : loaded 2 times (x 117B)
Class [Lcom.android.tools.r8.internal.qd1;                                            : loaded 2 times (x 69B)
Class com.android.tools.r8.internal.ci4                                               : loaded 2 times (x 90B)
Class com.android.tools.r8.internal.ml1                                               : loaded 2 times (x 74B)
Class com.android.tools.r8.graph.gd                                                   : loaded 2 times (x 72B)
Class com.android.tools.r8.internal.r0                                                : loaded 2 times (x 151B)
Class com.android.tools.r8.internal.q70                                               : loaded 2 times (x 77B)
Class com.android.ide.common.resources.DuplicateDataException                         : loaded 2 times (x 83B)
Class com.android.zipflinger.ZipWriter                                                : loaded 2 times (x 86B)
Class com.android.build.gradle.internal.tasks.MergeNativeLibsTaskKt$getSubProjectNativeLibs$1: loaded 2 times (x 74B)
Class com.android.build.gradle.internal.tasks.MergeNativeDebugMetadataTask_Decorated  : loaded 2 times (x 383B)
Class org.jetbrains.kotlin.statistics.metrics.StatisticsValuesConsumer                : loaded 2 times (x 70B)
Class org.jetbrains.kotlin.gradle.plugin.internal.state.TaskExecutionResults          : loaded 2 times (x 71B)
Class org.jetbrains.kotlin.gradle.dsl.KotlinProjectExtensionKt$WhenMappings           : loaded 2 times (x 71B)
Class com.android.tools.r8.internal.ln0                                               : loaded 2 times (x 305B)
Class com.android.tools.r8.internal.pf4                                               : loaded 2 times (x 72B)
Class com.android.tools.r8.internal.kc2                                               : loaded 2 times (x 72B)
Class [Lcom.android.tools.r8.graph.f3;                                                : loaded 2 times (x 69B)
Class com.android.tools.r8.internal.la3                                               : loaded 2 times (x 75B)
Class com.android.tools.r8.internal.vk1$f                                             : loaded 2 times (x 79B)
Class com.android.tools.r8.graph.o4                                                   : loaded 2 times (x 72B)
Class com.android.tools.r8.internal.r51                                               : loaded 2 times (x 72B)
Class org.jetbrains.kotlin.compilerRunner.KotlinCompilerArgumentsLogLevel             : loaded 2 times (x 79B)
Class javax.xml.bind.Unmarshaller                                                     : loaded 2 times (x 70B)
Class com.android.build.gradle.internal.FileExistsValueSource                         : loaded 2 times (x 78B)
Class com.android.build.gradle.internal.SdkComponentsBuildService$VersionedSdkLoader$renderScriptSupportJarProvider$1: loaded 2 times (x 75B)
Class com.android.builder.sdk.InstallFailedException                                  : loaded 2 times (x 82B)
Class com.android.build.gradle.internal.scope.InternalArtifactType$SDK_DEPENDENCY_DATA_PUBLIC: loaded 2 times (x 74B)
Class com.android.build.gradle.internal.scope.InternalArtifactType$COMPRESSED_ASSETS  : loaded 2 times (x 74B)
Class com.android.build.gradle.internal.scope.InternalArtifactType$GENERATED_PNGS_RES : loaded 2 times (x 74B)
Class com.android.build.api.artifact.SingleArtifact$APK                               : loaded 2 times (x 74B)
Class com.android.build.api.artifact.SingleArtifact                                   : loaded 2 times (x 74B)
Class [Lcom.android.build.api.artifact.Artifact$Category;                             : loaded 2 times (x 69B)
Class com.android.tools.r8.graph.t7                                                   : loaded 2 times (x 94B)
Class com.android.tools.r8.internal.hn2                                               : loaded 2 times (x 88B)
Class com.android.tools.r8.internal.tm1                                               : loaded 2 times (x 294B)
Class com.android.tools.r8.internal.oc                                                : loaded 2 times (x 73B)
Class com.android.builder.model.v2.ide.AaptOptions$Namespacing                        : loaded 2 times (x 79B)
Class org.jetbrains.kotlin.statistics.metrics.StringOverridePolicy$OVERRIDE_VERSION_IF_NOT_SET: loaded 2 times (x 85B)
Class com.android.ide.common.resources.DataMerger                                     : loaded 2 times (x 97B)
Class com.android.build.gradle.internal.attribution.BuildAnalyzerService$Inject_      : loaded 2 times (x 104B)
Class com.android.tools.r8.graph.d3                                                   : loaded 2 times (x 124B)
Class com.android.builder.errors.IssueReporter                                        : loaded 2 times (x 73B)
Class jdk.internal.jimage.BasicImageReader$1                                          : loaded 2 times (x 77B)
Class com.amazon.ion.impl.bin.IonManagedBinaryWriter$SymbolState$4                    : loaded 2 times (x 80B)
Class [Lcom.amazon.ion.util.InputStreamInterceptor;                                   : loaded 2 times (x 69B)
Class org.jetbrains.plugins.gradle.tooling.serialization.internal.IdeaProjectSerializationService$WriteContext$1: loaded 2 times (x 83B)
Class org.jetbrains.plugins.gradle.model.ExternalProject                              : loaded 2 times (x 70B)
Class kotlin.sequences.SequencesKt                                                    : loaded 2 times (x 71B)
Class kotlin.collections.CollectionsKt__IteratorsKt                                   : loaded 2 times (x 71B)
Class ijJvmDebugger1_3s5zkvzkmj3eyveb9pd6w8mo9$_run_closure1$_closure2                : loaded 2 times (x 140B)
Class com.android.tools.r8.internal.je2                                               : loaded 2 times (x 104B)
Class com.android.tools.r8.internal.eb0                                               : loaded 2 times (x 161B)
Class com.android.tools.r8.internal.xm0                                               : loaded 2 times (x 161B)
Class com.android.tools.r8.internal.r52                                               : loaded 2 times (x 80B)
Class com.android.tools.r8.DexFilePerClassFileConsumer                                : loaded 2 times (x 70B)
Class com.android.tools.r8.internal.ln1                                               : loaded 2 times (x 82B)
Class com.android.tools.r8.internal.uf0                                               : loaded 2 times (x 163B)
Class com.android.tools.r8.graph.b8                                                   : loaded 2 times (x 102B)
Class com.android.tools.r8.internal.n01                                               : loaded 2 times (x 72B)
Class com.android.tools.r8.internal.la4                                               : loaded 2 times (x 70B)
Class com.android.tools.r8.internal.cv2                                               : loaded 2 times (x 301B)
Class com.android.tools.r8.internal.bk4                                               : loaded 2 times (x 119B)
Class com.android.tools.r8.internal.cr                                                : loaded 2 times (x 94B)
Class com.android.tools.r8.internal.tx3                                               : loaded 2 times (x 94B)
Class com.android.tools.r8.internal.oh4                                               : loaded 2 times (x 82B)
Class com.android.build.gradle.tasks.MergeResources$getFlags$2                        : loaded 2 times (x 78B)
Class org.jetbrains.kotlin.gradle.plugin.statistics.NonSynchronizedMetricsContainer   : loaded 2 times (x 82B)
Class com.android.tools.r8.internal.p90                                               : loaded 2 times (x 70B)
Class com.android.tools.r8.internal.ja                                                : loaded 2 times (x 72B)
Class com.android.tools.r8.internal.vk1$g                                             : loaded 2 times (x 82B)
Class com.android.tools.r8.internal.yk1                                               : loaded 2 times (x 72B)
Class com.android.tools.r8.graph.o5                                                   : loaded 2 times (x 72B)
Class com.android.tools.r8.internal.fy                                                : loaded 2 times (x 84B)
Class [Lcom.android.builder.model.v2.ide.CodeShrinker;                                : loaded 2 times (x 69B)
Class org.jetbrains.kotlin.gradle.tasks.KotlinCompilerExecutionStrategy$Companion     : loaded 2 times (x 71B)
Class org.jetbrains.kotlin.gradle.plugin.CompilerPluginConfig                         : loaded 2 times (x 72B)
Class com.sun.xml.bind.v2.runtime.Coordinator                                         : loaded 2 times (x 83B)
Class javax.xml.bind.ValidationEventHandler                                           : loaded 2 times (x 70B)
Class com.android.repository.impl.meta.Archive$PatchesType                            : loaded 2 times (x 72B)
Class com.sun.xml.bind.v2.model.annotation.XmlRootElementQuick                        : loaded 2 times (x 92B)
Class com.sun.xml.bind.v2.runtime.NameBuilder                                         : loaded 2 times (x 72B)
Class com.android.repository.impl.generated.v2.ArchiveType                            : loaded 2 times (x 97B)
Class com.android.sdklib.repository.generated.sysimg.v2.package-info                  : loaded 2 times (x 70B)
Class com.android.builder.errors.IssueReporter$Severity                               : loaded 2 times (x 79B)
Class com.android.build.gradle.internal.dependency.AarTransform                       : loaded 2 times (x 78B)
Class com.android.build.gradle.internal.PropertiesValueSource$Params_Decorated        : loaded 2 times (x 130B)
Class com.android.build.gradle.tasks.CompatibleScreensManifest                        : loaded 2 times (x 338B)
Class com.google.common.collect.TransformedListIterator                               : loaded 2 times (x 93B)
Class com.android.tools.r8.internal.oz3                                               : loaded 2 times (x 197B)
Class com.android.build.gradle.internal.services.Aapt2DaemonBuildService$Parameters   : loaded 2 times (x 72B)
Class com.android.tools.r8.internal.ab1                                               : loaded 2 times (x 71B)
Class com.android.tools.r8.internal.fe3                                               : loaded 2 times (x 70B)
Class com.android.tools.r8.internal.uk2                                               : loaded 2 times (x 73B)
Class com.android.tools.r8.internal.qf1                                               : loaded 2 times (x 71B)
Class com.android.tools.r8.internal.em                                                : loaded 2 times (x 71B)
Class com.android.tools.r8.internal.ma0                                               : loaded 2 times (x 161B)
Class com.android.tools.r8.shaking.p4                                                 : loaded 2 times (x 74B)
Class com.amazon.ion.impl.bin.utf8.Pool                                               : loaded 2 times (x 74B)
Class org.jetbrains.plugins.gradle.tooling.serialization.internal.IdeaProjectSerializationService$WriteContext$2: loaded 2 times (x 83B)
Class kotlin.text.StringsKt                                                           : loaded 2 times (x 71B)
Class ijKotlinCoroutineJvmDebugInit1_8mgdfgqb7rd1up130u15kmxt2                        : loaded 2 times (x 171B)
Class com.android.tools.r8.internal.nj4                                               : loaded 2 times (x 72B)
Class com.android.build.gradle.internal.tasks.DexMergingTaskDelegate$Params_Decorated : loaded 2 times (x 153B)
Class com.android.tools.r8.internal.l91                                               : loaded 2 times (x 75B)
Class com.android.tools.r8.b1                                                         : loaded 2 times (x 80B)
Class com.android.tools.r8.DexIndexedConsumer$DirectoryConsumer                       : loaded 2 times (x 108B)
Class com.android.tools.r8.internal.uf1                                               : loaded 2 times (x 182B)
Class com.android.tools.r8.internal.qa0                                               : loaded 2 times (x 161B)
Class com.android.tools.r8.internal.dd0                                               : loaded 2 times (x 164B)
Class com.android.tools.r8.internal.th0                                               : loaded 2 times (x 167B)
Class com.android.tools.r8.internal.ou2                                               : loaded 2 times (x 128B)
Class com.android.tools.r8.graph.b9                                                   : loaded 2 times (x 74B)
Class com.android.tools.r8.internal.pp                                                : loaded 2 times (x 126B)
Class com.android.tools.r8.internal.r2                                                : loaded 2 times (x 195B)
Class com.android.zipflinger.Archive                                                  : loaded 2 times (x 70B)
Class com.android.build.gradle.internal.tasks.MergeNativeLibsTask$Companion$predicate$1: loaded 2 times (x 80B)
Class com.android.build.gradle.tasks.ProcessMultiApkApplicationManifest_Decorated     : loaded 2 times (x 399B)
Class com.android.build.api.artifact.SingleArtifact$LINT_TEXT_REPORT                  : loaded 2 times (x 74B)
Class org.jetbrains.kotlin.statistics.BuildSessionLogger$Companion                    : loaded 2 times (x 71B)
Class com.android.build.gradle.internal.attribution.BuildAnalyzerService$Parameters_Decorated: loaded 2 times (x 148B)
Class com.google.common.collect.ImmutableMultiset                                     : loaded 2 times (x 163B)
Class com.android.build.gradle.internal.AndroidJarInput                               : loaded 2 times (x 79B)
Class com.android.tools.r8.internal.am4                                               : loaded 2 times (x 94B)
Class com.android.tools.r8.internal.p91                                               : loaded 2 times (x 77B)
Class com.android.tools.r8.internal.wb3                                               : loaded 2 times (x 79B)
Class com.android.tools.r8.internal.vk1$h                                             : loaded 2 times (x 73B)
Class com.android.tools.r8.internal.cv3                                               : loaded 2 times (x 71B)
Class com.android.tools.r8.internal.m21                                               : loaded 2 times (x 73B)
Class com.android.tools.r8.internal.zi3                                               : loaded 2 times (x 203B)
Class com.android.tools.r8.internal.sz3                                               : loaded 2 times (x 133B)
Class [Lorg.jetbrains.kotlin.gradle.dsl.jvm.JvmTargetValidationMode;                  : loaded 2 times (x 69B)
Class com.android.sdklib.repository.generated.sysimg.v2.SysImgDetailsType             : loaded 2 times (x 144B)
Class com.sun.xml.bind.v2.model.core.PropertyKind                                     : loaded 2 times (x 79B)
Class [Lcom.sun.xml.bind.v2.model.impl.ClassInfoImpl$PropertyGroup;                   : loaded 2 times (x 69B)
Class com.sun.xml.bind.v2.runtime.unmarshaller.Receiver                               : loaded 2 times (x 70B)
Class javax.xml.bind.annotation.XmlSeeAlso                                            : loaded 2 times (x 70B)
Class [Lcom.sun.xml.bind.v2.model.annotation.Quick;                                   : loaded 2 times (x 69B)
Class com.android.sdklib.repository.generated.sysimg.v1.ObjectFactory                 : loaded 2 times (x 75B)
Class com.android.sdklib.repository.generated.repository.v1.package-info              : loaded 2 times (x 70B)
Class com.android.sdklib.repository.meta.DetailsTypes$PlatformDetailsType             : loaded 2 times (x 70B)
Class com.android.build.gradle.internal.FileExistsValueSource$Inject_                 : loaded 2 times (x 109B)
Class com.android.build.gradle.internal.scope.InternalArtifactType$OPTIMIZED_PROCESSED_RES: loaded 2 times (x 74B)
Class com.android.build.gradle.tasks.PackageAndroidArtifact$Companion$THROW_ON_ERROR_ISSUE_REPORTER$1: loaded 2 times (x 73B)
Class org.jetbrains.kotlin.gradle.internal.IsInIdeaEnvironmentValueSource             : loaded 2 times (x 80B)
Class com.android.build.gradle.internal.tasks.MergeNativeLibsTask                     : loaded 2 times (x 345B)
Class com.android.build.gradle.internal.tasks.CheckAarMetadataTask                    : loaded 2 times (x 345B)
Class com.android.build.api.artifact.Artifact$ContainsMany                            : loaded 2 times (x 70B)
Class org.objectweb.asm.RecordComponentVisitor                                        : loaded 2 times (x 77B)
Class org.jetbrains.kotlin.gradle.plugin.diagnostics.ProblemsReporter$Factory         : loaded 2 times (x 70B)
Class com.android.tools.r8.internal.ph0                                               : loaded 2 times (x 170B)
Class com.google.wireless.android.sdk.stats.GradleBuildProfileOrBuilder               : loaded 2 times (x 70B)
Class com.android.build.gradle.internal.profile.NoOpAnalyticsService                  : loaded 2 times (x 110B)
Class com.android.build.gradle.internal.profile.AnalyticsServiceApi                   : loaded 2 times (x 70B)
Class com.android.tools.r8.internal.z42                                               : loaded 2 times (x 75B)
Class org.gradle.tooling.internal.adapter.TargetTypeProvider                          : loaded 2 times (x 70B)
Class kotlin.ranges.IntProgression$Companion                                          : loaded 2 times (x 71B)
Class com.amazon.ion.impl._Private_IonSymbol                                          : loaded 2 times (x 70B)
Class com.amazon.ion.impl.lite.IonValueLite                                           : loaded 2 times (x 148B)
Class com.amazon.ion.IonContainer                                                     : loaded 2 times (x 70B)
Class com.amazon.ion.impl.bin.PooledBlockAllocatorProvider                            : loaded 2 times (x 73B)
Class [Lio.opentelemetry.context.Scope;                                               : loaded 2 times (x 69B)
Class org.jetbrains.plugins.gradle.tooling.serialization.AnnotationProcessingModelSerializationService$ReadContext: loaded 2 times (x 72B)
Class org.jetbrains.plugins.gradle.tooling.serialization.internal.IdeaProjectSerializationService$WriteContext$3: loaded 2 times (x 83B)
Class gnu.trove.TObjectHash$NULL                                                      : loaded 2 times (x 71B)
Class org.gradle.util.internal.DefaultGradleVersion$Stage                             : loaded 2 times (x 75B)
Class kotlin.coroutines.jvm.internal.RestrictedContinuationImpl                       : loaded 2 times (x 87B)
Class org.jetbrains.plugins.gradle.model.GradleExtensions                             : loaded 2 times (x 70B)
Class com.android.tools.r8.internal.sj0                                               : loaded 2 times (x 161B)
Class com.android.tools.r8.internal.fm0                                               : loaded 2 times (x 161B)
Class com.android.tools.r8.internal.je4                                               : loaded 2 times (x 73B)
Class [Lcom.android.tools.r8.CompilationMode;                                         : loaded 2 times (x 69B)
Class com.android.tools.r8.shaking.pa                                                 : loaded 2 times (x 82B)
Class com.android.tools.r8.internal.cf0                                               : loaded 2 times (x 163B)
Class [Lcom.android.tools.r8.graph.i2$a;                                              : loaded 2 times (x 69B)
Class com.android.tools.r8.internal.hi2                                               : loaded 2 times (x 70B)
Class com.android.tools.r8.internal.mj                                                : loaded 2 times (x 72B)
Class com.android.tools.r8.internal.x30                                               : loaded 2 times (x 70B)
Class [[Lcom.android.tools.r8.internal.om;                                            : loaded 2 times (x 69B)
Class com.android.tools.r8.internal.r54                                               : loaded 2 times (x 73B)
Class com.android.tools.r8.internal.qa1                                               : loaded 2 times (x 74B)
Class com.android.tools.r8.shaking.k4                                                 : loaded 2 times (x 80B)
Class com.android.tools.r8.internal.nw2                                               : loaded 2 times (x 79B)
Class com.android.tools.r8.internal.m22                                               : loaded 2 times (x 74B)
Class com.android.tools.r8.internal.az2                                               : loaded 2 times (x 71B)
Class com.android.tools.r8.internal.r3                                                : loaded 2 times (x 81B)
Class com.android.tools.r8.graph.o7                                                   : loaded 2 times (x 72B)
Class com.android.tools.r8.internal.vq0                                               : loaded 2 times (x 73B)
Class com.android.build.gradle.internal.tasks.AndroidVariantTask_Decorated            : loaded 2 times (x 378B)
Class [Lorg.jetbrains.kotlin.statistics.metrics.IMetricContainerFactory;              : loaded 2 times (x 69B)
Class com.android.build.gradle.internal.res.LinkApplicationAndroidResourcesTask_Decorated: loaded 2 times (x 473B)
Class com.android.tools.r8.internal.jc                                                : loaded 2 times (x 73B)
Class com.android.tools.r8.internal.p92                                               : loaded 2 times (x 83B)
Class com.android.tools.r8.startup.StartupProfileBuilder                              : loaded 2 times (x 70B)
Class com.android.tools.r8.internal.pq                                                : loaded 2 times (x 89B)
Class com.android.tools.r8.internal.vk1$i                                             : loaded 2 times (x 79B)
Class com.android.tools.r8.internal.n03                                               : loaded 2 times (x 95B)
Class org.jetbrains.kotlin.gradle.tasks.KotlinCompilerPluginData                      : loaded 2 times (x 72B)
Class com.sun.xml.bind.v2.runtime.unmarshaller.SAXConnector$TagNameImpl               : loaded 2 times (x 75B)
Class javax.xml.bind.annotation.XmlAccessorOrder                                      : loaded 2 times (x 70B)
Class javax.xml.bind.JAXBElement                                                      : loaded 2 times (x 81B)
Class com.android.build.gradle.internal.SdkLocator$SdkLocationSource$LOCAL_ANDROID_DIR: loaded 2 times (x 80B)
Class com.android.repository.api.Downloader                                           : loaded 2 times (x 70B)
Class com.android.build.gradle.internal.scope.InternalArtifactType$UNIT_TEST_CODE_COVERAGE: loaded 2 times (x 74B)
Class com.android.build.gradle.internal.scope.InternalArtifactType$DEX_ARCHIVE_INPUT_JAR_HASHES: loaded 2 times (x 74B)
Class org.jetbrains.kotlin.gradle.dsl.KotlinProjectExtensionKt                        : loaded 2 times (x 71B)
Class org.jetbrains.kotlin.gradle.tasks.BaseKotlinCompile                             : loaded 2 times (x 70B)
Class org.jetbrains.kotlin.gradle.plugin.internal.UsesBuildIdProviderService          : loaded 2 times (x 70B)
Class com.android.build.gradle.internal.feature.BundleAllClasses                      : loaded 2 times (x 336B)
Class com.android.build.gradle.internal.api.artifact.SourceArtifactType$KOTLIN_SOURCES: loaded 2 times (x 74B)
Class org.jetbrains.kotlin.gradle.plugin.UsesKotlinGradleBuildServices                : loaded 2 times (x 70B)
Class org.jetbrains.kotlin.gradle.plugin.KotlinGradleBuildServices$Parameters_Decorated: loaded 2 times (x 130B)
Class com.android.build.gradle.internal.SdkComponentsBuildService$Parameters_Decorated: loaded 2 times (x 151B)
Class com.google.protobuf.IterableByteBufferInputStream                               : loaded 2 times (x 92B)
Class org.jetbrains.plugins.gradle.model.AnnotationProcessingModel                    : loaded 2 times (x 70B)
Class io.opentelemetry.context.ContextStorageProvider                                 : loaded 2 times (x 70B)
Class com.amazon.ion.system.IonBinaryWriterBuilder                                    : loaded 2 times (x 99B)
Class com.android.build.gradle.internal.component.TaskCreationConfig                  : loaded 2 times (x 70B)
Class jdk.internal.jimage.decompressor.Decompressor                                   : loaded 2 times (x 72B)
Class jdk.internal.jimage.ImageReader$Resource                                        : loaded 2 times (x 84B)
Class org.jetbrains.kotlin.idea.gradleTooling.AndroidAwareGradleModelProvider         : loaded 2 times (x 79B)
Class com.intellij.gradle.toolingExtension.impl.telemetry.GradleOpenTelemetry         : loaded 2 times (x 72B)
Class org.jetbrains.plugins.gradle.tooling.serialization.internal.IdeaProjectSerializationService$WriteContext$4: loaded 2 times (x 83B)
Class com.intellij.gradle.toolingExtension.impl.model.sourceSetDependencyModel.GradleSourceSetDependencySerialisationService$Companion: loaded 2 times (x 71B)
Class [Lkotlin.Pair;                                                                  : loaded 2 times (x 69B)
Class kotlin.text.StringsKt__StringNumberConversionsKt                                : loaded 2 times (x 71B)
Class kotlin.io.FilesKt__FileReadWriteKt                                              : loaded 2 times (x 71B)
Class com.google.common.collect.UsingToStringOrdering                                 : loaded 2 times (x 114B)
Class kotlin.text.MatchNamedGroupCollection                                           : loaded 2 times (x 70B)
Class kotlin.jvm.internal.markers.KMutableList                                        : loaded 2 times (x 70B)
Class org.gradle.internal.time.MonotonicClock                                         : loaded 2 times (x 77B)
Class org.jetbrains.kotlin.cli.common.CompilerSystemProperties$value$1                : loaded 2 times (x 125B)
Class org.gradle.internal.service.ServiceLookupException                              : loaded 2 times (x 82B)
Class com.android.tools.r8.position.TextPosition                                      : loaded 2 times (x 79B)
Class com.android.tools.r8.internal.oe0                                               : loaded 2 times (x 162B)
Class com.android.tools.r8.internal.rl0                                               : loaded 2 times (x 161B)
Class com.android.tools.r8.internal.vd4                                               : loaded 2 times (x 70B)
Class com.android.tools.r8.internal.gk2                                               : loaded 2 times (x 72B)
Class com.android.tools.r8.internal.jr2                                               : loaded 2 times (x 278B)
Class com.android.tools.r8.internal.bh0                                               : loaded 2 times (x 161B)
Class com.android.tools.r8.internal.wl$a                                              : loaded 2 times (x 75B)
Class com.amazon.ion.impl.bin.IonManagedBinaryWriter$UserState$4                      : loaded 2 times (x 85B)
Class [Lcom.android.tools.r8.internal.fi1;                                            : loaded 2 times (x 69B)
Class com.android.tools.r8.internal.jd                                                : loaded 2 times (x 82B)
Class com.android.tools.r8.internal.wo2                                               : loaded 2 times (x 285B)
Class com.android.tools.r8.internal.m23                                               : loaded 2 times (x 72B)
Class com.android.tools.r8.o0                                                         : loaded 2 times (x 71B)
Class com.android.tools.r8.internal.wa                                                : loaded 2 times (x 70B)
Class com.android.tools.r8.internal.w50                                               : loaded 2 times (x 81B)
Class com.android.tools.r8.internal.j80                                               : loaded 2 times (x 76B)
Class com.android.tools.r8.internal.r4                                                : loaded 2 times (x 70B)
Class com.android.tools.r8.internal.e7                                                : loaded 2 times (x 284B)
Class com.android.tools.r8.internal.zv2                                               : loaded 2 times (x 78B)
Class com.android.tools.r8.internal.mk                                                : loaded 2 times (x 123B)
Class com.android.tools.r8.graph.l1                                                   : loaded 2 times (x 106B)
Class com.android.tools.r8.errors.DesugarDiagnostic                                   : loaded 2 times (x 70B)
Class com.android.build.gradle.internal.scope.InternalArtifactType$MERGED_ML_MODELS   : loaded 2 times (x 74B)
Class com.android.build.gradle.internal.profile.WorkerProfilingRecord                 : loaded 2 times (x 72B)
Class com.android.tools.r8.internal.a34                                               : loaded 2 times (x 78B)
Class com.android.tools.r8.ClassFileResourceProvider                                  : loaded 2 times (x 70B)
Class com.android.tools.r8.internal.vk1$j                                             : loaded 2 times (x 71B)
Class com.android.tools.r8.internal.eo0                                               : loaded 2 times (x 76B)
Class com.android.tools.r8.internal.us0                                               : loaded 2 times (x 71B)
Class com.android.tools.r8.internal.q74                                               : loaded 2 times (x 82B)
Class com.android.tools.r8.internal.cf1                                               : loaded 2 times (x 163B)
Class com.android.tools.r8.internal.k61                                               : loaded 2 times (x 85B)
Class com.android.tools.r8.internal.sy                                                : loaded 2 times (x 82B)
Class org.jetbrains.kotlin.gradle.tasks.GradleCompileTaskProvider_Decorated           : loaded 2 times (x 117B)
Class org.jetbrains.plugins.gradle.model.UnresolvedExternalDependency                 : loaded 2 times (x 70B)
Class com.sun.xml.bind.v2.runtime.reflect.PrimitiveArrayListerCharacter               : loaded 2 times (x 76B)
Class com.sun.xml.bind.v2.runtime.reflect.Lister$IDREFS                               : loaded 2 times (x 77B)
Class com.sun.xml.bind.v2.model.core.TypeRef                                          : loaded 2 times (x 70B)
Class com.sun.xml.bind.v2.model.impl.FieldPropertySeed                                : loaded 2 times (x 90B)
Class com.sun.xml.bind.v2.model.annotation.Quick                                      : loaded 2 times (x 88B)
Class com.sun.xml.bind.v2.runtime.ArrayBeanInfoImpl                                   : loaded 2 times (x 89B)
Class com.android.repository.impl.generated.v1.LicenseRefType                         : loaded 2 times (x 77B)
Class com.android.build.gradle.internal.scope.BuildArtifactType$JAVAC_CLASSES         : loaded 2 times (x 74B)
Class com.android.build.gradle.internal.scope.InternalArtifactType$LINT_MODEL_METADATA: loaded 2 times (x 74B)
Class com.android.build.gradle.internal.scope.InternalArtifactType$LIBRARY_JNI        : loaded 2 times (x 74B)
Class com.android.build.gradle.internal.SdkComponentsBuildService$sdkSourceSet$2      : loaded 2 times (x 79B)
Class com.android.build.gradle.internal.scope.InternalArtifactType$VALIDATE_SIGNING_CONFIG: loaded 2 times (x 74B)
Class org.jetbrains.kotlin.gradle.internal.IsInIdeaEnvironmentValueSource$Inject_     : loaded 2 times (x 100B)
Class com.android.build.gradle.internal.scope.InternalArtifactType$MERGED_RES_INCREMENTAL_FOLDER: loaded 2 times (x 74B)
Class com.google.common.collect.Lists$ReverseList                                     : loaded 2 times (x 200B)
Class com.android.build.gradle.internal.res.Aapt2FromMaven$Companion                  : loaded 2 times (x 71B)
Class com.google.protobuf.FieldSet$FieldDescriptorLite                                : loaded 2 times (x 70B)
Class com.google.protobuf.ExtensionLite                                               : loaded 2 times (x 77B)
Class com.google.wireless.android.sdk.stats.GradleBuildMemorySample$Builder           : loaded 2 times (x 303B)
Class com.android.tools.analytics.HostData$threadBean$2                               : loaded 2 times (x 78B)
Class [Lcom.android.build.gradle.internal.core.Abi;                                   : loaded 2 times (x 69B)
Class jdk.internal.jrtfs.JrtFileAttributes                                            : loaded 2 times (x 83B)
Class com.amazon.ion.BufferConfiguration$Builder                                      : loaded 2 times (x 78B)
Class com.intellij.gradle.toolingExtension.util.GradleVersionSpecificsUtil            : loaded 2 times (x 71B)
Class io.opentelemetry.context.ContextStorage                                         : loaded 2 times (x 70B)
Class org.jetbrains.plugins.gradle.tooling.serialization.internal.IdeaProjectSerializationService$WriteContext$5: loaded 2 times (x 83B)
Class com.intellij.gradle.toolingExtension.impl.model.sourceSetDependencyModel.GradleSourceSetDependencySerialisationService$SourceSetDependencyModelWriteContext: loaded 2 times (x 72B)
Class kotlin.sequences.SequencesKt___SequencesKt$sortedWith$1                         : loaded 2 times (x 75B)
Class com.google.common.collect.ImmutableSortedSet                                    : loaded 2 times (x 300B)
Class org.gradle.internal.classloader.ClassLoaderFactory                              : loaded 2 times (x 70B)
Class com.android.tools.r8.graph.db                                                   : loaded 2 times (x 107B)
Class com.google.common.util.concurrent.DirectExecutorService                         : loaded 2 times (x 137B)
Class org.apache.commons.io.CloseableURLConnection                                    : loaded 2 times (x 116B)
Class com.android.tools.r8.inspector.Inspector                                        : loaded 2 times (x 70B)
Class com.android.tools.r8.dex.y0                                                     : loaded 2 times (x 72B)
Class com.android.tools.r8.internal.aj0                                               : loaded 2 times (x 161B)
Class com.android.tools.r8.internal.ng0                                               : loaded 2 times (x 170B)
Class com.android.tools.r8.graph.i2$a                                                 : loaded 2 times (x 120B)
Class com.android.tools.r8.internal.eo1                                               : loaded 2 times (x 159B)
Class com.android.tools.r8.internal.it2                                               : loaded 2 times (x 168B)
Class com.android.tools.r8.internal.sz                                                : loaded 2 times (x 73B)
Class com.android.tools.r8.internal.ml                                                : loaded 2 times (x 124B)
Class com.android.tools.r8.ir.optimize.j0                                             : loaded 2 times (x 73B)
Class com.android.tools.r8.internal.je                                                : loaded 2 times (x 87B)
Class com.android.tools.r8.internal.e8                                                : loaded 2 times (x 78B)
Class com.android.tools.r8.internal.bh1                                               : loaded 2 times (x 182B)
Class [Lcom.android.tools.r8.internal.vy0;                                            : loaded 2 times (x 69B)
Class [Lcom.android.tools.r8.internal.i51;                                            : loaded 2 times (x 69B)
Class com.android.tools.r8.graph.o9                                                   : loaded 2 times (x 72B)
Class com.android.tools.r8.internal.zi                                                : loaded 2 times (x 85B)
Class com.android.build.gradle.internal.profile.ProfileAwareWorkAction$Parameters     : loaded 2 times (x 75B)
Class com.android.build.gradle.tasks.ProcessApplicationManifest_Decorated             : loaded 2 times (x 436B)
Class org.jetbrains.kotlin.cli.common.arguments.ArgumentParseErrors                   : loaded 2 times (x 72B)
Class com.android.builder.model.v2.ide.LibraryInfo                                    : loaded 2 times (x 70B)
Class com.android.tools.r8.internal.gk3                                               : loaded 2 times (x 70B)
Class com.android.tools.r8.internal.v70                                               : loaded 2 times (x 106B)
Class com.android.tools.r8.tracereferences.i                                          : loaded 2 times (x 71B)
Class com.android.tools.r8.internal.m24                                               : loaded 2 times (x 77B)
Class com.android.tools.r8.internal.vk1$k                                             : loaded 2 times (x 77B)
Class [Lcom.android.tools.r8.graph.k3;                                                : loaded 2 times (x 69B)
Class com.android.tools.r8.internal.w51                                               : loaded 2 times (x 144B)
Class com.sun.xml.bind.v2.runtime.reflect.PrimitiveArrayListerByte                    : loaded 2 times (x 76B)
Class com.sun.xml.bind.v2.runtime.property.SingleReferenceNodeProperty$1              : loaded 2 times (x 85B)
Class com.sun.xml.bind.v2.runtime.unmarshaller.XsiNilLoader                           : loaded 2 times (x 80B)
Class com.android.sdklib.repository.generated.addon.v4.MavenType                      : loaded 2 times (x 80B)
Class javax.xml.bind.MarshalException                                                 : loaded 2 times (x 85B)
Class com.android.repository.impl.generated.v2.RemotePackage                          : loaded 2 times (x 157B)
Class com.android.repository.api.RepoManager                                          : loaded 2 times (x 91B)
Class javax.xml.bind.annotation.XmlNsForm                                             : loaded 2 times (x 79B)
Class com.android.build.gradle.internal.SdkComponentsBuildService$VersionedSdkLoader$apiVersionsFile$1: loaded 2 times (x 75B)
Class com.android.build.gradle.internal.PropertiesValueSource$Params                  : loaded 2 times (x 70B)
Class com.android.build.gradle.internal.dependency.DexingNoClasspathTransform$Inject_1: loaded 2 times (x 112B)
Class com.android.build.gradle.internal.tasks.AppMetadataTask                         : loaded 2 times (x 337B)
Class com.android.build.gradle.internal.scope.InternalArtifactType$BASE_MODULE_METADATA: loaded 2 times (x 74B)
Class com.android.build.gradle.internal.api.artifact.SourceArtifactType$AIDL          : loaded 2 times (x 74B)
Class [Lorg.jetbrains.kotlin.build.report.metrics.ValueType;                          : loaded 2 times (x 69B)
Class com.android.build.gradle.internal.SdkLibDataFactory                             : loaded 2 times (x 72B)
Class com.sun.xml.bind.api.CompositeStructure                                         : loaded 2 times (x 72B)
Class javax.xml.bind.annotation.XmlValue                                              : loaded 2 times (x 70B)
Class com.sun.xml.bind.v2.runtime.reflect.Accessor$2                                  : loaded 2 times (x 87B)
Class com.sun.xml.bind.v2.runtime.unmarshaller.DefaultValueLoaderDecorator            : loaded 2 times (x 78B)
Class com.android.ide.common.blame.Message$Kind                                       : loaded 2 times (x 79B)
Class com.android.build.gradle.internal.plugins.KotlinMultiplatformAndroidPlugin      : loaded 2 times (x 81B)
Class com.amazon.ion.impl.bin.IntList                                                 : loaded 2 times (x 77B)
Class com.amazon.ion.impl.lite._Private_LiteDomTrampoline                             : loaded 2 times (x 71B)
Class com.amazon.ion.IonType                                                          : loaded 2 times (x 79B)
Class org.jetbrains.plugins.gradle.tooling.serialization.internal.IdeaProjectSerializationService$WriteContext$6: loaded 2 times (x 83B)
Class org.jetbrains.plugins.gradle.tooling.util.IntObjectMap                          : loaded 2 times (x 73B)
Class org.gradle.internal.service.CachingServiceLocator                               : loaded 2 times (x 82B)
Class com.android.build.gradle.internal.tasks.DexMergingTaskDelegate$Inject_          : loaded 2 times (x 109B)
Class com.android.build.gradle.internal.tasks.DexMergingTaskDelegate$Params           : loaded 2 times (x 85B)
Class com.android.tools.r8.internal.jb0                                               : loaded 2 times (x 161B)
Class com.android.tools.r8.internal.mi0                                               : loaded 2 times (x 161B)
Class com.android.tools.r8.internal.zf0                                               : loaded 2 times (x 163B)
Class [Lcom.android.tools.r8.ir.optimize.r0$a;                                        : loaded 2 times (x 69B)
Class com.android.tools.r8.graph.i2$b                                                 : loaded 2 times (x 121B)
Class com.android.tools.r8.internal.sw0                                               : loaded 2 times (x 117B)
Class com.android.tools.r8.internal.b2                                                : loaded 2 times (x 79B)
Class com.android.tools.r8.internal.zj                                                : loaded 2 times (x 72B)
Class com.android.build.api.variant.impl.BuiltArtifactsImpl$Companion                 : loaded 2 times (x 71B)
Class com.android.tools.r8.internal.qn1                                               : loaded 2 times (x 79B)
Class com.android.tools.r8.internal.th4                                               : loaded 2 times (x 78B)
Class com.android.tools.r8.internal.mm                                                : loaded 2 times (x 129B)
Class com.android.tools.r8.graph.y0                                                   : loaded 2 times (x 79B)
Class com.android.tools.r8.internal.cs0                                               : loaded 2 times (x 99B)
Class com.android.tools.r8.graph.dc                                                   : loaded 2 times (x 124B)
Class com.android.zipflinger.EndOfCentralDirectory                                    : loaded 2 times (x 77B)
Class com.android.tools.r8.internal.wc                                                : loaded 2 times (x 71B)
Class com.android.tools.r8.internal.yx3                                               : loaded 2 times (x 78B)
Class com.android.tools.r8.shaking.x4                                                 : loaded 2 times (x 78B)
Class com.android.tools.r8.internal.cw                                                : loaded 2 times (x 106B)
Class com.android.tools.r8.internal.vk1$l                                             : loaded 2 times (x 71B)
Class com.android.tools.r8.internal.us2                                               : loaded 2 times (x 71B)
Class com.google.common.collect.Streams                                               : loaded 2 times (x 71B)
Class org.jetbrains.kotlin.gradle.dsl.jvm.JvmTargetValidationMode                     : loaded 2 times (x 79B)
Class org.jetbrains.kotlin.gradle.report.GradleBuildMetricsReporter                   : loaded 2 times (x 98B)
Class com.android.repository.impl.generated.generic.v1.GenericDetailsType             : loaded 2 times (x 76B)
Class com.sun.xml.bind.v2.model.impl.ClassInfoImpl$PropertySorter                     : loaded 2 times (x 152B)
Class com.android.sdklib.repository.generated.common.v2.ObjectFactory                 : loaded 2 times (x 75B)
Class com.android.sdklib.repository.generated.addon.v3.ObjectFactory                  : loaded 2 times (x 80B)
Class com.android.build.gradle.internal.SdkFullLoadingStrategy                        : loaded 2 times (x 72B)
Class com.google.common.collect.AbstractMapBasedMultimap$KeySet                       : loaded 2 times (x 137B)
Class [Lcom.android.buildanalyzer.common.TaskCategory;                                : loaded 2 times (x 69B)
Class com.android.tools.r8.graph.d2                                                   : loaded 2 times (x 240B)
Class org.jetbrains.kotlin.gradle.internal.IsInIdeaSyncValueSource$Inject_            : loaded 2 times (x 109B)
Class org.jetbrains.kotlin.gradle.plugin.internal.CompatibilityConventionRegistrar$Factory: loaded 2 times (x 70B)
Class com.android.utils.DateProvider                                                  : loaded 2 times (x 70B)
Class com.android.build.gradle.internal.utils.AnalyticsEnabledValueSource$Params      : loaded 2 times (x 70B)
Class [Lcom.android.tools.r8.graph.n2;                                                : loaded 2 times (x 69B)
Class com.google.gson.internal.$Gson$Preconditions                                    : loaded 2 times (x 71B)
Class com.amazon.ion.impl.lite.ValueFactoryLite                                       : loaded 2 times (x 218B)
Class org.jetbrains.plugins.gradle.model.RepositoryModels                             : loaded 2 times (x 70B)
Class org.jetbrains.plugins.gradle.tooling.serialization.internal.IdeaProjectSerializationService$WriteContext$7: loaded 2 times (x 83B)
Class kotlin.jvm.internal.Intrinsics$Kotlin                                           : loaded 2 times (x 71B)
Class com.google.common.collect.RegularImmutableSortedSet                             : loaded 2 times (x 300B)
Class kotlin.collections.AbstractList$SubList                                         : loaded 2 times (x 198B)
Class kotlin.jvm.internal.CallableReference                                           : loaded 2 times (x 110B)
Class com.android.builder.dexing.r8.ClassFileProviderFactory                          : loaded 2 times (x 82B)
Class com.android.tools.r8.graph.g9                                                   : loaded 2 times (x 70B)
Class com.google.common.collect.MapMakerInternalMap$InternalEntry                     : loaded 2 times (x 70B)
Class com.android.tools.r8.internal.lk0                                               : loaded 2 times (x 161B)
Class com.android.tools.r8.shaking.k8                                                 : loaded 2 times (x 70B)
Class com.android.tools.r8.internal.id0                                               : loaded 2 times (x 163B)
Class [Lcom.android.tools.r8.graph.q6$m;                                              : loaded 2 times (x 69B)
Class com.android.tools.r8.naming.j2                                                  : loaded 2 times (x 72B)
Class com.android.tools.r8.internal.cf4                                               : loaded 2 times (x 73B)
Class com.android.tools.r8.internal.va0                                               : loaded 2 times (x 161B)
Class [Lcom.android.tools.r8.internal.kd;                                             : loaded 2 times (x 69B)
Class com.android.tools.r8.internal.yh0                                               : loaded 2 times (x 167B)
Class com.android.tools.r8.internal.o0                                                : loaded 2 times (x 153B)
Class com.android.tools.r8.internal.jb1                                               : loaded 2 times (x 70B)
Class com.android.tools.r8.internal.u91                                               : loaded 2 times (x 76B)
Class com.android.tools.r8.internal.e51                                               : loaded 2 times (x 81B)
Class com.android.tools.r8.graph.qa                                                   : loaded 2 times (x 104B)
Class com.android.tools.r8.graph.e8$a                                                 : loaded 2 times (x 91B)
Class com.android.tools.r8.internal.zk                                                : loaded 2 times (x 70B)
Class com.android.build.gradle.internal.BuildToolsExecutableInput_Decorated           : loaded 2 times (x 128B)
Class org.jetbrains.kotlin.gradle.plugin.BuildFinishAndConfigurationTimeMetricsFlowAction$Parameters_Decorated: loaded 2 times (x 139B)
Class org.jetbrains.kotlin.gradle.plugin.BuildFinishAndConfigurationTimeMetricsFlowAction$Parameters: loaded 2 times (x 70B)
Class com.android.build.gradle.internal.dependency.AarTransform$Parameters$Inject_    : loaded 2 times (x 114B)
Class com.android.tools.r8.internal.d70                                               : loaded 2 times (x 71B)
Class com.android.tools.r8.internal.g13                                               : loaded 2 times (x 70B)
Class com.android.tools.r8.internal.b3                                                : loaded 2 times (x 70B)
Class com.android.tools.r8.synthesis.z0                                               : loaded 2 times (x 75B)
Class com.android.tools.r8.internal.v72                                               : loaded 2 times (x 71B)
Class com.android.tools.r8.dex.a                                                      : loaded 2 times (x 72B)
Class com.android.tools.r8.threading.ThreadingModule                                  : loaded 2 times (x 70B)
Class com.android.tools.r8.internal.tu2                                               : loaded 2 times (x 77B)
Class com.android.tools.r8.graph.l4                                                   : loaded 2 times (x 73B)
Class com.android.tools.r8.internal.zf1                                               : loaded 2 times (x 163B)
Class [Lcom.android.tools.r8.graph.f0;                                                : loaded 2 times (x 69B)
Class com.android.tools.r8.graph.y1                                                   : loaded 2 times (x 175B)
Class com.android.build.gradle.internal.scope.InternalArtifactType$RENDERSCRIPT_GENERATED_RES: loaded 2 times (x 74B)
Class com.android.build.gradle.internal.scope.InternalArtifactType$BUILT_IN_KAPT_GENERATED_KOTLIN_SOURCES: loaded 2 times (x 74B)
Class com.android.build.gradle.internal.EmulatorComponents                            : loaded 2 times (x 72B)
Class com.sun.xml.bind.v2.runtime.reflect.TransducedAccessor$CompositeContextDependentTransducedAccessorImpl: loaded 2 times (x 79B)
Class javax.xml.bind.annotation.adapters.XmlAdapter                                   : loaded 2 times (x 73B)
Class com.sun.xml.bind.v2.model.impl.RuntimeAttributePropertyInfoImpl                 : loaded 2 times (x 144B)
Class com.sun.xml.bind.v2.runtime.reflect.Accessor                                    : loaded 2 times (x 85B)
Class javax.xml.bind.annotation.XmlType$DEFAULT                                       : loaded 2 times (x 71B)
Class com.sun.xml.bind.api.AccessorException                                          : loaded 2 times (x 82B)
Class com.android.build.gradle.internal.SdkLocation                                   : loaded 2 times (x 72B)
Class com.android.build.gradle.internal.dependency.AarResourcesCompilerTransform$Parameters_Decorated: loaded 2 times (x 137B)
Class com.android.build.gradle.internal.dependency.AarResourcesCompilerTransform$Parameters: loaded 2 times (x 70B)
Class com.android.build.gradle.internal.scope.InternalArtifactType                    : loaded 2 times (x 74B)
Class org.jetbrains.kotlin.gradle.dsl.KotlinGradlePluginDsl                           : loaded 2 times (x 70B)
Class com.android.tools.r8.internal.ha4                                               : loaded 2 times (x 73B)
Class com.android.tools.r8.internal.gp0                                               : loaded 2 times (x 83B)
Class com.android.tools.r8.internal.z41                                               : loaded 2 times (x 288B)
Class com.android.builder.model.v2.ide.AndroidArtifact                                : loaded 2 times (x 70B)
Class com.amazon.ion.impl.bin.WriteBuffer                                             : loaded 2 times (x 78B)
Class com.amazon.ion.impl.bin.IonManagedBinaryWriter                                  : loaded 2 times (x 165B)
Class org.jetbrains.plugins.gradle.tooling.serialization.internal.IdeaProjectSerializationService$WriteContext$8: loaded 2 times (x 83B)
Class gnu.trove.TObjectIntProcedure                                                   : loaded 2 times (x 70B)
Class [Lorg.gradle.api.JavaVersion;                                                   : loaded 2 times (x 69B)
Class kotlin.ranges.IntRange                                                          : loaded 2 times (x 93B)
Class org.gradle.tooling.model.idea.IdeaDependencyScope                               : loaded 2 times (x 70B)
Class org.gradle.internal.time.TimeSource                                             : loaded 2 times (x 70B)
Class org.gradle.tooling.model.kotlin.dsl.KotlinDslScriptsModel                       : loaded 2 times (x 70B)
Class com.android.builder.dexing.ClassFileEntry                                       : loaded 2 times (x 70B)
Class com.android.tools.r8.internal.km0                                               : loaded 2 times (x 71B)
Class com.android.tools.r8.internal.uc0                                               : loaded 2 times (x 161B)
Class com.android.tools.r8.internal.xj0                                               : loaded 2 times (x 161B)
Class com.android.tools.r8.naming.w0                                                  : loaded 2 times (x 84B)
Class com.android.tools.r8.internal.lk1                                               : loaded 2 times (x 72B)
Class com.android.tools.r8.internal.oe4                                               : loaded 2 times (x 73B)
Class com.android.tools.r8.graph.y2                                                   : loaded 2 times (x 70B)
Class com.android.tools.r8.internal.hf0                                               : loaded 2 times (x 161B)
Class com.android.tools.r8.internal.pp2                                               : loaded 2 times (x 71B)
Class [Lcom.android.tools.r8.internal.ii2;                                            : loaded 2 times (x 69B)
Class com.android.tools.r8.internal.p60                                               : loaded 2 times (x 284B)
Class com.android.tools.r8.internal.zl                                                : loaded 2 times (x 72B)
Class com.android.tools.r8.position.MethodPosition                                    : loaded 2 times (x 82B)
Class com.android.tools.r8.internal.yh1                                               : loaded 2 times (x 70B)
Class com.android.tools.r8.internal.a01                                               : loaded 2 times (x 71B)
Class com.android.tools.r8.internal.r22                                               : loaded 2 times (x 71B)
Class com.android.tools.r8.graph.qb                                                   : loaded 2 times (x 70B)
Class com.android.tools.r8.internal.mo                                                : loaded 2 times (x 121B)
Class com.android.tools.r8.internal.cs2                                               : loaded 2 times (x 196B)
Class com.android.build.gradle.internal.manifest.ManifestData                         : loaded 2 times (x 72B)
Class com.android.build.gradle.internal.tasks.ValidateResourcesTask_Decorated         : loaded 2 times (x 383B)
Class com.android.ide.common.resources.MergingException                               : loaded 2 times (x 83B)
Class org.jetbrains.kotlin.statistics.metrics.StringOverridePolicy$CONCAT             : loaded 2 times (x 85B)
Class com.google.common.collect.ImmutableMultimap                                     : loaded 2 times (x 147B)
Class com.android.build.api.variant.impl.MultiOutputHandlerImplBase                   : loaded 2 times (x 95B)
Class com.android.tools.r8.internal.ga                                                : loaded 2 times (x 72B)
Class com.android.tools.r8.dex.b                                                      : loaded 2 times (x 70B)
Class com.android.tools.r8.graph.e8$b                                                 : loaded 2 times (x 81B)
Class com.android.tools.r8.internal.vk1$n                                             : loaded 2 times (x 71B)
Class com.android.tools.r8.graph.l5                                                   : loaded 2 times (x 72B)
Class com.android.tools.r8.internal.d71                                               : loaded 2 times (x 76B)
Class com.android.tools.r8.internal.cy                                                : loaded 2 times (x 83B)
Class com.android.tools.r8.internal.aj3                                               : loaded 2 times (x 117B)
Class com.android.builder.model.v2.ide.TestInfo                                       : loaded 2 times (x 70B)
Class com.sun.xml.bind.v2.runtime.reflect.Lister$1                                    : loaded 2 times (x 76B)
Class com.sun.xml.bind.v2.model.nav.ReflectionNavigator$1                             : loaded 2 times (x 81B)
Class com.sun.xml.bind.v2.util.TypeCast                                               : loaded 2 times (x 71B)
Class com.android.repository.impl.meta.TypeDetails$GenericType                        : loaded 2 times (x 70B)
Class com.android.repository.impl.generated.v1.ArchiveType                            : loaded 2 times (x 96B)
Class com.android.build.gradle.internal.SdkDirectLoadingStrategy$components$2         : loaded 2 times (x 79B)
Class com.android.build.gradle.internal.SdkLibDataFactory$Environment$SystemProperty  : loaded 2 times (x 79B)
Class com.android.build.api.artifact.SingleArtifact$APK_FROM_BUNDLE                   : loaded 2 times (x 74B)
Class com.android.build.gradle.internal.scope.InternalArtifactType$BINARY_ART_PROFILE : loaded 2 times (x 74B)
Class com.android.build.gradle.internal.scope.InternalArtifactType$GLOBAL_SYNTHETICS_FILE_LIB: loaded 2 times (x 74B)
Class org.jetbrains.kotlin.gradle.tasks.CompileUsingKotlinDaemon                      : loaded 2 times (x 70B)
Class com.android.build.gradle.internal.tasks.BuildAnalyzer                           : loaded 2 times (x 70B)
Class com.android.build.api.artifact.Artifact$Single                                  : loaded 2 times (x 74B)
Class [Lorg.jetbrains.kotlin.build.report.metrics.BuildPerformanceMetric;             : loaded 2 times (x 69B)
Class org.jetbrains.kotlin.gradle.plugin.KotlinGradleFinishBuildHandler               : loaded 2 times (x 72B)
Class com.android.build.gradle.internal.services.AndroidLocationsBuildService$AndroidDirectoryCreator$Params$Inject_: loaded 2 times (x 108B)
Class com.android.prefs.LocationValue                                                 : loaded 2 times (x 70B)
Class com.google.common.io.ByteArrayDataOutput                                        : loaded 2 times (x 70B)
Class com.android.sdklib.AndroidVersion$PreviewType                                   : loaded 2 times (x 79B)
Class com.android.tools.r8.internal.kh4                                               : loaded 2 times (x 82B)
Class com.android.tools.r8.internal.hs                                                : loaded 2 times (x 74B)
Class com.android.tools.r8.ir.optimize.b0                                             : loaded 2 times (x 72B)
Class com.android.build.gradle.internal.plugins.DynamicFeaturePlugin                  : loaded 2 times (x 97B)
Class com.amazon.ion.impl.lite.IonBlobLite                                            : loaded 2 times (x 220B)
Class com.amazon.ion.impl.LocalSymbolTable                                            : loaded 2 times (x 127B)
Class org.jetbrains.plugins.gradle.tooling.serialization.SerializationService         : loaded 2 times (x 70B)
Class org.gradle.tooling.internal.gradle.GradleBuildIdentity                          : loaded 2 times (x 70B)
Class kotlin.enums.EnumEntries                                                        : loaded 2 times (x 70B)
Class com.google.common.base.Predicates                                               : loaded 2 times (x 71B)
Class org.jetbrains.kotlin.build.report.metrics.DoNothingBuildMetricsReporter         : loaded 2 times (x 86B)
Class com.android.build.gradle.internal.tasks.DexMergingTaskDelegate$run$1$1          : loaded 2 times (x 75B)
Class org.apache.commons.io.output.AbstractByteArrayOutputStream                      : loaded 2 times (x 102B)
Class com.google.common.collect.IndexedImmutableSet$1                                 : loaded 2 times (x 213B)
Class com.android.tools.r8.internal.gh0                                               : loaded 2 times (x 170B)
Class com.android.tools.r8.dex.i0                                                     : loaded 2 times (x 71B)
Class com.android.tools.r8.internal.id2                                               : loaded 2 times (x 72B)
Class com.android.tools.r8.internal.mi3                                               : loaded 2 times (x 75B)
Class com.android.tools.r8.internal.te0                                               : loaded 2 times (x 161B)
Class com.android.tools.r8.internal.wl0                                               : loaded 2 times (x 168B)
Class com.android.tools.r8.internal.lk2                                               : loaded 2 times (x 110B)
Class com.android.tools.r8.internal.zm                                                : loaded 2 times (x 125B)
Class com.android.tools.r8.internal.km1                                               : loaded 2 times (x 70B)
Class com.android.tools.r8.internal.da0                                               : loaded 2 times (x 70B)
Class com.android.tools.r8.graph.qc                                                   : loaded 2 times (x 74B)
Class com.android.tools.r8.internal.mp                                                : loaded 2 times (x 79B)
Class com.android.tools.r8.internal.uc1                                               : loaded 2 times (x 114B)
Class com.android.tools.r8.internal.or2                                               : loaded 2 times (x 89B)
Class com.android.tools.r8.graph.pa$a                                                 : loaded 2 times (x 70B)
Class com.android.tools.r8.shaking.x7                                                 : loaded 2 times (x 84B)
Class [Lcom.android.tools.r8.graph.q1;                                                : loaded 2 times (x 69B)
Class com.android.tools.r8.graph.e8$c                                                 : loaded 2 times (x 92B)
Class com.google.wireless.android.sdk.stats.GradleBuildProfileSpan$1                  : loaded 2 times (x 151B)
Class com.android.build.gradle.tasks.CompatibleScreensManifest_Decorated              : loaded 2 times (x 389B)
Class com.android.build.gradle.internal.NdkHandlerInput_Decorated                     : loaded 2 times (x 121B)
Class com.android.ide.common.resources.SourceSet                                      : loaded 2 times (x 70B)
Class com.android.tools.r8.internal.uk1                                               : loaded 2 times (x 71B)
Class org.jetbrains.kotlin.statistics.metrics.IMetricContainerFactory                 : loaded 2 times (x 70B)
Class org.jetbrains.kotlin.statistics.MetricValueValidationFailed                     : loaded 2 times (x 82B)
Class com.android.build.api.artifact.impl.InAndOutDirectoryOperationRequestImpl$Companion$initializeInput$1$1: loaded 2 times (x 75B)
Class com.android.builder.model.v2.ide.JavaCompileOptions                             : loaded 2 times (x 70B)
Class com.android.tools.r8.dex.c                                                      : loaded 2 times (x 75B)
Class com.android.tools.r8.internal.vk1$o                                             : loaded 2 times (x 72B)
Class com.android.tools.r8.graph.y3                                                   : loaded 2 times (x 72B)
Class com.android.tools.r8.graph.l6                                                   : loaded 2 times (x 174B)
Class com.sun.xml.bind.v2.runtime.reflect.Lister$2                                    : loaded 2 times (x 77B)
Class com.sun.xml.bind.v2.runtime.reflect.DefaultTransducedAccessor                   : loaded 2 times (x 79B)
Class javax.xml.bind.annotation.XmlAccessorType                                       : loaded 2 times (x 70B)
Class com.sun.xml.bind.v2.model.annotation.XmlTransientQuick                          : loaded 2 times (x 90B)
Class com.sun.xml.bind.v2.model.nav.ReflectionNavigator$2                             : loaded 2 times (x 81B)
Class com.sun.xml.bind.v2.model.impl.EnumLeafInfoImpl                                 : loaded 2 times (x 128B)
Class javax.xml.bind.ServiceLoaderUtil$ExceptionHandler                               : loaded 2 times (x 72B)
Class com.android.build.gradle.internal.dependency.DexingOutputSplitTransform$Parameters_Decorated: loaded 2 times (x 135B)
Class com.android.build.gradle.internal.dependency.DexingOutputSplitTransform$Parameters: loaded 2 times (x 70B)
Class com.android.build.gradle.internal.publishing.AndroidArtifacts                   : loaded 2 times (x 71B)
Class com.android.build.gradle.internal.api.artifact.SourceArtifactType$JAVA_RESOURCES: loaded 2 times (x 74B)
Class com.android.prefs.PathLocator                                                   : loaded 2 times (x 73B)
Class com.android.tools.r8.internal.el                                                : loaded 2 times (x 105B)
Class com.android.tools.analytics.AnalyticsSettingsData$DataTypeAdapter               : loaded 2 times (x 73B)
Class com.android.tools.r8.internal.up                                                : loaded 2 times (x 127B)
Class com.android.tools.r8.internal.rd1                                               : loaded 2 times (x 114B)
Class com.amazon.ion.IonList                                                          : loaded 2 times (x 70B)
Class org.jetbrains.plugins.gradle.tooling.serialization.internal.adapter.Supplier    : loaded 2 times (x 70B)
Class org.gradle.tooling.internal.adapter.ProtocolToModelAdapter$MixInMappingAction   : loaded 2 times (x 80B)
Class org.gradle.internal.exceptions.ResolutionProvider                               : loaded 2 times (x 70B)
Class com.android.tools.r8.internal.l11                                               : loaded 2 times (x 72B)
Class com.android.tools.r8.internal.a82                                               : loaded 2 times (x 82B)
Class [Lcom.android.tools.r8.graph.c6;                                                : loaded 2 times (x 69B)
Class com.android.tools.r8.internal.sg0                                               : loaded 2 times (x 163B)
Class com.android.tools.r8.internal.fj0                                               : loaded 2 times (x 161B)
Class com.android.tools.r8.internal.cc0                                               : loaded 2 times (x 78B)
Class com.android.tools.r8.internal.te1                                               : loaded 2 times (x 76B)
Class com.android.tools.r8.internal.nt2                                               : loaded 2 times (x 71B)
Class com.android.tools.r8.internal.wg                                                : loaded 2 times (x 71B)
Class com.android.tools.r8.internal.mi4                                               : loaded 2 times (x 74B)
Class com.android.tools.r8.internal.aw2                                               : loaded 2 times (x 78B)
Class [Lcom.android.tools.r8.graph.hc;                                                : loaded 2 times (x 69B)
Class com.android.zipflinger.Entry                                                    : loaded 2 times (x 94B)
Class org.jetbrains.kotlin.gradle.plugin.statistics.FlowActionBuildFusService$Companion$registerIfAbsentImpl$1$1: loaded 2 times (x 74B)
Class org.jetbrains.kotlin.gradle.plugin.statistics.KotlinBuildStatsConfiguration     : loaded 2 times (x 72B)
Class [Lcom.android.tools.r8.internal.yx3;                                            : loaded 2 times (x 69B)
Class com.android.tools.r8.graph.e8$d                                                 : loaded 2 times (x 70B)
Class com.android.tools.r8.internal.u94                                               : loaded 2 times (x 79B)
Class com.android.tools.r8.internal.vk1$p                                             : loaded 2 times (x 75B)
Class com.android.tools.r8.dex.m0$a                                                   : loaded 2 times (x 79B)
Class com.android.tools.r8.graph.y4                                                   : loaded 2 times (x 72B)
Class org.jetbrains.kotlin.build.report.metrics.BuildMetricsReporterImpl              : loaded 2 times (x 98B)
Class com.sun.xml.bind.v2.runtime.unmarshaller.Patcher                                : loaded 2 times (x 70B)
Class com.sun.xml.bind.v2.model.nav.ReflectionNavigator$3                             : loaded 2 times (x 77B)
Class com.sun.xml.bind.v2.model.annotation.XmlValueQuick                              : loaded 2 times (x 90B)
Class com.sun.istack.Pool                                                             : loaded 2 times (x 70B)
Class com.android.repository.impl.generated.v2.ArchivesType                           : loaded 2 times (x 75B)
Class com.android.sdklib.repository.generated.common.v4.LibraryType                   : loaded 2 times (x 90B)
Class com.android.build.gradle.internal.FileExistsValueSource$Params                  : loaded 2 times (x 70B)
Class com.android.repository.Revision$PreviewComparison                               : loaded 2 times (x 79B)
Class com.android.build.gradle.internal.dependency.AarToClassTransform$Companion      : loaded 2 times (x 71B)
Class com.android.build.gradle.internal.scope.InternalArtifactType$ANALYZE_DEPENDENCIES_REPORT: loaded 2 times (x 74B)
Class com.android.build.gradle.internal.scope.InternalArtifactType$SYMBOL_LIST_WITH_PACKAGE_NAME: loaded 2 times (x 74B)
Class com.android.build.gradle.internal.scope.InternalArtifactType$MERGED_MANIFESTS   : loaded 2 times (x 74B)
Class org.jetbrains.kotlin.gradle.tasks.AbstractKotlinCompileTool                     : loaded 2 times (x 371B)
Class com.google.wireless.android.sdk.stats.GradleBuildVariantOrBuilder               : loaded 2 times (x 70B)
Class com.android.build.gradle.internal.profile.AnalyticsService$Params_Decorated     : loaded 2 times (x 151B)
Class com.android.sdklib.AndroidVersion                                               : loaded 2 times (x 75B)
Class com.android.Version                                                             : loaded 2 times (x 71B)
Class jdk.internal.jimage.ImageBufferCache                                            : loaded 2 times (x 71B)
Class jdk.internal.jrtfs.JrtPath                                                      : loaded 2 times (x 118B)
Class com.amazon.ion.IonSystem                                                        : loaded 2 times (x 70B)
Class com.amazon.ion.impl.bin.IonManagedBinaryWriter$ImportedSymbolContext            : loaded 2 times (x 72B)
Class kotlin.text.MatchResult$DefaultImpls                                            : loaded 2 times (x 71B)
Class org.gradle.tooling.model.idea.IdeaCompilerOutput                                : loaded 2 times (x 70B)
Class org.gradle.tooling.model.ProjectIdentifier                                      : loaded 2 times (x 70B)
Class com.google.common.collect.Maps$EntryFunction                                    : loaded 2 times (x 91B)
Class org.gradle.internal.classloader.ClasspathUtil                                   : loaded 2 times (x 71B)
Class com.android.build.gradle.internal.dependency.DexingOutputSplitTransform$Parameters$Inject_: loaded 2 times (x 110B)
Class com.android.builder.utils.SynchronizedFile$LockingType                          : loaded 2 times (x 79B)
Class com.android.tools.r8.internal.ob0                                               : loaded 2 times (x 161B)
Class com.android.tools.r8.internal.be0                                               : loaded 2 times (x 161B)
Class com.android.tools.r8.graph.y5                                                   : loaded 2 times (x 75B)
Class com.android.tools.r8.BaseCompilerCommand$Builder                                : loaded 2 times (x 145B)
Class com.android.tools.r8.internal.hf3                                               : loaded 2 times (x 84B)
Class com.android.tools.r8.internal.mv2                                               : loaded 2 times (x 73B)
Class com.android.tools.r8.internal.fj1                                               : loaded 2 times (x 75B)
Class com.android.tools.r8.internal.ri0                                               : loaded 2 times (x 161B)
Class com.android.tools.r8.internal.el0                                               : loaded 2 times (x 171B)
Class com.android.tools.r8.internal.hs0                                               : loaded 2 times (x 73B)
Class com.android.tools.r8.graph.i1                                                   : loaded 2 times (x 118B)
Class com.android.tools.r8.internal.zo                                                : loaded 2 times (x 72B)
Class com.android.tools.r8.internal.sg1                                               : loaded 2 times (x 70B)
Class com.android.build.api.variant.impl.BuiltArtifactsTypeAdapter                    : loaded 2 times (x 82B)
Class com.android.tools.r8.internal.wh                                                : loaded 2 times (x 79B)
Class com.android.tools.r8.l0                                                         : loaded 2 times (x 77B)
Class com.android.tools.r8.internal.uc3                                               : loaded 2 times (x 73B)
Class com.android.tools.r8.graph.e8$e                                                 : loaded 2 times (x 91B)
Class com.android.tools.r8.dex.m0$b                                                   : loaded 2 times (x 79B)
Class org.jetbrains.kotlin.cli.common.arguments.ParseCommandLineArgumentsKt           : loaded 2 times (x 71B)
Class org.jetbrains.kotlin.gradle.dsl.KotlinCommonCompilerOptionsExtensionsKt$usesK2$1: loaded 2 times (x 74B)
Class com.android.builder.model.v2.ide.ComponentInfo                                  : loaded 2 times (x 70B)
Class com.google.wireless.android.sdk.stats.GradleBuildProfileSpan$Builder            : loaded 2 times (x 316B)
Class org.objectweb.asm.tree.MethodNode                                               : loaded 2 times (x 110B)
Class com.android.tools.r8.internal.q44                                               : loaded 2 times (x 77B)
Class [Lcom.android.tools.r8.internal.po2;                                            : loaded 2 times (x 69B)
Class com.android.tools.r8.internal.py                                                : loaded 2 times (x 74B)
Class com.android.tools.r8.internal.vk1$p$a                                           : loaded 2 times (x 72B)
Class com.android.tools.r8.synthesis.j0                                               : loaded 2 times (x 72B)
Class com.android.tools.r8.ResourceShrinkerConfiguration                              : loaded 2 times (x 75B)
Class com.android.tools.r8.graph.aa                                                   : loaded 2 times (x 70B)
Class com.android.build.gradle.internal.EmulatorComponents$Companion                  : loaded 2 times (x 71B)
Class com.sun.xml.bind.v2.runtime.property.UnmarshallerChain                          : loaded 2 times (x 72B)
Class com.sun.istack.SAXException2                                                    : loaded 2 times (x 83B)
Class com.sun.xml.bind.v2.runtime.unmarshaller.TextLoader                             : loaded 2 times (x 78B)
Class com.sun.xml.bind.v2.TODO                                                        : loaded 2 times (x 71B)
Class com.sun.xml.bind.v2.model.runtime.RuntimeElementPropertyInfo                    : loaded 2 times (x 70B)
Class com.sun.xml.bind.v2.model.nav.ReflectionNavigator$4                             : loaded 2 times (x 77B)
Class com.sun.xml.bind.v2.model.impl.RuntimeBuiltinLeafInfoImpl$20                    : loaded 2 times (x 136B)
Class com.android.sdklib.repository.generated.sysimg.v2.ObjectFactory                 : loaded 2 times (x 75B)
Class com.android.build.gradle.internal.SdkComponentsBuildService$VersionedSdkLoader$additionalLibrariesProvider$1: loaded 2 times (x 75B)
Class com.android.build.gradle.internal.GradleLocalPropertiesFactory                  : loaded 2 times (x 71B)
Class com.android.build.gradle.internal.scope.InternalArtifactType$UNIT_TEST_RESULTS  : loaded 2 times (x 74B)
Class com.android.build.gradle.internal.scope.InternalArtifactType$PROJECT_DEX_ARCHIVE: loaded 2 times (x 74B)
Class org.jetbrains.kotlin.gradle.dsl.KotlinCompile                                   : loaded 2 times (x 70B)
Class com.android.build.gradle.tasks.ManifestProcessorTask                            : loaded 2 times (x 339B)
Class com.google.common.util.concurrent.Uninterruptibles                              : loaded 2 times (x 71B)
Class org.jetbrains.kotlin.gradle.dsl.JvmTarget$Companion                             : loaded 2 times (x 71B)
Class org.jetbrains.kotlin.tooling.core.HasExtras                                     : loaded 2 times (x 70B)
Class com.android.build.gradle.internal.SdkComponentsBuildService$Parameters          : loaded 2 times (x 70B)
Class com.android.build.gradle.internal.services.AndroidLocationsBuildService$androidLocations$1$1: loaded 2 times (x 75B)
Class com.google.common.util.concurrent.MoreExecutors                                 : loaded 2 times (x 71B)
Class com.android.builder.model.v2.ide.ProjectType                                    : loaded 2 times (x 79B)
Class com.intellij.gradle.toolingExtension.impl.model.sourceSetModel.GradleSourceSetSerialisationService: loaded 2 times (x 77B)
Class kotlin.io.FileSystemException                                                   : loaded 2 times (x 82B)
Class com.android.tools.r8.graph.ab                                                   : loaded 2 times (x 104B)
Class com.google.common.collect.AbstractMapBasedMultimap$WrappedSet                   : loaded 2 times (x 142B)
Class com.android.tools.r8.internal.qk0                                               : loaded 2 times (x 161B)
Class com.android.tools.r8.internal.dn0                                               : loaded 2 times (x 82B)
Class com.android.tools.r8.dex.v0                                                     : loaded 2 times (x 75B)
Class com.android.tools.r8.internal.iq2                                               : loaded 2 times (x 73B)
Class com.android.tools.r8.shaking.u3                                                 : loaded 2 times (x 82B)
Class com.android.tools.r8.internal.b8                                                : loaded 2 times (x 71B)
Class com.android.tools.r8.internal.wy0                                               : loaded 2 times (x 70B)
Class com.android.tools.r8.internal.ag0                                               : loaded 2 times (x 163B)
Class com.android.tools.r8.graph.proto.a                                              : loaded 2 times (x 76B)
Class com.android.tools.r8.internal.cc2                                               : loaded 2 times (x 71B)
Class com.android.tools.r8.internal.pz                                                : loaded 2 times (x 73B)
Class com.android.tools.r8.ir.optimize.g0                                             : loaded 2 times (x 71B)
Class com.android.tools.r8.errors.UnsupportedFeatureDiagnostic                        : loaded 2 times (x 82B)
Class com.android.tools.r8.internal.nd0                                               : loaded 2 times (x 78B)
Class com.android.tools.r8.internal.jl                                                : loaded 2 times (x 129B)
Class [Lcom.android.tools.r8.internal.nr2;                                            : loaded 2 times (x 69B)
Class com.android.tools.r8.internal.uc4                                               : loaded 2 times (x 77B)
Class com.android.tools.r8.graph.e8$f                                                 : loaded 2 times (x 72B)
Class com.android.tools.r8.internal.fj2                                               : loaded 2 times (x 114B)
Class com.android.tools.r8.graph.i2                                                   : loaded 2 times (x 181B)
Class com.android.tools.r8.graph.y6                                                   : loaded 2 times (x 166B)
Class com.android.tools.r8.graph.l9                                                   : loaded 2 times (x 77B)
Class com.google.common.io.CharSource                                                 : loaded 2 times (x 85B)
Class com.android.manifmerger.ManifestMerger2$Invoker                                 : loaded 2 times (x 95B)
Class com.android.builder.model.v2.dsl.BaseConfig                                     : loaded 2 times (x 70B)
Class com.android.tools.r8.internal.tb                                                : loaded 2 times (x 72B)
Class com.android.tools.r8.internal.ge                                                : loaded 2 times (x 70B)
Class com.android.tools.r8.internal.vk1$p$b                                           : loaded 2 times (x 71B)
Class [Lcom.android.tools.r8.internal.vk1$f;                                          : loaded 2 times (x 69B)
Class com.android.tools.r8.kotlin.b                                                   : loaded 2 times (x 72B)
Class com.android.tools.r8.internal.o5                                                : loaded 2 times (x 71B)
Class [Lcom.sun.xml.bind.v2.model.core.PropertyInfo;                                  : loaded 2 times (x 69B)
Class com.sun.xml.bind.v2.model.nav.ReflectionNavigator$5                             : loaded 2 times (x 77B)
Class com.sun.xml.bind.v2.model.impl.RuntimeBuiltinLeafInfoImpl$21                    : loaded 2 times (x 136B)
Class com.sun.xml.bind.v2.model.runtime.RuntimeTypeInfo                               : loaded 2 times (x 70B)
Class com.android.sdklib.repository.IdDisplay                                         : loaded 2 times (x 80B)
Class com.android.builder.model.SyncIssue                                             : loaded 2 times (x 70B)
Class com.android.build.gradle.internal.scope.InternalArtifactType$SOURCE_JAR         : loaded 2 times (x 74B)
Class com.android.build.gradle.internal.scope.InternalArtifactType$COMPILE_SYMBOL_LIST: loaded 2 times (x 74B)
Class [Lcom.android.build.api.variant.VariantOutputConfiguration$OutputType;          : loaded 2 times (x 69B)
Class com.android.tools.r8.internal.di0                                               : loaded 2 times (x 161B)
Class com.android.build.gradle.internal.utils.GradleEnvironmentProvider               : loaded 2 times (x 70B)
Class [Lcom.google.wireless.android.sdk.stats.GradleBuildProfileSpan$ExecutionType;   : loaded 2 times (x 69B)
Class com.android.tools.analytics.HostData$garbageCollectorBeans$2                    : loaded 2 times (x 78B)
Class com.android.tools.r8.internal.qf0                                               : loaded 2 times (x 161B)
Class com.amazon.ion.impl.lite.IonIntLite                                             : loaded 2 times (x 190B)
Class com.amazon.ion.impl._Private_IonReaderBuilder$TwoElementInputStream             : loaded 2 times (x 92B)
Class com.amazon.ion.util._Private_FastAppendable                                     : loaded 2 times (x 70B)
Class [Lcom.amazon.ion.impl.bin.IonRawBinaryWriter$PreallocationMode;                 : loaded 2 times (x 69B)
Class io.opentelemetry.context.propagation.TextMapGetter                              : loaded 2 times (x 70B)
Class org.gradle.internal.time.TimeSource$1                                           : loaded 2 times (x 77B)
Class kotlin.jvm.internal.DefaultConstructorMarker                                    : loaded 2 times (x 71B)
Class org.gradle.api.specs.Spec                                                       : loaded 2 times (x 70B)
Class com.android.tools.r8.internal.w22                                               : loaded 2 times (x 71B)
Class org.apache.commons.io.file.PathFilter                                           : loaded 2 times (x 70B)
Class com.android.tools.r8.internal.ab0                                               : loaded 2 times (x 161B)
Class com.android.tools.r8.internal.xw2                                               : loaded 2 times (x 72B)
Class com.google.common.collect.MapMaker                                              : loaded 2 times (x 72B)
Class com.android.tools.r8.internal.pm0                                               : loaded 2 times (x 161B)
Class com.android.tools.r8.graph.v0                                                   : loaded 2 times (x 72B)
Class com.android.tools.r8.graph.ac                                                   : loaded 2 times (x 72B)
Class [Lcom.android.tools.r8.graph.z6;                                                : loaded 2 times (x 69B)
Class com.android.tools.r8.internal.te4                                               : loaded 2 times (x 73B)
Class com.android.tools.r8.internal.qk1                                               : loaded 2 times (x 84B)
Class com.android.tools.r8.internal.o6                                                : loaded 2 times (x 72B)
Class com.android.tools.r8.internal.zc0                                               : loaded 2 times (x 71B)
Class [Lcom.android.tools.r8.internal.bb1;                                            : loaded 2 times (x 69B)
Class com.android.tools.r8.graph.proto.b                                              : loaded 2 times (x 76B)
Class com.android.tools.r8.internal.mf0                                               : loaded 2 times (x 161B)
Class com.android.tools.r8.internal.nd1                                               : loaded 2 times (x 89B)
Class com.android.tools.r8.internal.da4                                               : loaded 2 times (x 70B)
Class com.android.tools.r8.it.unimi.dsi.fastutil.ints.a                               : loaded 2 times (x 273B)
Class com.android.tools.r8.internal.wj                                                : loaded 2 times (x 74B)
Class com.android.tools.r8.graph.e8$g                                                 : loaded 2 times (x 80B)
Class com.android.build.gradle.internal.tasks.OptionalCollectionWithProvenance        : loaded 2 times (x 72B)
Class org.jetbrains.kotlin.gradle.plugin.statistics.KotlinBuildStatsBeanService       : loaded 2 times (x 87B)
Class com.android.build.gradle.internal.signing.SigningConfigDataProvider$Companion   : loaded 2 times (x 71B)
Class com.android.tools.r8.internal.tc                                                : loaded 2 times (x 70B)
Class com.android.tools.r8.naming.g1                                                  : loaded 2 times (x 80B)
Class com.android.tools.r8.internal.z92                                               : loaded 2 times (x 72B)
Class com.android.tools.r8.internal.cp0                                               : loaded 2 times (x 92B)
Class com.android.tools.r8.kotlin.c                                                   : loaded 2 times (x 72B)
Class com.android.tools.r8.internal.lx3                                               : loaded 2 times (x 135B)
Class com.android.tools.r8.graph.i3                                                   : loaded 2 times (x 179B)
Class com.android.build.gradle.internal.scope.InternalArtifactType$DATA_BINDING_BASE_CLASS_SOURCE_OUT: loaded 2 times (x 74B)
Class com.android.sdklib.repository.generated.addon.v3.ExtraDetailsType               : loaded 2 times (x 85B)
Class com.sun.xml.bind.v2.model.impl.RuntimeBuiltinLeafInfoImpl$22                    : loaded 2 times (x 136B)
Class com.sun.xml.bind.v2.model.nav.ReflectionNavigator$6                             : loaded 2 times (x 81B)
Class com.android.sdklib.BuildToolInfo$PathId                                         : loaded 2 times (x 79B)
Class com.android.build.gradle.internal.dependency.BaseDexingTransform$Parameters     : loaded 2 times (x 70B)
Class com.android.build.gradle.internal.dependency.AarToClassTransform$Inject_1       : loaded 2 times (x 109B)
Class com.android.build.gradle.internal.scope.InternalArtifactType$INTERMEDIARY_BUNDLE: loaded 2 times (x 74B)
Class com.android.build.gradle.internal.api.artifact.SourceArtifactType$JNI_LIBS      : loaded 2 times (x 74B)
Class org.jetbrains.kotlin.build.report.metrics.GradleBuildPerformanceMetric$Companion: loaded 2 times (x 71B)
Class org.jetbrains.kotlin.gradle.plugin.internal.MavenPublicationComponentAccessor$Factory: loaded 2 times (x 70B)
Class com.android.build.gradle.internal.services.Aapt2DaemonBuildService              : loaded 2 times (x 80B)
Class [Lcom.google.protobuf.ProtocolMessageEnum;                                      : loaded 2 times (x 69B)
Class com.google.protobuf.LazyStringArrayList                                         : loaded 2 times (x 314B)
Class com.android.tools.r8.internal.be                                                : loaded 2 times (x 98B)
Class com.android.tools.r8.shaking.p3                                                 : loaded 2 times (x 72B)
Class jdk.internal.jimage.ImageReader$SharedImageReader$LocationVisitor               : loaded 2 times (x 70B)
Class com.amazon.ion.impl.lite.IonSexpLite                                            : loaded 2 times (x 491B)
Class com.amazon.ion.impl.lite.IonListLite                                            : loaded 2 times (x 491B)
Class com.amazon.ion.IonFloat                                                         : loaded 2 times (x 70B)
Class io.opentelemetry.context.ThreadLocalContextStorage$ScopeImpl                    : loaded 2 times (x 79B)
Class com.android.utils.JvmWideVariable$1                                             : loaded 2 times (x 73B)
Class com.android.tools.r8.internal.jn                                                : loaded 2 times (x 126B)
Class com.android.tools.r8.internal.lh0                                               : loaded 2 times (x 162B)
Class com.android.tools.r8.internal.ey0                                               : loaded 2 times (x 80B)
Class com.android.tools.r8.internal.w23                                               : loaded 2 times (x 111B)
Class com.android.tools.r8.internal.ye0                                               : loaded 2 times (x 161B)
Class com.android.tools.r8.internal.u61                                               : loaded 2 times (x 146B)
Class com.android.tools.r8.internal.h91                                               : loaded 2 times (x 72B)
Class com.android.tools.r8.internal.o7                                                : loaded 2 times (x 110B)
Class com.android.tools.r8.graph.proto.c                                              : loaded 2 times (x 75B)
Class com.android.tools.r8.internal.k34                                               : loaded 2 times (x 297B)
Class com.android.tools.r8.internal.be3                                               : loaded 2 times (x 78B)
Class com.android.tools.r8.internal.i72                                               : loaded 2 times (x 73B)
Class com.android.tools.r8.internal.qk2                                               : loaded 2 times (x 288B)
Class com.android.tools.r8.internal.kz3                                               : loaded 2 times (x 329B)
Class com.android.tools.r8.graph.e8$h                                                 : loaded 2 times (x 74B)
Class com.android.tools.r8.internal.ag2                                               : loaded 2 times (x 103B)
Class [Lcom.android.manifmerger.ManifestMerger2$Invoker$Feature;                      : loaded 2 times (x 69B)
Class com.android.build.gradle.internal.tasks.DexMergingTask$SharedParams$MainDexListConfig_Decorated: loaded 2 times (x 135B)
Class com.android.ide.common.resources.ResourceMerger                                 : loaded 2 times (x 101B)
Class com.android.ide.common.resources.DataSet                                        : loaded 2 times (x 113B)
Class [Lorg.jetbrains.kotlin.statistics.metrics.StringOverridePolicy;                 : loaded 2 times (x 69B)
Class com.android.tools.r8.internal.oo0                                               : loaded 2 times (x 90B)
Class com.android.tools.r8.internal.zc1                                               : loaded 2 times (x 70B)
Class com.android.tools.r8.synthesis.w0                                               : loaded 2 times (x 85B)
Class com.android.tools.r8.internal.t80                                               : loaded 2 times (x 75B)
Class com.android.tools.r8.graph.na                                                   : loaded 2 times (x 146B)
Class com.android.tools.r8.graph.v1                                                   : loaded 2 times (x 105B)
Class com.android.tools.r8.kotlin.d                                                   : loaded 2 times (x 72B)
Class com.android.tools.r8.graph.i4                                                   : loaded 2 times (x 72B)
Class com.android.tools.r8.internal.e21                                               : loaded 2 times (x 71B)
Class com.android.tools.r8.internal.td                                                : loaded 2 times (x 70B)
Class com.android.tools.r8.internal.ri3                                               : loaded 2 times (x 204B)
Class org.jetbrains.kotlin.gradle.tasks.KotlinCompile$kotlinOptions$1                 : loaded 2 times (x 79B)
Class com.sun.xml.bind.v2.model.nav.ParameterizedTypeImpl                             : loaded 2 times (x 85B)
Class com.sun.xml.bind.v2.runtime.reflect.Accessor$GetterSetterReflection             : loaded 2 times (x 85B)
Class com.sun.xml.bind.v2.model.impl.RuntimeBuiltinLeafInfoImpl$23                    : loaded 2 times (x 136B)
Class javax.activation.DataHandler                                                    : loaded 2 times (x 92B)
Class com.sun.xml.bind.v2.model.runtime.RuntimeTypeInfoSet                            : loaded 2 times (x 70B)
Class com.sun.xml.bind.v2.model.impl.TypeInfoSetImpl                                  : loaded 2 times (x 111B)
Class javax.xml.bind.JAXBException                                                    : loaded 2 times (x 85B)
Class com.android.repository.api.RepoPackage                                          : loaded 2 times (x 70B)
Class com.android.build.gradle.internal.dependency.PlatformAttrTransform$Inject_1     : loaded 2 times (x 109B)
Class [Lcom.android.build.gradle.internal.SdkLibDataFactory$Environment$SystemProperty;: loaded 2 times (x 69B)
Class com.android.build.gradle.internal.core.dsl.impl.InstrumentedTestDslInfoImpl$functionalTest$2: loaded 2 times (x 74B)
Class com.android.builder.errors.IssueReporter$Type                                   : loaded 2 times (x 79B)
Class com.android.build.api.artifact.Artifact$Category                                : loaded 2 times (x 79B)
Class org.jetbrains.kotlin.build.report.metrics.BuildPerformanceMetric                : loaded 2 times (x 70B)
Class com.android.tools.r8.internal.n52                                               : loaded 2 times (x 80B)
Class com.google.protobuf.UninitializedMessageException                               : loaded 2 times (x 84B)
Class com.amazon.ion.impl.LocalSymbolTable$Factory                                    : loaded 2 times (x 77B)
Class com.amazon.ion.impl.bin.IonManagedBinaryWriter$ImportedSymbolResolverMode       : loaded 2 times (x 80B)
Class com.intellij.gradle.toolingExtension.impl.model.buildScriptClasspathModel.GradleBuildScriptClasspathSerializationService: loaded 2 times (x 77B)
Class com.google.common.collect.Sets$3$1                                              : loaded 2 times (x 82B)
Class com.android.utils.JvmWideVariable$2                                             : loaded 2 times (x 72B)
Class com.android.tools.r8.internal.xe4                                               : loaded 2 times (x 75B)
Class com.google.common.collect.MapMakerInternalMap$StrongKeyDummyValueEntry          : loaded 2 times (x 82B)
Class com.android.tools.r8.internal.kj0                                               : loaded 2 times (x 161B)
Class [Lcom.android.tools.r8.graph.h6;                                                : loaded 2 times (x 69B)
Class com.android.tools.r8.dex.i                                                      : loaded 2 times (x 72B)
Class com.android.tools.r8.internal.be4                                               : loaded 2 times (x 73B)
Class com.android.tools.r8.internal.xg0                                               : loaded 2 times (x 161B)
Class com.android.tools.r8.graph.nb                                                   : loaded 2 times (x 112B)
Class com.android.tools.r8.graph.proto.d                                              : loaded 2 times (x 72B)
Class com.android.tools.r8.internal.ye1                                               : loaded 2 times (x 114B)
Class com.android.tools.r8.internal.ri4                                               : loaded 2 times (x 81B)
Class com.android.tools.r8.internal.te                                                : loaded 2 times (x 87B)
Class com.android.tools.r8.internal.jo                                                : loaded 2 times (x 122B)
Class com.android.tools.r8.internal.h92                                               : loaded 2 times (x 330B)
Class com.android.tools.r8.internal.wl                                                : loaded 2 times (x 125B)
Class [Lcom.android.tools.r8.graph.mc;                                                : loaded 2 times (x 69B)
Class com.android.tools.r8.graph.v2                                                   : loaded 2 times (x 132B)
Class com.android.tools.r8.graph.e8$i                                                 : loaded 2 times (x 74B)
Class com.google.common.collect.AbstractMapBasedMultimap$AsMap                        : loaded 2 times (x 128B)
Class com.android.zipflinger.ZipMap                                                   : loaded 2 times (x 81B)
Class [Lorg.jetbrains.kotlin.statistics.metrics.BooleanAnonymizationPolicy;           : loaded 2 times (x 69B)
Class com.android.tools.r8.internal.rz2$b$a                                           : loaded 2 times (x 78B)
Class com.android.tools.r8.internal.lh1                                               : loaded 2 times (x 70B)
Class com.android.tools.r8.internal.mv                                                : loaded 2 times (x 76B)
Class com.android.tools.r8.graph.y9                                                   : loaded 2 times (x 106B)
Class com.android.tools.r8.internal.oo1                                               : loaded 2 times (x 75B)
Class com.android.tools.r8.kotlin.e                                                   : loaded 2 times (x 72B)
Class com.android.tools.r8.internal.q11                                               : loaded 2 times (x 83B)
Class com.android.tools.r8.graph.i5                                                   : loaded 2 times (x 72B)
Class com.sun.xml.bind.v2.runtime.reflect.Lister                                      : loaded 2 times (x 76B)
Class com.sun.xml.bind.v2.model.core.NonElementRef                                    : loaded 2 times (x 70B)
Class com.sun.xml.bind.v2.model.impl.RegistryInfoImpl                                 : loaded 2 times (x 80B)
Class com.sun.xml.bind.v2.model.annotation.XmlAttributeQuick                          : loaded 2 times (x 93B)
Class com.sun.xml.bind.v2.model.impl.RuntimeBuiltinLeafInfoImpl$24                    : loaded 2 times (x 137B)
Class com.sun.xml.bind.Util                                                           : loaded 2 times (x 71B)
Class com.android.sdklib.repository.generated.common.v3.ObjectFactory                 : loaded 2 times (x 75B)
Class com.android.sdklib.repository.generated.addon.v4.ObjectFactory                  : loaded 2 times (x 80B)
Class com.android.repository.api.SchemaModule                                         : loaded 2 times (x 76B)
Class [Lcom.android.sdklib.BuildToolInfo$PathId;                                      : loaded 2 times (x 69B)
Class com.android.build.gradle.internal.dependency.EnumerateClassesTransform          : loaded 2 times (x 78B)
Class com.android.tools.r8.internal.y60                                               : loaded 2 times (x 72B)
Class com.android.build.gradle.internal.publishing.ArtifactCategory                   : loaded 2 times (x 79B)
Class com.android.tools.r8.internal.tm0                                               : loaded 2 times (x 71B)
Class jdk.internal.jimage.decompressor.ResourceDecompressorRepository                 : loaded 2 times (x 71B)
Class com.amazon.ion.impl.LocalSymbolTableAsStruct                                    : loaded 2 times (x 132B)
Class com.amazon.ion.impl.lite.IonTimestampLite                                       : loaded 2 times (x 193B)
Class org.jetbrains.plugins.gradle.model.FileCollectionDependency                     : loaded 2 times (x 70B)
Class io.opentelemetry.api.trace.SpanBuilder                                          : loaded 2 times (x 70B)
Class io.opentelemetry.api.DefaultOpenTelemetry                                       : loaded 2 times (x 89B)
Class com.intellij.gradle.toolingExtension.impl.model.utilDummyModel.DummyModel       : loaded 2 times (x 70B)
Class kotlin.text.StringsKt__RegexExtensionsKt                                        : loaded 2 times (x 71B)
Class kotlin.collections.EmptyIterator                                                : loaded 2 times (x 89B)
Class org.gradle.internal.time.Clock                                                  : loaded 2 times (x 70B)
Class com.android.utils.JvmWideVariable$3                                             : loaded 2 times (x 72B)
Class com.android.tools.r8.graph.c                                                    : loaded 2 times (x 75B)
Class com.android.tools.r8.internal.jl0                                               : loaded 2 times (x 161B)
Class com.android.tools.r8.internal.zp0                                               : loaded 2 times (x 71B)
Class com.android.tools.r8.dex.f0                                                     : loaded 2 times (x 71B)
Class com.android.tools.r8.dex.j                                                      : loaded 2 times (x 74B)
Class com.android.tools.r8.internal.xg1                                               : loaded 2 times (x 133B)
Class com.android.tools.r8.internal.wi0                                               : loaded 2 times (x 161B)
Class com.android.tools.r8.internal.ge0                                               : loaded 2 times (x 161B)
Class com.android.tools.r8.internal.l2                                                : loaded 2 times (x 137B)
Class com.android.tools.r8.internal.ms0                                               : loaded 2 times (x 72B)
Class com.android.tools.r8.internal.mw                                                : loaded 2 times (x 74B)
Class com.android.tools.r8.internal.tb0                                               : loaded 2 times (x 161B)
Class com.android.tools.r8.graph.proto.e                                              : loaded 2 times (x 73B)
Class com.android.tools.r8.internal.zc3                                               : loaded 2 times (x 76B)
Class com.android.tools.r8.internal.wm                                                : loaded 2 times (x 211B)
Class com.android.tools.r8.internal.ye2                                               : loaded 2 times (x 114B)
Class com.google.common.collect.AbstractMapBasedMultimap$WrappedList                  : loaded 2 times (x 205B)
Class com.android.tools.r8.internal.e23                                               : loaded 2 times (x 122B)
Class com.android.tools.r8.internal.t82                                               : loaded 2 times (x 301B)
Class com.android.tools.r8.internal.hc1                                               : loaded 2 times (x 84B)
Class com.android.tools.r8.internal.jp                                                : loaded 2 times (x 74B)
Class com.android.tools.r8.graph.e8$j                                                 : loaded 2 times (x 91B)
Class com.android.build.gradle.internal.res.ParseLibraryResourcesTask$Companion       : loaded 2 times (x 71B)
Class com.android.builder.model.v2.dsl.ProductFlavor                                  : loaded 2 times (x 70B)
Class com.android.tools.r8.internal.q12                                               : loaded 2 times (x 70B)
Class com.android.tools.r8.kotlin.f                                                   : loaded 2 times (x 72B)
Class com.android.tools.r8.graph.v3                                                   : loaded 2 times (x 73B)
Class com.android.tools.r8.graph.nc                                                   : loaded 2 times (x 70B)
Class com.android.tools.r8.graph.i6                                                   : loaded 2 times (x 98B)
Class com.android.tools.r8.internal.c61                                               : loaded 2 times (x 202B)
Class [Lcom.android.builder.model.v2.ide.TestInfo$Execution;                          : loaded 2 times (x 69B)
Class [Lorg.jetbrains.kotlin.build.report.metrics.BuildAttributeKind;                 : loaded 2 times (x 69B)
Class org.jetbrains.kotlin.gradle.tasks.K2MultiplatformStructure                      : loaded 2 times (x 74B)
Class com.android.sdklib.repository.targets.OptionalLibraryImpl                       : loaded 2 times (x 84B)
Class com.android.tools.r8.dex.q0                                                     : loaded 2 times (x 77B)
Class com.sun.xml.bind.v2.runtime.unmarshaller.DefaultIDResolver$1                    : loaded 2 times (x 76B)
Class com.sun.xml.bind.v2.runtime.reflect.Accessor$FieldReflection                    : loaded 2 times (x 85B)
Class com.sun.xml.bind.v2.model.runtime.RuntimeNonElementRef                          : loaded 2 times (x 70B)
Class com.sun.xml.bind.v2.runtime.unmarshaller.Base64Data                             : loaded 2 times (x 89B)
Class com.android.build.gradle.internal.scope.InternalArtifactType$COMPILED_LOCAL_RESOURCES: loaded 2 times (x 74B)
Class com.android.build.gradle.internal.SdkLibDataFactory$Environment                 : loaded 2 times (x 72B)
Class org.jetbrains.kotlin.gradle.plugin.diagnostics.KotlinToolingDiagnosticsCollector$Parameter: loaded 2 times (x 70B)
Class org.jetbrains.kotlin.compilerRunner.CompilerSystemPropertiesService$Parameters  : loaded 2 times (x 70B)
Class [Lorg.objectweb.asm.AnnotationWriter;                                           : loaded 2 times (x 69B)
Class com.android.build.api.artifact.ArtifactKind$FILE                                : loaded 2 times (x 72B)
Class org.jetbrains.kotlin.tooling.core.Extras$Key$Companion                          : loaded 2 times (x 71B)
Class org.jetbrains.kotlin.tooling.core.Extras$Key                                    : loaded 2 times (x 72B)
Class com.android.build.gradle.internal.utils.GradleEnvironmentProviderImpl           : loaded 2 times (x 76B)
Class com.google.protobuf.Internal$LongList                                           : loaded 2 times (x 70B)
Class com.google.gson.internal.$Gson$Types                                            : loaded 2 times (x 71B)
Class com.google.gson.JsonDeserializer                                                : loaded 2 times (x 70B)
Class com.android.tools.r8.graph.t6                                                   : loaded 2 times (x 166B)
Class org.gradle.tooling.internal.adapter.ProtocolToModelAdapter$InvocationHandlerImpl: loaded 2 times (x 77B)
Class jdk.internal.jimage.ImageReader$Directory                                       : loaded 2 times (x 84B)
Class com.amazon.ion.IonString                                                        : loaded 2 times (x 70B)
Class io.opentelemetry.context.propagation.TextMapPropagator                          : loaded 2 times (x 70B)
Class org.jetbrains.plugins.gradle.model.GradleSourceSetDependencyModel               : loaded 2 times (x 70B)
Class sync_studio_tooling1_8ty26kawrmmnydzznpae9c8kn$_run_closure1                    : loaded 2 times (x 139B)
Class kotlin.io.FilePathComponents                                                    : loaded 2 times (x 72B)
Class com.google.common.collect.CompoundOrdering                                      : loaded 2 times (x 115B)
Class kotlin.sequences.SequencesKt__SequencesJVMKt                                    : loaded 2 times (x 71B)
Class kotlin.coroutines.jvm.internal.RestrictedSuspendLambda                          : loaded 2 times (x 91B)
Class org.gradle.tooling.internal.adapter.TypeInspector                               : loaded 2 times (x 73B)
Class org.gradle.tooling.internal.adapter.ProtocolToModelAdapter$NoOpDecoration       : loaded 2 times (x 79B)
Class org.gradle.tooling.model.Element                                                : loaded 2 times (x 70B)
Class kotlin.collections.AbstractList                                                 : loaded 2 times (x 197B)
Class kotlin.collections.AbstractCollection                                           : loaded 2 times (x 117B)
Class com.android.utils.JvmWideVariable$4                                             : loaded 2 times (x 73B)
Class [Lcom.google.common.collect.Iterators$EmptyModifiableIterator;                  : loaded 2 times (x 69B)
Class com.android.tools.r8.graph.d                                                    : loaded 2 times (x 75B)
Class com.android.tools.r8.internal.vk0                                               : loaded 2 times (x 161B)
Class com.android.tools.r8.internal.ye3                                               : loaded 2 times (x 248B)
Class com.android.tools.r8.dex.k                                                      : loaded 2 times (x 74B)
Class com.android.tools.r8.internal.dc                                                : loaded 2 times (x 71B)
Class com.android.tools.r8.internal.fg0                                               : loaded 2 times (x 163B)
Class com.android.tools.r8.internal.ge1                                               : loaded 2 times (x 240B)
Class com.android.tools.r8.internal.y0                                                : loaded 2 times (x 266B)
Class com.android.tools.r8.graph.proto.f                                              : loaded 2 times (x 72B)
Class com.android.tools.r8.shaking.e4                                                 : loaded 2 times (x 81B)
Class com.android.tools.r8.internal.u64                                               : loaded 2 times (x 78B)
Class com.android.tools.r8.internal.ia3                                               : loaded 2 times (x 78B)
Class [Lcom.android.tools.r8.internal.m0;                                             : loaded 2 times (x 69B)
Class com.android.tools.r8.internal.yr0                                               : loaded 2 times (x 71B)
Class com.android.tools.r8.internal.at2                                               : loaded 2 times (x 70B)
Class com.android.tools.r8.internal.qx2                                               : loaded 2 times (x 76B)
Class com.android.tools.r8.graph.e8$k                                                 : loaded 2 times (x 79B)
Class com.android.build.api.variant.impl.BuiltArtifactImpl                            : loaded 2 times (x 87B)
Class org.jetbrains.kotlin.gradle.fus.BuildUidService$Inject_                         : loaded 2 times (x 100B)
Class org.jetbrains.kotlin.statistics.metrics.NumberAnonymizationPolicy$RANDOM_10_PERCENT: loaded 2 times (x 85B)
Class org.jetbrains.kotlin.statistics.metrics.StringMetrics                           : loaded 2 times (x 80B)
Class com.android.build.gradle.internal.profile.TaskProfilingRecord                   : loaded 2 times (x 75B)
Class com.android.tools.r8.internal.b81                                               : loaded 2 times (x 204B)
Class com.android.tools.r8.internal.wi1                                               : loaded 2 times (x 83B)
Class com.android.tools.r8.internal.q13                                               : loaded 2 times (x 94B)
Class com.android.tools.r8.graph.i7                                                   : loaded 2 times (x 72B)
Class com.android.tools.r8.graph.v4                                                   : loaded 2 times (x 72B)
Class com.android.tools.r8.graph.f0                                                   : loaded 2 times (x 76B)
Class com.android.tools.r8.internal.o51                                               : loaded 2 times (x 203B)
Class [Lcom.sun.xml.bind.v2.runtime.property.StructureLoaderBuilder;                  : loaded 2 times (x 69B)
Class com.sun.xml.bind.v2.model.impl.RuntimeBuiltinLeafInfoImpl$26                    : loaded 2 times (x 136B)
Class com.sun.xml.bind.v2.model.impl.RuntimeBuiltinLeafInfoImpl$10$1                  : loaded 2 times (x 356B)
Class com.sun.xml.bind.v2.runtime.BinderImpl                                          : loaded 2 times (x 86B)
Class com.sun.xml.bind.v2.model.core.TypeInfo                                         : loaded 2 times (x 70B)
Class com.android.sdklib.repository.generated.common.v3.LibraryType                   : loaded 2 times (x 90B)
Class com.android.build.gradle.internal.PlatformComponents                            : loaded 2 times (x 72B)
Class com.android.build.gradle.internal.scope.InternalArtifactType$TEST_FIXTURES_LINT_PARTIAL_RESULTS: loaded 2 times (x 74B)
Class com.android.build.gradle.internal.scope.InternalArtifactType$D8_METADATA        : loaded 2 times (x 74B)
Class com.android.build.gradle.internal.scope.InternalArtifactType$STABLE_RESOURCE_IDS_FILE: loaded 2 times (x 74B)
Class com.google.common.collect.Lists$ReverseList$1                                   : loaded 2 times (x 99B)
Class com.android.build.api.artifact.ArtifactKind$DIRECTORY                           : loaded 2 times (x 72B)
Class org.gradle.tooling.model.build.GradleEnvironment                                : loaded 2 times (x 70B)
Class com.google.common.cache.LocalCache$StrongValueReference                         : loaded 2 times (x 90B)
Class com.google.common.util.concurrent.AbstractFuture$SynchronizedHelper             : loaded 2 times (x 78B)
Class org.jetbrains.kotlin.tooling.core.Extras                                        : loaded 2 times (x 70B)
Class org.jetbrains.kotlin.gradle.dsl.KotlinJvmOptions                                : loaded 2 times (x 70B)
Class com.android.utils.EnvironmentProvider                                           : loaded 2 times (x 70B)
Class com.google.protobuf.InvalidProtocolBufferException                              : loaded 2 times (x 88B)
Class com.google.common.collect.EnumHashBiMap                                         : loaded 2 times (x 159B)
Class com.amazon.ion.BufferConfiguration                                              : loaded 2 times (x 72B)
Class com.amazon.ion.system.SimpleCatalog                                             : loaded 2 times (x 91B)
Class io.opentelemetry.context.ArrayBasedContext                                      : loaded 2 times (x 100B)
Class com.intellij.gradle.toolingExtension.impl.model.taskModel.GradleTaskSerialisationService: loaded 2 times (x 76B)
Class com.android.ide.gradle.model.LegacyV1AgpVersionModel                            : loaded 2 times (x 70B)
Class kotlin.text.StringsKt__StringBuilderJVMKt                                       : loaded 2 times (x 71B)
Class com.google.common.collect.ImmutableRangeSet$Builder                             : loaded 2 times (x 77B)
Class kotlin.text.Regex                                                               : loaded 2 times (x 72B)
Class kotlin.sequences.SequencesKt__SequenceBuilderKt$sequence$$inlined$Sequence$1    : loaded 2 times (x 75B)
Class kotlin.Triple                                                                   : loaded 2 times (x 72B)
Class com.google.common.base.Predicates$CompositionPredicate                          : loaded 2 times (x 88B)
Class org.jetbrains.kotlin.com.google.common.base.Function                            : loaded 2 times (x 70B)
Class com.android.tools.r8.graph.e                                                    : loaded 2 times (x 71B)
Class com.android.tools.r8.position.TextRange                                         : loaded 2 times (x 78B)
Class org.jetbrains.kotlin.gradle.plugin.CompositeSubpluginOption                     : loaded 2 times (x 72B)
Class com.android.tools.r8.BaseCommand$Builder                                        : loaded 2 times (x 98B)
Class com.android.tools.r8.dex.l                                                      : loaded 2 times (x 73B)
Class com.android.tools.r8.internal.ye4                                               : loaded 2 times (x 74B)
Class com.android.tools.r8.internal.o52                                               : loaded 2 times (x 136B)
Class [Lcom.android.tools.r8.dex.m0$a;                                                : loaded 2 times (x 69B)
Class com.android.tools.r8.internal.bb0                                               : loaded 2 times (x 161B)
Class com.android.tools.r8.internal.rf0                                               : loaded 2 times (x 161B)
Class com.android.tools.r8.internal.y1                                                : loaded 2 times (x 188B)
Class com.android.tools.r8.internal.ei0                                               : loaded 2 times (x 161B)
Class com.android.tools.r8.internal.b82                                               : loaded 2 times (x 74B)
Class com.android.tools.r8.internal.lh4                                               : loaded 2 times (x 243B)
Class com.android.tools.r8.internal.th                                                : loaded 2 times (x 176B)
Class com.android.tools.r8.internal.qx3                                               : loaded 2 times (x 301B)
Class com.android.tools.r8.internal.dd                                                : loaded 2 times (x 154B)
Class com.android.tools.r8.internal.ge2                                               : loaded 2 times (x 73B)
Class com.android.tools.r8.graph.i8                                                   : loaded 2 times (x 91B)
Class com.android.build.gradle.tasks.MergeResources$Companion                         : loaded 2 times (x 71B)
Class org.jetbrains.kotlin.gradle.tasks.CompilerPluginOptions                         : loaded 2 times (x 72B)
Class com.google.common.graph.SuccessorsFunction                                      : loaded 2 times (x 70B)
Class com.android.tools.r8.internal.hp0                                               : loaded 2 times (x 77B)
Class [Lcom.android.tools.r8.internal.f20;                                            : loaded 2 times (x 69B)
Class com.android.tools.r8.internal.my                                                : loaded 2 times (x 73B)
Class com.android.tools.r8.internal.um0                                               : loaded 2 times (x 103B)
Class com.android.tools.r8.internal.vk1                                               : loaded 2 times (x 109B)
Class com.android.tools.r8.CompilationFailedException                                 : loaded 2 times (x 83B)
Class com.android.tools.r8.graph.v5                                                   : loaded 2 times (x 160B)
Class org.jetbrains.plugins.gradle.tooling.util.IntObjectMap$ObjectFactory            : loaded 2 times (x 70B)
Class com.sun.xml.bind.v2.runtime.unmarshaller.SAXConnector                           : loaded 2 times (x 101B)
Class com.android.sdklib.repository.generated.common.v3.ApiDetailsType                : loaded 2 times (x 113B)
Class [Lcom.sun.xml.bind.v2.model.annotation.Locatable;                               : loaded 2 times (x 69B)
Class com.sun.xml.bind.v2.model.impl.RuntimeBuiltinLeafInfoImpl$27                    : loaded 2 times (x 136B)
Class com.sun.xml.bind.v2.model.impl.ModelBuilder                                     : loaded 2 times (x 92B)
Class com.android.repository.impl.generated.generic.v1.ObjectFactory                  : loaded 2 times (x 75B)
Class com.android.repository.impl.generated.v1.ChannelRefType                         : loaded 2 times (x 77B)
Class com.android.build.gradle.internal.SdkComponentsBuildService$VersionedSdkLoader$adbExecutableProvider$1: loaded 2 times (x 75B)
Class com.android.build.gradle.internal.tasks.TestPreBuildTask                        : loaded 2 times (x 336B)
Class com.android.build.gradle.tasks.PackageApplication$CreationAction$handleProvider$operationRequest$1: loaded 2 times (x 127B)
Class org.jetbrains.kotlin.gradle.dsl.KotlinCommonCompilerOptionsHelper               : loaded 2 times (x 71B)
Class com.android.build.gradle.internal.scope.InternalArtifactType$COMPILED_NAVIGATION_RES: loaded 2 times (x 74B)
Class org.objectweb.asm.Type                                                          : loaded 2 times (x 72B)
Class com.google.wireless.android.sdk.stats.GradleBuildVariant$VariantType$1          : loaded 2 times (x 76B)
Class org.jetbrains.kotlin.gradle.plugin.KotlinPluginWrapperKt$kotlinToolingVersion$2 : loaded 2 times (x 78B)
Class com.android.build.gradle.internal.services.AndroidLocationsBuildService$AndroidDirectoryCreator$Params_Decorated: loaded 2 times (x 132B)
Class com.google.protobuf.Extension                                                   : loaded 2 times (x 85B)
Class com.google.wireless.android.sdk.stats.GradleBuildProfile                        : loaded 2 times (x 248B)
Class com.google.protobuf.MessageOrBuilder                                            : loaded 2 times (x 70B)
Class [Lio.opentelemetry.api.trace.ImmutableTraceFlags;                               : loaded 2 times (x 69B)
Class org.jetbrains.plugins.gradle.tooling.util.IntObjectMap$1                        : loaded 2 times (x 77B)
Class org.gradle.tooling.model.internal.ImmutableDomainObjectSet                      : loaded 2 times (x 155B)
Class org.gradle.internal.classloader.VisitableURLClassLoader$InstrumentingVisitableURLClassLoader: loaded 2 times (x 123B)
Class com.android.tools.r8.internal.gl                                                : loaded 2 times (x 124B)
Class org.apache.commons.io.FileUtils                                                 : loaded 2 times (x 71B)
Class [Lcom.android.builder.utils.SynchronizedFile$LockingType;                       : loaded 2 times (x 69B)
Class com.google.common.collect.MapMakerInternalMap$StrongKeyDummyValueEntry$Helper   : loaded 2 times (x 79B)
Class com.android.tools.r8.internal.qh0                                               : loaded 2 times (x 170B)
Class com.android.tools.r8.dex.m                                                      : loaded 2 times (x 72B)
Class com.android.tools.r8.dex.s0                                                     : loaded 2 times (x 77B)
Class com.android.tools.r8.shaking.e6                                                 : loaded 2 times (x 72B)
Class com.android.tools.r8.shaking.r3                                                 : loaded 2 times (x 73B)
Class com.android.tools.r8.internal.na0                                               : loaded 2 times (x 161B)
Class com.android.tools.r8.internal.j21                                               : loaded 2 times (x 71B)
Class com.android.tools.r8.internal.in2                                               : loaded 2 times (x 71B)
Class com.android.tools.r8.internal.ad0                                               : loaded 2 times (x 164B)
Class com.android.tools.r8.ir.optimize.d0                                             : loaded 2 times (x 72B)
Class com.android.tools.r8.internal.mz                                                : loaded 2 times (x 73B)
Class com.android.tools.r8.internal.ge3                                               : loaded 2 times (x 142B)
Class com.android.tools.r8.internal.js                                                : loaded 2 times (x 75B)
Class com.android.tools.r8.internal.y80                                               : loaded 2 times (x 70B)
Class com.android.tools.r8.internal.qb                                                : loaded 2 times (x 82B)
Class com.android.tools.r8.internal.lu2                                               : loaded 2 times (x 128B)
Class com.android.tools.r8.graph.f                                                    : loaded 2 times (x 73B)
Class com.android.tools.r8.internal.v10                                               : loaded 2 times (x 285B)
Class com.android.tools.r8.internal.dp$a                                              : loaded 2 times (x 79B)
Class com.android.tools.r8.internal.y2                                                : loaded 2 times (x 168B)
Class com.android.tools.r8.internal.pz3                                               : loaded 2 times (x 198B)
Class com.android.tools.r8.graph.v6                                                   : loaded 2 times (x 166B)
Class com.android.zipflinger.Zip64$Policy                                             : loaded 2 times (x 79B)
Class org.jetbrains.kotlin.statistics.fileloggers.MetricsContainer$Companion          : loaded 2 times (x 71B)
Class com.google.common.io.Files$FileByteSink                                         : loaded 2 times (x 77B)
Class com.google.wireless.android.sdk.stats.AndroidStudioEventOrBuilder               : loaded 2 times (x 70B)
Class com.android.builder.model.v2.ide.AndroidGradlePluginProjectFlags                : loaded 2 times (x 70B)
Class [Lcom.android.builder.model.v2.ide.AndroidGradlePluginProjectFlags$BooleanFlag; : loaded 2 times (x 69B)
Class com.android.build.gradle.internal.tasks.ProcessJavaResTaskKt$getProjectJavaRes$2$1: loaded 2 times (x 74B)
Class com.android.tools.r8.internal.hp1                                               : loaded 2 times (x 286B)
Class com.android.tools.r8.internal.bb1                                               : loaded 2 times (x 70B)
Class [Lcom.android.tools.r8.internal.xx3;                                            : loaded 2 times (x 69B)
Class com.android.tools.r8.graph.i9                                                   : loaded 2 times (x 72B)
Class com.android.tools.r8.graph.f2                                                   : loaded 2 times (x 151B)
Class com.android.tools.r8.internal.z61                                               : loaded 2 times (x 145B)
Class com.android.tools.r8.internal.wi3                                               : loaded 2 times (x 203B)
Class [Lorg.jetbrains.kotlin.gradle.tasks.KotlinCompilerExecutionStrategy;            : loaded 2 times (x 69B)
Class org.jetbrains.kotlin.gradle.tasks.FailedCompilationException                    : loaded 2 times (x 82B)
Class com.android.build.gradle.internal.res.GenerateLibraryRFileTask_Decorated        : loaded 2 times (x 409B)
Class com.android.builder.model.v2.ide.BasicVariant                                   : loaded 2 times (x 70B)
Class com.sun.xml.bind.v2.runtime.unmarshaller.UnmarshallerImpl                       : loaded 2 times (x 139B)
Class com.sun.xml.bind.v2.runtime.property.StructureLoaderBuilder                     : loaded 2 times (x 70B)
Class com.android.sdklib.repository.generated.addon.v1.ExtraDetailsType               : loaded 2 times (x 85B)
Class com.sun.xml.bind.v2.model.impl.RuntimeElementPropertyInfoImpl                   : loaded 2 times (x 139B)
Class com.sun.xml.bind.v2.model.impl.RuntimeBuiltinLeafInfoImpl$28                    : loaded 2 times (x 76B)
Class [Lcom.sun.xml.bind.v2.util.QNameMap$Entry;                                      : loaded 2 times (x 69B)
Class com.sun.xml.bind.unmarshaller.InfosetScanner                                    : loaded 2 times (x 70B)
Class com.android.build.gradle.internal.scope.InternalArtifactType$PREFAB_PACKAGE_CONFIGURATION: loaded 2 times (x 74B)
Class com.android.build.gradle.internal.SdkComponentsBuildService$sdkHandlerDelegate$1: loaded 2 times (x 79B)
Class com.android.build.gradle.tasks.PackageApplication$CreationAction$handleProvider$operationRequest$2: loaded 2 times (x 127B)
Class com.android.build.api.artifact.SingleArtifact$ASSETS                            : loaded 2 times (x 74B)
Class com.android.build.gradle.internal.publishing.AndroidArtifacts$ArtifactType      : loaded 2 times (x 79B)
Class com.amazon.ion.IonException                                                     : loaded 2 times (x 84B)
Class org.objectweb.asm.ByteVector                                                    : loaded 2 times (x 79B)
Class org.jetbrains.kotlin.gradle.plugin.KotlinGradleBuildServices$Parameters         : loaded 2 times (x 70B)
Class com.amazon.ion.util.GzipStreamInterceptor                                       : loaded 2 times (x 85B)
Class com.amazon.ion.impl.bin.IonManagedBinaryWriter$UserState$3                      : loaded 2 times (x 85B)
Class [Lcom.amazon.ion.impl.bin.IonRawBinaryWriter$StreamFlushMode;                   : loaded 2 times (x 69B)
Class com.amazon.ion.UnsupportedIonVersionException                                   : loaded 2 times (x 85B)
Class io.opentelemetry.api.trace.SpanId                                               : loaded 2 times (x 71B)
Class sync_studio_tooling1_8ty26kawrmmnydzznpae9c8kn                                  : loaded 2 times (x 171B)
Class kotlin.comparisons.ComparisonsKt__ComparisonsKt                                 : loaded 2 times (x 71B)
Class kotlin.ranges.RangesKt__RangesKt                                                : loaded 2 times (x 71B)
Class kotlin.collections.SetsKt___SetsKt                                              : loaded 2 times (x 71B)
Class kotlin.sequences.SequencesKt__SequencesKt                                       : loaded 2 times (x 71B)
Class kotlin.coroutines.Continuation                                                  : loaded 2 times (x 70B)
Class org.gradle.internal.classloader.VisitableURLClassLoader$Spec                    : loaded 2 times (x 74B)
Class org.gradle.internal.classpath.DefaultClassPath                                  : loaded 2 times (x 90B)
Class com.android.tools.r8.internal.sd3                                               : loaded 2 times (x 71B)
Class com.android.builder.errors.EvalIssueException                                   : loaded 2 times (x 82B)
Class com.android.tools.r8.internal.cm0                                               : loaded 2 times (x 161B)
Class com.android.tools.r8.dex.n                                                      : loaded 2 times (x 81B)
Class com.android.tools.r8.internal.ge4                                               : loaded 2 times (x 73B)
Class com.android.tools.r8.internal.ei2                                               : loaded 2 times (x 70B)
Class com.android.tools.r8.internal.gm                                                : loaded 2 times (x 71B)
Class com.android.tools.r8.internal.mc0                                               : loaded 2 times (x 112B)
Class com.android.tools.r8.internal.na1                                               : loaded 2 times (x 74B)
Class com.android.tools.r8.internal.qh1                                               : loaded 2 times (x 70B)
Class com.android.tools.r8.ir.optimize.d1                                             : loaded 2 times (x 78B)
Class [Lcom.android.ide.common.resources.FileStatus;                                  : loaded 2 times (x 69B)
Class com.android.tools.r8.internal.l6                                                : loaded 2 times (x 70B)
Class com.android.tools.r8.internal.b84                                               : loaded 2 times (x 288B)
Class com.android.tools.r8.internal.sq0                                               : loaded 2 times (x 78B)
Class com.android.tools.r8.internal.j22                                               : loaded 2 times (x 74B)
Class com.android.tools.r8.internal.y81                                               : loaded 2 times (x 330B)
Class com.android.tools.r8.internal.ad1                                               : loaded 2 times (x 70B)
Class com.google.wireless.android.sdk.stats.GradleTaskExecutionOrBuilder              : loaded 2 times (x 70B)
Class com.google.common.base.AbstractIterator                                         : loaded 2 times (x 80B)
Class com.android.build.gradle.internal.DependencyResourcesComputer$ResourceSourceSetInput: loaded 2 times (x 72B)
Class com.android.build.gradle.internal.tasks.DexMergingTask$SharedParams_Decorated   : loaded 2 times (x 138B)
Class com.android.ide.common.resources.DataMap                                        : loaded 2 times (x 70B)
Class com.android.builder.model.v2.ide.BundleInfo                                     : loaded 2 times (x 70B)
Class com.android.build.gradle.internal.tasks.ProcessJavaResTaskKt$getProjectJavaRes$2$2: loaded 2 times (x 74B)
Class com.android.tools.r8.internal.qc                                                : loaded 2 times (x 73B)
Class com.android.tools.r8.internal.o54                                               : loaded 2 times (x 284B)
Class com.android.tools.r8.internal.y3                                                : loaded 2 times (x 72B)
Class com.android.tools.r8.internal.wq                                                : loaded 2 times (x 88B)
Class com.android.tools.r8.internal.i41                                               : loaded 2 times (x 74B)
Class com.android.tools.r8.internal.v11                                               : loaded 2 times (x 138B)
Class com.android.tools.r8.graph.g                                                    : loaded 2 times (x 138B)
Class com.android.tools.r8.graph.f3                                                   : loaded 2 times (x 159B)
Class com.android.tools.r8.internal.zx                                                : loaded 2 times (x 83B)
Class com.android.tools.r8.origin.PathOrigin                                          : loaded 2 times (x 82B)
Class com.android.builder.model.v2.ide.SourceProvider                                 : loaded 2 times (x 70B)
Class com.sun.xml.bind.api.impl.NameConverter                                         : loaded 2 times (x 70B)
Class com.sun.xml.bind.v2.model.core.NonElement                                       : loaded 2 times (x 70B)
Class com.sun.xml.bind.v2.ContextFactory                                              : loaded 2 times (x 71B)
Class com.android.repository.impl.meta.SchemaModuleUtil                               : loaded 2 times (x 71B)
Class com.android.sdklib.repository.generated.common.v4.package-info                  : loaded 2 times (x 70B)
Class com.android.build.gradle.internal.errors.SyncIssueReporterImpl$GlobalSyncIssueService$Inject_: loaded 2 times (x 102B)
Class com.android.build.gradle.internal.scope.BuildArtifactType$JAVA_COMPILE_CLASSPATH: loaded 2 times (x 74B)
Class com.android.build.api.artifact.SingleArtifact$VERSION_CONTROL_INFO_FILE         : loaded 2 times (x 74B)
Class com.android.build.gradle.internal.scope.InternalArtifactType$JAVAC              : loaded 2 times (x 74B)
Class org.objectweb.asm.Symbol                                                        : loaded 2 times (x 73B)
Class com.android.ide.common.blame.SourcePosition                                     : loaded 2 times (x 71B)
Class org.jetbrains.kotlin.gradle.plugin.internal.DefaultMavenPublicationComponentAccessorFactory: loaded 2 times (x 76B)
Class org.jetbrains.kotlin.gradle.dsl.KotlinCommonCompilerOptions                     : loaded 2 times (x 70B)
Class com.google.protobuf.Reader                                                      : loaded 2 times (x 70B)
Class com.google.common.collect.Maps$UnmodifiableBiMap                                : loaded 2 times (x 153B)
Class jdk.internal.jimage.decompressor.ZipDecompressorFactory                         : loaded 2 times (x 74B)
Class com.amazon.ion.impl.bin.IonManagedBinaryWriter$SymbolState                      : loaded 2 times (x 80B)
Class com.amazon.ion.IonStruct                                                        : loaded 2 times (x 70B)
Class org.jetbrains.plugins.gradle.model.GradleBuildScriptClasspathModel              : loaded 2 times (x 70B)
Class kotlin.sequences.FilteringSequence                                              : loaded 2 times (x 75B)
Class kotlin.text.CharsKt__CharJVMKt                                                  : loaded 2 times (x 71B)
Class kotlin.comparisons.ComparisonsKt                                                : loaded 2 times (x 71B)
Class kotlin.comparisons.ComparisonsKt___ComparisonsKt                                : loaded 2 times (x 71B)
Class kotlin.coroutines.jvm.internal.BaseContinuationImpl                             : loaded 2 times (x 87B)
Class kotlin.Result$Companion                                                         : loaded 2 times (x 71B)
Class org.gradle.util.internal.DefaultGradleVersion                                   : loaded 2 times (x 82B)
Class com.android.tools.r8.internal.ol0                                               : loaded 2 times (x 161B)
Class [Lcom.android.tools.r8.graph.y5;                                                : loaded 2 times (x 69B)
Class com.android.tools.r8.internal.i0                                                : loaded 2 times (x 71B)
Class com.android.tools.r8.internal.y4                                                : loaded 2 times (x 284B)
Class com.android.tools.r8.internal.yb0                                               : loaded 2 times (x 78B)
Class com.android.tools.r8.internal.u31                                               : loaded 2 times (x 72B)
Class com.android.tools.r8.graph.proto.j                                              : loaded 2 times (x 72B)
Class com.android.tools.r8.internal.tk                                                : loaded 2 times (x 73B)
Class com.android.tools.r8.internal.gn                                                : loaded 2 times (x 71B)
Class com.android.tools.r8.ir.optimize.d2                                             : loaded 2 times (x 78B)
Class com.android.tools.r8.internal.t50                                               : loaded 2 times (x 80B)
Class com.android.tools.r8.internal.ad2                                               : loaded 2 times (x 79B)
Class com.android.tools.r8.internal.bo0                                               : loaded 2 times (x 94B)
Class com.android.tools.r8.dex.o                                                      : loaded 2 times (x 71B)
Class com.android.tools.r8.kotlin.b1                                                  : loaded 2 times (x 70B)
Class com.android.tools.r8.graph.s1                                                   : loaded 2 times (x 123B)
Class com.android.tools.r8.internal.sd4                                               : loaded 2 times (x 72B)
Class org.jetbrains.kotlin.gradle.tasks.AbstractKotlinCompile$friendPathsSet$1        : loaded 2 times (x 75B)
Class org.jetbrains.kotlin.statistics.metrics.BooleanOverridePolicy                   : loaded 2 times (x 85B)
Class com.google.protobuf.CodedInputStream$StreamDecoder                              : loaded 2 times (x 120B)
Class com.android.build.gradle.internal.tasks.ProcessJavaResTaskKt$getProjectJavaRes$2$3: loaded 2 times (x 75B)
Class com.android.tools.r8.internal.k04                                               : loaded 2 times (x 71B)
Class com.android.tools.r8.internal.cm1                                               : loaded 2 times (x 294B)
Class com.android.tools.r8.internal.i42                                               : loaded 2 times (x 70B)
Class com.android.tools.r8.graph.h                                                    : loaded 2 times (x 109B)
Class com.android.tools.r8.synthesis.t0                                               : loaded 2 times (x 105B)
Class com.android.tools.r8.graph.ka                                                   : loaded 2 times (x 70B)
Class com.android.tools.r8.graph.f4                                                   : loaded 2 times (x 74B)
Class com.android.tools.r8.internal.h61                                               : loaded 2 times (x 116B)
Class com.android.tools.r8.internal.n74                                               : loaded 2 times (x 70B)
Class org.jetbrains.kotlin.build.report.metrics.BuildAttributes                       : loaded 2 times (x 72B)
Class com.sun.xml.bind.v2.runtime.unmarshaller.UnmarshallingContext$DefaultRootLoader : loaded 2 times (x 80B)
Class com.sun.xml.bind.v2.runtime.reflect.PrimitiveArrayListerLong                    : loaded 2 times (x 76B)
Class com.sun.xml.bind.v2.model.core.ClassInfo                                        : loaded 2 times (x 70B)
Class com.android.repository.impl.generated.v1.package-info                           : loaded 2 times (x 70B)
Class com.android.sdklib.repository.generated.addon.v4.package-info                   : loaded 2 times (x 70B)
Class com.android.build.gradle.tasks.MergeSourceSetFolders                            : loaded 2 times (x 345B)
Class [Lorg.jetbrains.kotlin.gradle.report.BuildReportMode;                           : loaded 2 times (x 69B)
Class com.google.protobuf.AbstractMessage$BuilderParent                               : loaded 2 times (x 70B)
Class com.android.build.gradle.internal.manifest.ManifestValueSource$Params_Decorated : loaded 2 times (x 130B)
Class org.jetbrains.kotlin.gradle.report.UsesBuildMetricsService                      : loaded 2 times (x 70B)
Class org.jetbrains.kotlin.gradle.utils.ConfigurationCacheOpaqueValueSource           : loaded 2 times (x 79B)
Class com.android.builder.model.v2.models.VariantDependenciesAdjacencyList            : loaded 2 times (x 70B)
Class com.android.build.gradle.internal.SdkParsingUtilsKt                             : loaded 2 times (x 71B)
Class [Lio.opentelemetry.context.ThreadLocalContextStorage;                           : loaded 2 times (x 69B)
Class com.google.common.collect.Sets$FilteredSet                                      : loaded 2 times (x 137B)
Class org.gradle.internal.classloader.ClassLoaderSpec                                 : loaded 2 times (x 71B)
Class com.android.tools.r8.graph.kb                                                   : loaded 2 times (x 107B)
Class com.android.builder.packaging.PackagingUtils                                    : loaded 2 times (x 71B)
Class com.android.tools.r8.internal.xd0                                               : loaded 2 times (x 161B)
Class com.android.tools.r8.naming.q0                                                  : loaded 2 times (x 72B)
Class com.android.tools.r8.internal.u32                                               : loaded 2 times (x 76B)
Class com.android.tools.r8.internal.ad3                                               : loaded 2 times (x 79B)
Class com.android.tools.r8.internal.kg0                                               : loaded 2 times (x 170B)
Class com.android.tools.r8.graph.proto.k                                              : loaded 2 times (x 79B)
Class com.android.tools.r8.internal.le1                                               : loaded 2 times (x 84B)
Class com.android.tools.r8.internal.tl                                                : loaded 2 times (x 70B)
Class com.android.tools.r8.ir.optimize.q0                                             : loaded 2 times (x 72B)
Class com.android.tools.r8.internal.qe                                                : loaded 2 times (x 87B)
Class com.android.tools.r8.internal.um4                                               : loaded 2 times (x 301B)
Class com.android.tools.r8.internal.go                                                : loaded 2 times (x 72B)
Class com.android.tools.r8.internal.l8                                                : loaded 2 times (x 284B)
Class com.android.tools.r8.internal.t51                                               : loaded 2 times (x 226B)
Class com.android.tools.r8.internal.ft2                                               : loaded 2 times (x 70B)
Class com.android.tools.r8.graph.v9                                                   : loaded 2 times (x 108B)
Class com.android.tools.r8.internal.ol1                                               : loaded 2 times (x 71B)
Class com.google.common.io.ByteSource$EmptyByteSource                                 : loaded 2 times (x 85B)
Class com.android.build.gradle.internal.tasks.MergeNativeLibsTask$Companion           : loaded 2 times (x 71B)
Class [Lorg.jetbrains.kotlin.statistics.metrics.NumberOverridePolicy;                 : loaded 2 times (x 69B)
Class [Lorg.jetbrains.kotlin.gradle.dsl.ExplicitApiMode;                              : loaded 2 times (x 69B)
Class com.android.build.gradle.tasks.ExtractDeepLinksTask_Decorated                   : loaded 2 times (x 391B)
Class com.android.build.gradle.internal.AndroidJarInput_Decorated                     : loaded 2 times (x 128B)
Class com.android.tools.r8.internal.qu0                                               : loaded 2 times (x 286B)
Class com.android.tools.r8.internal.mc2                                               : loaded 2 times (x 70B)
Class com.android.tools.r8.internal.jv                                                : loaded 2 times (x 76B)
Class com.android.tools.r8.internal.bb4                                               : loaded 2 times (x 84B)
Class com.android.tools.r8.graph.f5                                                   : loaded 2 times (x 72B)
Class com.android.tools.r8.graph.s2                                                   : loaded 2 times (x 127B)
Class com.android.tools.r8.internal.ei4                                               : loaded 2 times (x 80B)
Class org.jetbrains.kotlin.gradle.tasks.DefaultKotlinJavaToolchain$DefaultJavaToolchainSetter: loaded 2 times (x 75B)
Class org.jetbrains.kotlin.build.report.metrics.BuildAttributeKind                    : loaded 2 times (x 79B)
Class com.sun.xml.bind.AccessorFactoryImpl                                            : loaded 2 times (x 81B)
Class com.sun.xml.bind.v2.model.core.MapPropertyInfo                                  : loaded 2 times (x 70B)
Class javax.xml.bind.ModuleUtil                                                       : loaded 2 times (x 71B)
Class com.android.repository.impl.meta.RepoPackageImpl$Archives                       : loaded 2 times (x 72B)
Class com.android.sdklib.repository.meta.SysImgFactory                                : loaded 2 times (x 72B)
Class com.android.build.gradle.internal.scope.InternalArtifactType$GLOBAL_SYNTHETICS_MIXED_SCOPE: loaded 2 times (x 74B)
Class org.jetbrains.kotlin.gradle.plugin.diagnostics.TransformActionUsingKotlinToolingDiagnostics$Parameters: loaded 2 times (x 70B)
Class com.android.build.gradle.internal.scope.InternalArtifactType$MANIFEST_METADATA  : loaded 2 times (x 74B)
Class com.android.build.gradle.internal.api.artifact.SourceArtifactType$KEEP_RULES    : loaded 2 times (x 74B)
Class com.android.build.gradle.internal.api.artifact.SourceArtifactType$RENDERSCRIPT  : loaded 2 times (x 74B)
Class org.objectweb.asm.AnnotationWriter                                              : loaded 2 times (x 79B)
Class org.jetbrains.kotlin.gradle.utils.StoredPropertyKt$projectStoredProperty$1      : loaded 2 times (x 78B)
Class com.android.prefs.VariableType                                                  : loaded 2 times (x 79B)
Class com.android.sdklib.repository.generated.repository.v1.LayoutlibType             : loaded 2 times (x 74B)
Class com.android.tools.analytics.Environment                                         : loaded 2 times (x 73B)
Class com.sun.xml.bind.v2.runtime.reflect.Accessor$1                                  : loaded 2 times (x 85B)
Class com.sun.xml.bind.v2.runtime.property.SingleReferenceNodeProperty                : loaded 2 times (x 102B)
Class com.amazon.ion.impl.IonWriterSystemTextMarkup                                   : loaded 2 times (x 192B)
Class com.amazon.ion.impl.bin.BlockAllocator                                          : loaded 2 times (x 80B)
Class kotlin.jvm.internal.FunctionReferenceImpl                                       : loaded 2 times (x 126B)
Class kotlin.collections.CollectionsKt___CollectionsJvmKt                             : loaded 2 times (x 71B)
Class com.android.tools.r8.internal.nn1                                               : loaded 2 times (x 79B)
Class com.google.common.collect.Interners                                             : loaded 2 times (x 71B)
Class com.android.tools.r8.internal.zm0                                               : loaded 2 times (x 161B)
Class com.android.tools.r8.internal.gb0                                               : loaded 2 times (x 161B)
Class com.android.tools.r8.OutputMode                                                 : loaded 2 times (x 79B)
Class com.android.tools.r8.dex.c0                                                     : loaded 2 times (x 72B)
Class com.android.tools.r8.internal.t52                                               : loaded 2 times (x 123B)
Class com.android.tools.r8.internal.ad4                                               : loaded 2 times (x 79B)
Class com.android.tools.r8.internal.wf0                                               : loaded 2 times (x 163B)
Class com.android.tools.r8.internal.jw                                                : loaded 2 times (x 294B)
Class com.android.tools.r8.internal.gp                                                : loaded 2 times (x 79B)
Class com.android.tools.r8.internal.tm                                                : loaded 2 times (x 212B)
Class com.android.tools.r8.internal.di                                                : loaded 2 times (x 78B)
Class com.android.tools.r8.internal.i44                                               : loaded 2 times (x 78B)
Class com.android.tools.r8.internal.r90                                               : loaded 2 times (x 70B)
Class com.android.tools.r8.internal.le2                                               : loaded 2 times (x 70B)
Class com.android.tools.r8.internal.dk4                                               : loaded 2 times (x 79B)
Class com.android.tools.r8.graph.f6                                                   : loaded 2 times (x 120B)
Class com.android.zipflinger.Zip64                                                    : loaded 2 times (x 71B)
Class org.jetbrains.kotlin.gradle.plugin.diagnostics.ToolingDiagnostic$Severity       : loaded 2 times (x 79B)
Class com.google.common.collect.ImmutableMultisetGwtSerializationDependencies         : loaded 2 times (x 125B)
Class com.sun.xml.bind.v2.runtime.unmarshaller.StructureLoader$1                      : loaded 2 times (x 71B)
Class com.google.common.io.LineProcessor                                              : loaded 2 times (x 70B)
Class com.android.tools.r8.internal.na4                                               : loaded 2 times (x 70B)
Class com.android.tools.r8.internal.y6                                                : loaded 2 times (x 106B)
Class com.android.tools.r8.naming.q1                                                  : loaded 2 times (x 80B)
Class com.android.tools.r8.graph.kc                                                   : loaded 2 times (x 70B)
Class [Lcom.android.tools.r8.graph.g5;                                                : loaded 2 times (x 69B)
Class com.android.tools.r8.graph.s3                                                   : loaded 2 times (x 73B)
Class com.android.tools.r8.internal.ev2                                               : loaded 2 times (x 70B)
Class org.jetbrains.kotlin.gradle.tasks.K2MultiplatformStructure$RefinesEdge          : loaded 2 times (x 72B)
Class com.android.sdklib.IAndroidTarget                                               : loaded 2 times (x 70B)
Class com.sun.xml.bind.DatatypeConverterImpl                                          : loaded 2 times (x 111B)
Class com.sun.xml.bind.v2.ClassFactory                                                : loaded 2 times (x 71B)
Class com.android.sdklib.repository.generated.addon.v2.MavenType                      : loaded 2 times (x 80B)
Class com.android.sdklib.repository.generated.repository.v4.SourceDetailsType         : loaded 2 times (x 123B)
Class com.android.repository.impl.generated.v2.LicenseRefType                         : loaded 2 times (x 77B)
Class com.android.sdklib.repository.AndroidSdkHandler$DefaultInstanceProvider         : loaded 2 times (x 75B)
Class com.android.sdklib.repository.generated.repository.v4.package-info              : loaded 2 times (x 70B)
Class com.android.repository.api.ProgressIndicatorAdapter                             : loaded 2 times (x 107B)
Class com.android.build.gradle.internal.SdkComponentsBuildService$VersionedSdkLoader  : loaded 2 times (x 72B)
Class com.android.build.gradle.internal.scope.InternalArtifactType$LOCAL_ONLY_SYMBOL_LIST: loaded 2 times (x 74B)
Class org.objectweb.asm.RecordComponentWriter                                         : loaded 2 times (x 78B)
Class com.android.tools.r8.graph.t5                                                   : loaded 2 times (x 74B)
Class org.jetbrains.kotlin.gradle.dsl.JvmTarget                                       : loaded 2 times (x 79B)
Class org.jetbrains.kotlin.gradle.internal.ClassLoadersCachingBuildService            : loaded 2 times (x 76B)
Class org.jetbrains.kotlin.gradle.plugin.internal.DefaultJavaExecTaskParametersCompatibility$Factory: loaded 2 times (x 76B)
Class [Lcom.android.builder.model.v2.ide.ProjectType;                                 : loaded 2 times (x 69B)
Class com.android.tools.analytics.CommonMetricsData$GarbageCollectionStatsDiffs       : loaded 2 times (x 71B)
Class com.android.tools.r8.synthesis.e0                                               : loaded 2 times (x 72B)
Class com.android.tools.r8.internal.dy3                                               : loaded 2 times (x 72B)
Class Settings_gradle$1$1                                                             : loaded 2 times (x 74B)
Class com.amazon.ion.system.IonWriterBuilderBase                                      : loaded 2 times (x 83B)
Class io.opentelemetry.api.trace.Tracer                                               : loaded 2 times (x 70B)
Class kotlin.TuplesKt                                                                 : loaded 2 times (x 71B)
Class kotlin.jvm.internal.markers.KMutableIterable                                    : loaded 2 times (x 70B)
Class kotlin.Unit                                                                     : loaded 2 times (x 71B)
Class kotlin.sequences.SequencesKt___SequencesJvmKt                                   : loaded 2 times (x 71B)
Class org.gradle.tooling.internal.adapter.ProtocolToModelAdapter$DefaultViewBuilder   : loaded 2 times (x 80B)
Class org.gradle.api.internal.classpath.Module$ModuleAlias                            : loaded 2 times (x 70B)
Class com.android.tools.r8.graph.xa                                                   : loaded 2 times (x 104B)
Class com.android.build.gradle.internal.tasks.DexMergingTask$SharedParams$MainDexListConfig$Inject_: loaded 2 times (x 107B)
Class com.android.tools.r8.internal.ik0                                               : loaded 2 times (x 161B)
Class com.android.tools.r8.internal.fd0                                               : loaded 2 times (x 163B)
Class com.android.tools.r8.BaseCompilerCommand                                        : loaded 2 times (x 96B)
Class com.android.tools.r8.internal.ac                                                : loaded 2 times (x 71B)
Class com.android.tools.r8.dex.r                                                      : loaded 2 times (x 73B)
Class com.android.tools.r8.shaking.b4                                                 : loaded 2 times (x 81B)
Class [Lcom.android.tools.r8.internal.h24;                                            : loaded 2 times (x 69B)
Class com.android.tools.r8.internal.sa0                                               : loaded 2 times (x 161B)
Class com.android.tools.r8.internal.s72                                               : loaded 2 times (x 70B)
Class com.android.tools.r8.internal.vh0                                               : loaded 2 times (x 167B)
Class com.android.tools.r8.internal.ji1                                               : loaded 2 times (x 299B)
Class com.android.tools.r8.internal.v0                                                : loaded 2 times (x 83B)
Class com.android.tools.r8.internal.wf1                                               : loaded 2 times (x 169B)
Class com.android.tools.r8.internal.tn                                                : loaded 2 times (x 71B)
Class com.android.tools.r8.ir.optimize.q2                                             : loaded 2 times (x 70B)
Class com.android.tools.r8.internal.ev3                                               : loaded 2 times (x 76B)
Class com.android.tools.r8.internal.r91                                               : loaded 2 times (x 70B)
Class com.android.tools.r8.internal.xd2                                               : loaded 2 times (x 75B)
Class com.android.tools.r8.internal.b51                                               : loaded 2 times (x 81B)
Class com.android.tools.r8.graph.f7                                                   : loaded 2 times (x 70B)
Class com.android.ide.common.resources.FileValidity                                   : loaded 2 times (x 76B)
Class [Lcom.android.builder.model.v2.ide.AaptOptions$Namespacing;                     : loaded 2 times (x 69B)
Class [Lorg.objectweb.asm.Label;                                                      : loaded 2 times (x 69B)
Class com.android.tools.r8.internal.h64                                               : loaded 2 times (x 79B)
Class com.android.tools.r8.internal.yo0                                               : loaded 2 times (x 94B)
Class com.android.tools.r8.graph.c0                                                   : loaded 2 times (x 74B)
Class com.android.tools.r8.internal.gq                                                : loaded 2 times (x 87B)
Class com.android.tools.r8.graph.k                                                    : loaded 2 times (x 134B)
Class com.android.tools.r8.graph.s4                                                   : loaded 2 times (x 72B)
Class com.android.tools.r8.internal.uz3                                               : loaded 2 times (x 144B)
Class com.android.tools.r8.internal.o21                                               : loaded 2 times (x 74B)
Class [Lorg.jetbrains.kotlin.compilerRunner.KotlinCompilerArgumentsLogLevel;          : loaded 2 times (x 69B)
Class org.jetbrains.kotlin.gradle.tasks.KotlinCompile_Decorated                       : loaded 2 times (x 607B)
Class com.sun.xml.bind.v2.runtime.reflect.ListIterator                                : loaded 2 times (x 70B)
Class com.sun.xml.bind.v2.model.impl.RuntimeModelBuilder$IDTransducerImpl             : loaded 2 times (x 88B)
Class com.android.sdklib.repository.generated.repository.v1.PlatformDetailsType       : loaded 2 times (x 126B)
Class javax.xml.bind.annotation.XmlElementRefs                                        : loaded 2 times (x 70B)
Class com.sun.xml.bind.v2.model.runtime.RuntimeElement                                : loaded 2 times (x 70B)
Class com.android.repository.impl.generated.v2.LicenseType                            : loaded 2 times (x 87B)
Class com.android.repository.impl.generated.v1.RepositoryType                         : loaded 2 times (x 86B)
Class com.android.sdklib.repository.generated.common.v4.ObjectFactory                 : loaded 2 times (x 75B)
Class com.android.sdklib.repository.generated.common.v2.LibraryType                   : loaded 2 times (x 90B)
Class com.android.sdklib.repository.generated.sysimg.v3.ObjectFactory                 : loaded 2 times (x 75B)
Class [Lcom.android.build.gradle.internal.SdkLocator$SdkLocationSource;               : loaded 2 times (x 69B)
Class [Lcom.android.build.gradle.internal.SdkType;                                    : loaded 2 times (x 69B)
Class com.android.build.gradle.internal.scope.BuildArtifactType                       : loaded 2 times (x 74B)
Class com.android.build.gradle.internal.dependency.DesugarGraph                       : loaded 2 times (x 75B)
Class com.android.build.gradle.internal.tasks.MergeNativeDebugMetadataTask            : loaded 2 times (x 335B)
Class org.objectweb.asm.Attribute                                                     : loaded 2 times (x 77B)
Class com.android.ide.common.gradle.Version$Companion$ParseState                      : loaded 2 times (x 70B)
Class org.jetbrains.kotlin.gradle.utils.StoredPropertyStorage                         : loaded 2 times (x 72B)
Class com.android.tools.analytics.HostData$memoryBean$2                               : loaded 2 times (x 78B)
Class com.android.tools.r8.internal.gc2                                               : loaded 2 times (x 71B)
Class com.android.tools.r8.internal.fe1                                               : loaded 2 times (x 70B)
Class com.android.build.gradle.options.SyncOptions$ErrorFormatMode                    : loaded 2 times (x 79B)
Class com.android.build.gradle.internal.errors.SyncIssueReporter                      : loaded 2 times (x 76B)
Class io.opentelemetry.api.trace.ArrayBasedTraceState                                 : loaded 2 times (x 86B)
Class io.opentelemetry.context.ContextKey                                             : loaded 2 times (x 70B)
Class io.opentelemetry.context.propagation.TextMapSetter                              : loaded 2 times (x 70B)
Class kotlin.ranges.RangesKt                                                          : loaded 2 times (x 71B)
Class org.gradle.tooling.internal.adapter.ProtocolToModelAdapter$ViewGraphDetails$1   : loaded 2 times (x 77B)
Class org.gradle.internal.classloader.VisitableURLClassLoader                         : loaded 2 times (x 117B)
Class ijKotlinCoroutineJvmDebugInit1_8mgdfgqb7rd1up130u15kmxt2$_run_closure1$_closure2: loaded 2 times (x 139B)
Class com.android.tools.r8.internal.ad                                                : loaded 2 times (x 74B)
Class com.android.tools.r8.internal.uj0                                               : loaded 2 times (x 161B)
Class com.android.tools.r8.internal.hm0                                               : loaded 2 times (x 161B)
Class com.android.tools.r8.internal.io0$a                                             : loaded 2 times (x 74B)
Class com.android.tools.r8.dex.s                                                      : loaded 2 times (x 72B)
Class com.android.tools.r8.internal.le4                                               : loaded 2 times (x 73B)
Class com.android.tools.r8.internal.ef0                                               : loaded 2 times (x 162B)
Class [Lcom.android.tools.r8.internal.tg0;                                            : loaded 2 times (x 69B)
Class [Lcom.android.tools.r8.internal.dc0;                                            : loaded 2 times (x 69B)
Class com.android.tools.r8.internal.ji2                                               : loaded 2 times (x 89B)
Class com.android.tools.r8.graph.c1                                                   : loaded 2 times (x 184B)
Class com.android.tools.r8.internal.dk                                                : loaded 2 times (x 79B)
Class com.android.tools.r8.internal.m60                                               : loaded 2 times (x 284B)
Class com.android.tools.r8.internal.n41                                               : loaded 2 times (x 74B)
Class com.android.tools.r8.internal.xq0                                               : loaded 2 times (x 70B)
Class com.android.tools.r8.internal.sa1                                               : loaded 2 times (x 74B)
Class com.android.tools.r8.graph.xb                                                   : loaded 2 times (x 74B)
Class com.android.tools.r8.internal.rc0                                               : loaded 2 times (x 110B)
Class com.android.tools.r8.internal.wf2                                               : loaded 2 times (x 75B)
Class com.android.tools.r8.internal.o22                                               : loaded 2 times (x 72B)
Class com.android.tools.r8.internal.to                                                : loaded 2 times (x 126B)
Class com.android.tools.r8.kotlin.o                                                   : loaded 2 times (x 70B)
Class com.android.tools.r8.graph.f8                                                   : loaded 2 times (x 75B)
Class com.android.tools.r8.internal.ik1                                               : loaded 2 times (x 82B)
Class com.google.common.io.CharSource$AsByteSource                                    : loaded 2 times (x 85B)
Class com.android.build.gradle.internal.DependencyResourcesComputer_Decorated         : loaded 2 times (x 141B)
Class com.android.build.gradle.internal.signing.SigningConfigProviderParams           : loaded 2 times (x 72B)
Class com.android.build.gradle.internal.signing.SigningConfigDataProvider             : loaded 2 times (x 72B)
Class [Lcom.android.tools.r8.internal.tc;                                             : loaded 2 times (x 69B)
Class com.android.tools.r8.internal.r92                                               : loaded 2 times (x 94B)
Class com.android.tools.r8.synthesis.d0                                               : loaded 2 times (x 77B)
Class com.android.tools.r8.internal.p03                                               : loaded 2 times (x 95B)
Class com.android.tools.r8.graph.s5                                                   : loaded 2 times (x 73B)
Class com.android.tools.r8.internal.vh1                                               : loaded 2 times (x 71B)
Class com.android.tools.r8.internal.a71                                               : loaded 2 times (x 76B)
Class com.android.tools.r8.internal.kg3                                               : loaded 2 times (x 70B)
Class [Lcom.android.tools.r8.graph.e9;                                                : loaded 2 times (x 69B)
Class com.google.common.base.Verify                                                   : loaded 2 times (x 71B)
Class com.sun.xml.bind.v2.runtime.unmarshaller.Scope                                  : loaded 2 times (x 72B)
Class javax.xml.bind.helpers.DefaultValidationEventHandler                            : loaded 2 times (x 75B)
Class javax.xml.bind.annotation.XmlElement$DEFAULT                                    : loaded 2 times (x 71B)
Class com.sun.xml.bind.v2.runtime.InternalBridge                                      : loaded 2 times (x 87B)
Class com.android.build.gradle.internal.SdkLocator$SdkLocationSource$TEST_SDK_DIRECTORY: loaded 2 times (x 80B)
Class com.google.common.util.concurrent.AbstractFuture$Waiter                         : loaded 2 times (x 72B)
Class com.android.prefs.AbstractAndroidLocations                                      : loaded 2 times (x 82B)
Class com.google.protobuf.ExtensionRegistryLite                                       : loaded 2 times (x 74B)
Class com.android.tools.r8.graph.d1                                                   : loaded 2 times (x 211B)
Class Settings_gradle                                                                 : loaded 2 times (x 124B)
Class [Lcom.amazon.ion.SymbolTable;                                                   : loaded 2 times (x 69B)
Class com.amazon.ion.impl.bin.IonBinaryWriterAdapter$Factory                          : loaded 2 times (x 70B)
Class com.amazon.ion.impl.BlockedBuffer$BufferedOutputStream                          : loaded 2 times (x 90B)
Class org.jetbrains.plugins.gradle.tooling.serialization.ExternalTestsSerializationService$ReadContext: loaded 2 times (x 72B)
Class kotlin.sequences.FlatteningSequence$iterator$1                                  : loaded 2 times (x 79B)
Class kotlin.jvm.functions.Function0                                                  : loaded 2 times (x 70B)
Class kotlin.collections.ArraysUtilJVM                                                : loaded 2 times (x 71B)
Class org.jetbrains.kotlin.statistics.metrics.StringAnonymizationPolicy$AllowedListAnonymizer: loaded 2 times (x 79B)
Class org.jetbrains.kotlin.build.report.metrics.GcMetric                              : loaded 2 times (x 71B)
Class org.gradle.tooling.model.idea.IdeaDependency                                    : loaded 2 times (x 70B)
Class com.google.common.collect.ImmutableList$SerializedForm                          : loaded 2 times (x 73B)
Class com.android.builder.dexing.D8DexArchiveBuilder                                  : loaded 2 times (x 73B)
Class com.google.common.collect.MapMakerInternalMap                                   : loaded 2 times (x 161B)
Class com.android.tools.r8.internal.dh0                                               : loaded 2 times (x 162B)
Class com.android.tools.r8.internal.y9                                                : loaded 2 times (x 72B)
Class com.android.tools.r8.dex.p0                                                     : loaded 2 times (x 77B)
Class com.android.tools.r8.ByteDataView                                               : loaded 2 times (x 72B)
Class com.android.tools.r8.dex.t                                                      : loaded 2 times (x 81B)
Class com.android.tools.r8.graph.c2                                                   : loaded 2 times (x 129B)
Class com.android.tools.r8.internal.xd4                                               : loaded 2 times (x 73B)
Class com.android.tools.r8.shaking.o3                                                 : loaded 2 times (x 74B)
Class com.android.tools.r8.internal.hm1                                               : loaded 2 times (x 75B)
Class com.android.tools.r8.internal.ji3                                               : loaded 2 times (x 75B)
Class com.android.tools.r8.internal.cz3                                               : loaded 2 times (x 197B)
Class com.android.tools.r8.internal.qe0                                               : loaded 2 times (x 161B)
Class com.android.tools.r8.internal.p04                                               : loaded 2 times (x 72B)
Class com.android.tools.r8.internal.z31                                               : loaded 2 times (x 72B)
Class com.android.tools.r8.ir.optimize.a                                              : loaded 2 times (x 123B)
Class com.android.tools.r8.internal.tl0                                               : loaded 2 times (x 168B)
Class com.android.tools.r8.references.a                                               : loaded 2 times (x 89B)
Class com.android.tools.r8.internal.dl                                                : loaded 2 times (x 106B)
Class com.android.tools.r8.internal.ik2                                               : loaded 2 times (x 81B)
Class com.android.tools.r8.ir.optimize.a0                                             : loaded 2 times (x 72B)
Class com.android.tools.r8.graph.xc                                                   : loaded 2 times (x 73B)
Class com.android.tools.r8.internal.gs                                                : loaded 2 times (x 74B)
Class [Lcom.android.tools.r8.graph.n1;                                                : loaded 2 times (x 69B)
Class com.android.tools.r8.graph.s6                                                   : loaded 2 times (x 166B)
Class com.android.tools.r8.graph.f9                                                   : loaded 2 times (x 76B)
Class com.android.builder.model.v2.ide.AaptOptions                                    : loaded 2 times (x 70B)
Class [Lcom.android.builder.model.v2.ide.BytecodeTransformation;                      : loaded 2 times (x 69B)
Class com.android.tools.r8.androidapi.a$a                                             : loaded 2 times (x 79B)
Class com.android.tools.r8.internal.ae                                                : loaded 2 times (x 70B)
Class [Lcom.android.tools.r8.internal.zt2;                                            : loaded 2 times (x 69B)
Class com.android.tools.r8.internal.go0                                               : loaded 2 times (x 75B)
Class com.android.tools.r8.internal.ws0                                               : loaded 2 times (x 82B)
Class com.android.tools.r8.internal.m61                                               : loaded 2 times (x 146B)
Class com.sun.xml.bind.v2.runtime.unmarshaller.LocatorEx                              : loaded 2 times (x 70B)
Class com.android.sdklib.repository.meta.DetailsTypes$MavenType                       : loaded 2 times (x 70B)
Class com.sun.xml.bind.v2.model.core.ElementPropertyInfo                              : loaded 2 times (x 70B)
Class com.sun.xml.bind.v2.model.impl.RuntimeElementInfoImpl                           : loaded 2 times (x 119B)
Class com.android.repository.api.RemotePackage                                        : loaded 2 times (x 70B)
Class com.android.sdklib.repository.generated.sysimg.v5.package-info                  : loaded 2 times (x 70B)
Class com.android.sdklib.repository.generated.sysimg.v1.package-info                  : loaded 2 times (x 70B)
Class com.android.sdklib.repository.meta.DetailsTypes$SourceDetailsType               : loaded 2 times (x 70B)
Class com.android.tools.r8.internal.px2                                               : loaded 2 times (x 76B)
Class com.android.tools.r8.internal.yc4                                               : loaded 2 times (x 75B)
Class org.objectweb.asm.Handler                                                       : loaded 2 times (x 72B)
Class com.android.ide.common.gradle.Version$Companion                                 : loaded 2 times (x 71B)
Class com.android.builder.profile.ThreadRecorder                                      : loaded 2 times (x 76B)
Class com.android.tools.r8.graph.o7$a                                                 : loaded 2 times (x 70B)
Class com.android.tools.r8.graph.g8                                                   : loaded 2 times (x 72B)
Class com.android.tools.analytics.AnalyticsSettingsData$Companion                     : loaded 2 times (x 71B)
Class com.android.tools.r8.internal.uo                                                : loaded 2 times (x 124B)
Class com.android.tools.r8.internal.ek                                                : loaded 2 times (x 70B)
Class com.google.gson.InstanceCreator                                                 : loaded 2 times (x 70B)
Class jdk.internal.jimage.decompressor.ZipDecompressor                                : loaded 2 times (x 75B)
Class com.amazon.ion.impl.bin.AbstractIonWriter$WriteValueOptimization                : loaded 2 times (x 79B)
Class kotlin.collections.AbstractMutableList                                          : loaded 2 times (x 206B)
Class kotlin.jvm.functions.Function1                                                  : loaded 2 times (x 70B)
Class com.android.tools.r8.internal.cj0                                               : loaded 2 times (x 161B)
Class com.android.tools.r8.ir.optimize.a1                                             : loaded 2 times (x 83B)
Class com.android.tools.r8.ir.optimize.b                                              : loaded 2 times (x 72B)
Class com.android.tools.r8.internal.tl1                                               : loaded 2 times (x 288B)
Class com.android.tools.r8.internal.dm                                                : loaded 2 times (x 71B)
Class com.android.tools.r8.internal.dh1                                               : loaded 2 times (x 70B)
Class com.android.tools.r8.internal.ji4                                               : loaded 2 times (x 284B)
Class com.android.tools.r8.references.b                                               : loaded 2 times (x 89B)
Class com.android.tools.r8.internal.fd3                                               : loaded 2 times (x 70B)
Class com.android.tools.r8.internal.aa1                                               : loaded 2 times (x 77B)
Class com.google.common.collect.Serialization                                         : loaded 2 times (x 71B)
Class com.android.tools.r8.internal.nc                                                : loaded 2 times (x 72B)
Class com.android.tools.r8.internal.v3                                                : loaded 2 times (x 72B)
Class com.android.tools.r8.graph.p0                                                   : loaded 2 times (x 70B)
Class com.android.tools.r8.graph.c3                                                   : loaded 2 times (x 70B)
Class com.android.tools.r8.internal.wx                                                : loaded 2 times (x 92B)
Class [Lcom.android.tools.r8.graph.m3;                                                : loaded 2 times (x 69B)
Class com.android.tools.r8.origin.Origin                                              : loaded 2 times (x 81B)
Class com.android.tools.r8.internal.y51                                               : loaded 2 times (x 93B)
Class org.jetbrains.kotlin.incremental.IncrementalCompilationFeatures                 : loaded 2 times (x 71B)
Class com.sun.xml.bind.v2.runtime.unmarshaller.StructureLoader                        : loaded 2 times (x 78B)
Class com.sun.xml.bind.v2.runtime.reflect.Accessor$SetterOnlyReflection               : loaded 2 times (x 85B)
Class com.sun.xml.bind.v2.model.impl.ElementPropertyInfoImpl                          : loaded 2 times (x 123B)
Class com.sun.xml.bind.v2.model.impl.TypeInfoSetImpl$1                                : loaded 2 times (x 80B)
Class com.sun.xml.bind.v2.model.runtime.RuntimeArrayInfo                              : loaded 2 times (x 70B)
Class com.android.repository.impl.generated.generic.v2.ObjectFactory                  : loaded 2 times (x 75B)
Class com.android.repository.impl.generated.v1.DependenciesType                       : loaded 2 times (x 75B)
Class com.android.build.gradle.internal.scope.InternalArtifactType$LINT_VITAL_LINT_MODEL: loaded 2 times (x 74B)
Class com.android.build.gradle.internal.dependency.IdentityTransform$Parameters_Decorated: loaded 2 times (x 135B)
Class com.android.build.gradle.internal.scope.InternalArtifactType$UNIT_TEST_CONFIG_DIRECTORY: loaded 2 times (x 74B)
Class com.android.build.gradle.tasks.ProcessTestManifest                              : loaded 2 times (x 361B)
Class com.android.build.gradle.internal.scope.InternalArtifactType$EXTERNAL_FILE_LIB_DEX_ARCHIVES: loaded 2 times (x 74B)
Class org.jetbrains.kotlin.gradle.plugin.diagnostics.KotlinToolingDiagnosticsCollector: loaded 2 times (x 76B)
Class com.android.build.gradle.internal.scope.InternalArtifactType$COMPILE_APP_CLASSES_JAR: loaded 2 times (x 74B)
Class com.android.build.gradle.internal.scope.InternalArtifactType$ANDROID_RES_SOURCE_SET_PATH_MAP: loaded 2 times (x 74B)
Class com.android.builder.model.v2.models.ndk.NativeModelBuilderParameter             : loaded 2 times (x 70B)
Class com.android.build.gradle.internal.api.artifact.SourceArtifactType               : loaded 2 times (x 74B)
Class org.jetbrains.kotlin.gradle.utils.FileUtilsKt                                   : loaded 2 times (x 71B)
Class com.android.tools.r8.internal.zn2                                               : loaded 2 times (x 78B)
Class com.android.tools.r8.ir.analysis.value.a                                        : loaded 2 times (x 190B)
Class com.android.tools.r8.internal.uk0                                               : loaded 2 times (x 161B)
Class com.android.tools.r8.internal.xe3                                               : loaded 2 times (x 111B)
Class [Lcom.android.tools.analytics.Environment$EnvironmentVariable;                  : loaded 2 times (x 69B)
Class com.android.SdkConstants                                                        : loaded 2 times (x 71B)
Class com.android.tools.r8.internal.p13                                               : loaded 2 times (x 71B)
Class com.android.tools.r8.internal.w1                                                : loaded 2 times (x 118B)
Class com.amazon.ion.impl.bin.BlockAllocatorProvider                                  : loaded 2 times (x 72B)
Class io.opentelemetry.api.trace.ArrayBasedTraceStateBuilder                          : loaded 2 times (x 77B)
Class org.jetbrains.plugins.gradle.tooling.serialization.internal.IdeaProjectSerializationService$WriteContext: loaded 2 times (x 72B)
Class com.intellij.gradle.toolingExtension.impl.model.sourceSetDependencyModel.GradleSourceSetDependencySerialisationService: loaded 2 times (x 77B)
Class org.jetbrains.plugins.gradle.model.GradleSourceSetModel                         : loaded 2 times (x 70B)
Class kotlin.KotlinNothingValueException                                              : loaded 2 times (x 82B)
Class kotlin.jvm.functions.Function2                                                  : loaded 2 times (x 70B)
Class org.gradle.internal.classpath.DefaultClassPath$ImmutableUniqueList$Builder      : loaded 2 times (x 75B)
Class com.android.builder.dexing.D8DexArchiveBuilder$InterceptingDiagnosticsHandler   : loaded 2 times (x 89B)
Class com.android.utils.concurrency.ReadWriteProcessLock$1                            : loaded 2 times (x 73B)
Class com.google.common.collect.MapMakerInternalMap$WeakValueReference                : loaded 2 times (x 70B)
Class com.android.tools.r8.internal.lb0                                               : loaded 2 times (x 161B)
Class com.android.tools.r8.dex.v                                                      : loaded 2 times (x 76B)
Class [Lcom.android.tools.r8.graph.q6$d;                                              : loaded 2 times (x 69B)
Class com.android.tools.r8.internal.oi0                                               : loaded 2 times (x 161B)
Class com.android.tools.r8.internal.l82                                               : loaded 2 times (x 70B)
Class com.android.tools.r8.internal.ef3                                               : loaded 2 times (x 70B)
Class com.android.tools.r8.internal.bl0                                               : loaded 2 times (x 171B)
Class com.android.tools.r8.internal.dh2                                               : loaded 2 times (x 82B)
Class com.android.tools.r8.graph.ha                                                   : loaded 2 times (x 76B)
Class com.android.tools.r8.internal.nd                                                : loaded 2 times (x 90B)
Class com.android.tools.r8.internal.qk                                                : loaded 2 times (x 71B)
Class com.android.tools.r8.references.c                                               : loaded 2 times (x 89B)
Class com.android.tools.r8.internal.rp0                                               : loaded 2 times (x 77B)
Class com.android.tools.r8.ir.optimize.c                                              : loaded 2 times (x 70B)
Class com.android.ide.common.resources.FileStatus                                     : loaded 2 times (x 79B)
Class com.android.tools.r8.internal.es0                                               : loaded 2 times (x 70B)
Class com.android.tools.r8.internal.v4                                                : loaded 2 times (x 73B)
Class com.android.tools.r8.internal.ik4                                               : loaded 2 times (x 70B)
Class com.google.wireless.android.sdk.stats.GradleTaskExecution                       : loaded 2 times (x 205B)
Class com.android.zipflinger.ZipSource                                                : loaded 2 times (x 81B)
Class com.android.tools.r8.internal.go2                                               : loaded 2 times (x 80B)
Class com.android.tools.r8.threading.ThreadingModuleProvider                          : loaded 2 times (x 70B)
Class com.android.tools.r8.internal.sa4                                               : loaded 2 times (x 83B)
Class com.android.tools.r8.graph.g7$a                                                 : loaded 2 times (x 78B)
Class com.android.tools.r8.internal.fd4                                               : loaded 2 times (x 70B)
Class com.android.tools.r8.internal.w90                                               : loaded 2 times (x 77B)
Class com.android.tools.r8.internal.a74                                               : loaded 2 times (x 71B)
Class com.android.tools.r8.internal.aa2                                               : loaded 2 times (x 89B)
Class com.android.tools.r8.synthesis.q0                                               : loaded 2 times (x 72B)
Class com.android.tools.r8.internal.ws2                                               : loaded 2 times (x 70B)
Class com.android.build.gradle.internal.dependency.JdkImageTransform$Inject_1         : loaded 2 times (x 110B)
Class com.android.tools.r8.internal.eg0                                               : loaded 2 times (x 163B)
Class com.sun.xml.bind.v2.runtime.unmarshaller.Intercepter                            : loaded 2 times (x 70B)
Class javax.xml.bind.annotation.adapters.XmlJavaTypeAdapters                          : loaded 2 times (x 70B)
Class [Ljavax.xml.bind.annotation.XmlAccessOrder;                                     : loaded 2 times (x 69B)
Class com.android.sdklib.repository.meta.AddonFactory                                 : loaded 2 times (x 74B)
Class com.android.sdklib.repository.AndroidSdkHandler$Companion                       : loaded 2 times (x 71B)
Class com.android.build.gradle.internal.SdkDirectLoadingStrategy$Companion            : loaded 2 times (x 71B)
Class com.android.build.gradle.internal.scope.InternalArtifactType$FULL_JAR           : loaded 2 times (x 74B)
Class com.android.build.gradle.internal.dependency.AarResourcesCompilerTransform$Inject_1: loaded 2 times (x 109B)
Class com.android.build.gradle.internal.cxx.configure.NdkLocator                      : loaded 2 times (x 72B)
Class com.android.build.gradle.internal.tasks.CheckDuplicateClassesTask               : loaded 2 times (x 334B)
Class com.android.build.gradle.internal.scope.InternalArtifactType$JAVA_RES           : loaded 2 times (x 74B)
Class [Lcom.android.build.gradle.tasks.MergeResources$Flag;                           : loaded 2 times (x 69B)
Class org.jetbrains.kotlin.gradle.plugin.internal.DefaultConfigurationCacheStartParameterAccessorVariantFactory: loaded 2 times (x 76B)
Class org.jetbrains.kotlin.gradle.dsl.KotlinCommonCompilerToolOptions                 : loaded 2 times (x 70B)
Class [Lcom.android.prefs.LocationValue;                                              : loaded 2 times (x 69B)
Class com.android.tools.r8.internal.wg2                                               : loaded 2 times (x 73B)
Class com.android.tools.r8.internal.n51                                               : loaded 2 times (x 92B)
Class com.android.tools.r8.graph.yb                                                   : loaded 2 times (x 84B)
Class com.android.builder.dexing.JarClassFileInput$JarClassFileInputsException        : loaded 2 times (x 82B)
Class com.google.common.util.concurrent.TrustedListenableFutureTask                   : loaded 2 times (x 126B)
Class com.android.build.gradle.internal.plugins.LibraryPlugin                         : loaded 2 times (x 97B)
Class com.amazon.ion.impl.lite.IonSequenceLite                                        : loaded 2 times (x 433B)
Class com.amazon.ion.impl._Private_Utils$1                                            : loaded 2 times (x 98B)
Class com.amazon.ion.impl.SymbolTableAsStruct                                         : loaded 2 times (x 70B)
Class io.opentelemetry.api.trace.TracerProvider                                       : loaded 2 times (x 70B)
Class com.android.ide.gradle.model.dependencies.Coordinates                           : loaded 2 times (x 70B)
Class com.google.common.collect.AbstractRangeSet                                      : loaded 2 times (x 114B)
Class kotlin.collections.MapsKt___MapsJvmKt                                           : loaded 2 times (x 71B)
Class org.gradle.tooling.internal.adapter.WeakIdentityHashMap$AbsentValueProvider     : loaded 2 times (x 70B)
Class com.android.tools.r8.graph.hb                                                   : loaded 2 times (x 105B)
Class com.android.tools.r8.graph.s9                                                   : loaded 2 times (x 77B)
Class com.android.utils.concurrency.ReadWriteProcessLock$2                            : loaded 2 times (x 73B)
Class com.android.tools.r8.internal.t21                                               : loaded 2 times (x 72B)
Class com.android.tools.r8.ir.optimize.d                                              : loaded 2 times (x 71B)
Class com.android.tools.r8.internal.an0                                               : loaded 2 times (x 161B)
Class com.android.tools.r8.internal.nk0                                               : loaded 2 times (x 161B)
Class com.android.tools.r8.dex.w                                                      : loaded 2 times (x 72B)
Class com.android.tools.r8.internal.fq2                                               : loaded 2 times (x 278B)
Class com.android.tools.r8.internal.ef4                                               : loaded 2 times (x 73B)
Class com.android.tools.r8.SourceFileEnvironment                                      : loaded 2 times (x 70B)
Class com.android.tools.r8.internal.s40                                               : loaded 2 times (x 74B)
Class com.android.tools.r8.internal.xa0                                               : loaded 2 times (x 161B)
Class com.android.tools.r8.internal.kd0                                               : loaded 2 times (x 164B)
Class com.android.tools.r8.internal.uj4                                               : loaded 2 times (x 72B)
Class com.android.tools.r8.internal.x72                                               : loaded 2 times (x 71B)
Class com.android.tools.r8.internal.f1                                                : loaded 2 times (x 298B)
Class com.android.tools.r8.internal.m64                                               : loaded 2 times (x 288B)
Class com.android.tools.r8.internal.bl1                                               : loaded 2 times (x 79B)
Class com.android.tools.r8.internal.wz                                                : loaded 2 times (x 99B)
Class com.android.tools.r8.references.d                                               : loaded 2 times (x 89B)
Class com.android.tools.r8.internal.w91                                               : loaded 2 times (x 296B)
Class com.android.tools.r8.internal.ne                                                : loaded 2 times (x 87B)
Class com.android.tools.r8.internal.qr0                                               : loaded 2 times (x 78B)
Class com.android.tools.r8.internal.c00                                               : loaded 2 times (x 84B)
Class com.android.tools.r8.internal.ix2                                               : loaded 2 times (x 78B)
Class com.android.tools.r8.internal.ql                                                : loaded 2 times (x 125B)
Class com.android.tools.r8.internal.g51                                               : loaded 2 times (x 81B)
Class com.android.tools.r8.shaking.b9                                                 : loaded 2 times (x 96B)
Class com.android.tools.r8.internal.cj2                                               : loaded 2 times (x 88B)
Class com.android.utils.PathUtils                                                     : loaded 2 times (x 71B)
Class com.android.build.gradle.internal.tasks.DexArchiveBuilderTask$Companion         : loaded 2 times (x 71B)
Class com.android.build.gradle.internal.tasks.StripDebugSymbolsTask_Decorated         : loaded 2 times (x 392B)
Class org.jetbrains.kotlin.gradle.plugin.statistics.FlowActionBuildFusService$Companion: loaded 2 times (x 71B)
Class org.jetbrains.kotlin.statistics.metrics.StringAnonymizationPolicy$ComponentVersionAnonymizer: loaded 2 times (x 78B)
Class com.android.buildanalyzer.common.AndroidGradlePluginAttributionData$JavaInfo    : loaded 2 times (x 72B)
Class com.android.tools.r8.internal.vu2                                               : loaded 2 times (x 71B)
Class [Lcom.android.tools.r8.androidapi.f$a;                                          : loaded 2 times (x 69B)
Class com.android.tools.r8.internal.sn2                                               : loaded 2 times (x 106B)
Class com.android.tools.r8.internal.v5                                                : loaded 2 times (x 84B)
Class com.android.tools.r8.graph.c5                                                   : loaded 2 times (x 73B)
Class com.android.tools.r8.DiagnosticsHandler                                         : loaded 2 times (x 70B)
Class org.jetbrains.kotlin.build.report.metrics.BuildPerformanceMetrics$Companion     : loaded 2 times (x 71B)
Class com.android.tools.r8.internal.bd                                                : loaded 2 times (x 74B)
Class [Lcom.sun.xml.bind.v2.runtime.property.PropertyImpl;                            : loaded 2 times (x 69B)
Class com.sun.xml.bind.v2.runtime.IllegalAnnotationException                          : loaded 2 times (x 86B)
Class com.sun.xml.bind.v2.model.impl.RuntimeEnumLeafInfoImpl                          : loaded 2 times (x 149B)
Class javax.xml.bind.JAXBIntrospector                                                 : loaded 2 times (x 73B)
Class com.android.repository.api.SettingsController                                   : loaded 2 times (x 70B)
Class com.android.build.gradle.internal.scope.InternalArtifactType$AIDL_PARCELABLE    : loaded 2 times (x 74B)
Class com.android.build.gradle.internal.dependency.AarTransform$Companion             : loaded 2 times (x 71B)
Class com.android.build.gradle.internal.tasks.MergeJavaResourceTask                   : loaded 2 times (x 368B)
Class com.android.build.gradle.internal.tasks.ProcessNavigationXmlTask                : loaded 2 times (x 339B)
Class com.android.build.gradle.internal.scope.InternalArtifactType$CHECK_MANIFEST_RESULT: loaded 2 times (x 74B)
Class com.android.build.gradle.internal.scope.InternalArtifactType$NESTED_RESOURCES_VALIDATION_REPORT: loaded 2 times (x 74B)
Class org.gradle.internal.classloader.ClassLoaderHierarchy                            : loaded 2 times (x 70B)
Class org.jetbrains.kotlin.gradle.report.ReportingSettings                            : loaded 2 times (x 72B)
Class kotlin.collections.CollectionsKt__ReversedViewsKt                               : loaded 2 times (x 71B)
Class kotlin.sequences.SequencesKt__SequenceBuilderKt                                 : loaded 2 times (x 71B)
Class com.google.gson.TypeAdapter$1                                                   : loaded 2 times (x 74B)
Class kotlin.io.FilesKt__FileTreeWalkKt                                               : loaded 2 times (x 71B)
Class kotlin.jvm.internal.CollectionToArray                                           : loaded 2 times (x 71B)
Class kotlin.sequences.FilteringSequence$iterator$1                                   : loaded 2 times (x 79B)
Class com.intellij.gradle.toolingExtension.impl.model.sourceSetModel.GradleSourceSetSerialisationService$Companion: loaded 2 times (x 71B)
Class com.amazon.ion.impl.bin.AbstractIonWriter                                       : loaded 2 times (x 160B)
Class io.opentelemetry.api.trace.AutoValue_ArrayBasedTraceState                       : loaded 2 times (x 87B)
Class gnu.trove.TObjectHash                                                           : loaded 2 times (x 94B)
Class org.jetbrains.plugins.gradle.tooling.util.ObjectCollector$Processor             : loaded 2 times (x 70B)
Class kotlin.jvm.functions.Function4                                                  : loaded 2 times (x 70B)
Class kotlin.collections.EmptySet                                                     : loaded 2 times (x 122B)
Class kotlin.annotation.Target                                                        : loaded 2 times (x 70B)
Class kotlin.collections.CollectionsKt___CollectionsKt                                : loaded 2 times (x 71B)
Class com.amazon.ion.impl._Private_IonValue                                           : loaded 2 times (x 70B)
Class org.gradle.internal.exceptions.NonGradleCauseExceptionsHolder                   : loaded 2 times (x 70B)
Class org.gradle.tooling.model.idea.IdeaModuleDependency                              : loaded 2 times (x 70B)
Class org.gradle.tooling.internal.adapter.ViewBuilder                                 : loaded 2 times (x 70B)
Class com.android.tools.r8.internal.t22                                               : loaded 2 times (x 70B)
Class com.amazon.ion.impl.bin.IonManagedBinaryWriter$UserState$2                      : loaded 2 times (x 85B)
Class org.apache.commons.io.StandardLineSeparator                                     : loaded 2 times (x 79B)
Class com.android.utils.concurrency.ReadWriteProcessLock$3                            : loaded 2 times (x 73B)
Class com.android.tools.r8.internal.gw                                                : loaded 2 times (x 70B)
Class com.android.tools.r8.internal.hz2                                               : loaded 2 times (x 72B)
Class com.android.tools.r8.ir.optimize.e                                              : loaded 2 times (x 72B)
Class com.android.tools.r8.dex.x                                                      : loaded 2 times (x 72B)
Class com.android.tools.r8.internal.zj0                                               : loaded 2 times (x 161B)
Class com.android.tools.r8.internal.wc0                                               : loaded 2 times (x 161B)
Class com.android.tools.r8.internal.qe4                                               : loaded 2 times (x 73B)
Class com.android.tools.r8.internal.nk1                                               : loaded 2 times (x 94B)
Class com.android.tools.r8.internal.cw0                                               : loaded 2 times (x 74B)
Class com.android.tools.r8.internal.oi2                                               : loaded 2 times (x 71B)
Class com.android.tools.r8.internal.jf0                                               : loaded 2 times (x 161B)
Class com.android.tools.r8.internal.cj3                                               : loaded 2 times (x 159B)
Class com.android.tools.r8.internal.b20                                               : loaded 2 times (x 75B)
Class com.android.tools.r8.internal.c01                                               : loaded 2 times (x 72B)
Class com.android.tools.r8.internal.xa1                                               : loaded 2 times (x 71B)
Class com.android.tools.r8.internal.r60                                               : loaded 2 times (x 284B)
Class com.android.tools.r8.internal.pg3                                               : loaded 2 times (x 70B)
Class com.android.tools.r8.references.e                                               : loaded 2 times (x 89B)
Class com.android.tools.r8.internal.qm                                                : loaded 2 times (x 79B)
Class com.android.tools.r8.internal.ai                                                : loaded 2 times (x 72B)
Class com.android.tools.r8.internal.dp                                                : loaded 2 times (x 125B)
Class com.android.tools.r8.internal.es2                                               : loaded 2 times (x 114B)
Class com.google.common.io.CharSource$EmptyCharSource                                 : loaded 2 times (x 86B)
Class org.jetbrains.kotlin.gradle.plugin.statistics.NonSynchronizedMetricsContainer$MetricDescriptor: loaded 2 times (x 75B)
Class com.android.builder.model.v2.ide.AndroidLibraryData                             : loaded 2 times (x 70B)
Class [Lcom.android.tools.r8.internal.om;                                             : loaded 2 times (x 69B)
Class com.android.tools.r8.internal.an1                                               : loaded 2 times (x 71B)
Class com.android.tools.r8.internal.lb2                                               : loaded 2 times (x 137B)
Class com.android.tools.r8.graph.p3                                                   : loaded 2 times (x 73B)
Class com.android.tools.r8.internal.f71                                               : loaded 2 times (x 76B)
Class com.android.tools.r8.graph.hc                                                   : loaded 2 times (x 70B)
Class com.android.tools.r8.graph.c6                                                   : loaded 2 times (x 135B)
Class com.android.builder.model.v2.ide.ApiVersion                                     : loaded 2 times (x 70B)
Class com.android.repository.impl.generated.v1.PatchType                              : loaded 2 times (x 87B)
Class com.sun.xml.bind.v2.runtime.reflect.Accessor$ReadOnlyFieldReflection            : loaded 2 times (x 85B)
Class com.sun.xml.bind.v2.model.core.AttributePropertyInfo                            : loaded 2 times (x 70B)
Class com.sun.xml.bind.v2.model.impl.RuntimeReferencePropertyInfoImpl                 : loaded 2 times (x 141B)
Class javax.xml.bind.Binder                                                           : loaded 2 times (x 85B)
Class javax.xml.bind.JAXBContext                                                      : loaded 2 times (x 78B)
Class [Lcom.android.repository.Revision$PreviewComparison;                            : loaded 2 times (x 69B)
Class com.android.builder.sdk.SdkLibData                                              : loaded 2 times (x 77B)
Class com.android.build.gradle.internal.scope.InternalArtifactType$CONSUMER_PROGUARD_DIR: loaded 2 times (x 74B)
Class com.android.ide.common.gradle.Version                                           : loaded 2 times (x 75B)
Class org.jetbrains.kotlin.gradle.dsl.JvmDefaultMode                                  : loaded 2 times (x 79B)
Class org.jetbrains.kotlin.gradle.plugin.internal.DefaultProjectIsolationStartParameterAccessor$Factory: loaded 2 times (x 76B)
Class org.jetbrains.kotlin.gradle.dsl.KotlinJvmCompilerOptions                        : loaded 2 times (x 70B)
Class com.google.wireless.android.sdk.stats.GradleBuildMemorySample                   : loaded 2 times (x 203B)
Class jdk.internal.jimage.BasicImageReader                                            : loaded 2 times (x 95B)
Class com.google.common.collect.ForwardingMap                                         : loaded 2 times (x 132B)
Class com.android.build.gradle.internal.plugins.AndroidPluginBaseServices             : loaded 2 times (x 78B)
Class com.android.build.gradle.internal.errors.AndroidProblemReporterProvider$Parameters$Inject_: loaded 2 times (x 106B)
Class jdk.internal.jimage.ImageStrings                                                : loaded 2 times (x 70B)
Class com.amazon.ion.system.IonReaderBuilder                                          : loaded 2 times (x 95B)
Class io.opentelemetry.api.trace.TraceState                                           : loaded 2 times (x 70B)
Class org.jetbrains.plugins.gradle.model.AnnotationProcessingConfig                   : loaded 2 times (x 70B)
Class com.amazon.ion.IonReader                                                        : loaded 2 times (x 70B)
Class gnu.trove.Equality                                                              : loaded 2 times (x 70B)
Class kotlin.text.StringsKt___StringsJvmKt                                            : loaded 2 times (x 71B)
Class kotlin.reflect.KDeclarationContainer                                            : loaded 2 times (x 70B)
Class kotlin.annotation.Retention                                                     : loaded 2 times (x 70B)
Class com.android.build.gradle.internal.tasks.DexMergingWorkAction$Inject_            : loaded 2 times (x 108B)
Class [Lcom.android.tools.r8.Resource;                                                : loaded 2 times (x 69B)
Class com.android.builder.packaging.DexPackagingMode                                  : loaded 2 times (x 79B)
Class [Lcom.google.common.collect.MapMakerInternalMap$Strength;                       : loaded 2 times (x 69B)
Class com.android.tools.r8.dex.y                                                      : loaded 2 times (x 72B)
Class com.android.tools.r8.CompilationMode                                            : loaded 2 times (x 79B)
Class com.android.tools.r8.naming.n2                                                  : loaded 2 times (x 80B)
Class com.android.tools.r8.internal.ve0                                               : loaded 2 times (x 161B)
Class com.android.tools.r8.internal.r61                                               : loaded 2 times (x 81B)
Class com.android.tools.r8.internal.oi3                                               : loaded 2 times (x 76B)
Class com.android.tools.r8.internal.yl0                                               : loaded 2 times (x 168B)
Class com.android.tools.r8.internal.ih0                                               : loaded 2 times (x 170B)
Class com.android.tools.r8.references.f                                               : loaded 2 times (x 89B)
Class com.android.tools.r8.internal.qr2                                               : loaded 2 times (x 135B)
Class com.android.tools.r8.ir.optimize.f                                              : loaded 2 times (x 72B)
Class com.android.tools.r8.internal.fa0                                               : loaded 2 times (x 70B)
Class com.android.tools.r8.internal.h34                                               : loaded 2 times (x 71B)
Class com.android.tools.r8.internal.t23                                               : loaded 2 times (x 82B)
Class com.android.tools.r8.internal.hz3                                               : loaded 2 times (x 70B)
Class [Lcom.android.tools.r8.internal.dp$a;                                           : loaded 2 times (x 69B)
Class com.android.tools.r8.graph.hd                                                   : loaded 2 times (x 106B)
Class com.android.tools.r8.internal.q80                                               : loaded 2 times (x 71B)
Class [Lcom.android.tools.r8.graph.s1;                                                : loaded 2 times (x 69B)
Class com.android.tools.r8.internal.ov0                                               : loaded 2 times (x 82B)
Class com.android.tools.r8.internal.aj                                                : loaded 2 times (x 71B)
Class com.android.build.gradle.internal.tasks.NonIncrementalTaskKt                    : loaded 2 times (x 71B)
Class org.jetbrains.kotlin.gradle.tasks.CompilerPluginOptionsKt                       : loaded 2 times (x 71B)
Class [Lcom.google.common.io.FileWriteMode;                                           : loaded 2 times (x 69B)
Class com.android.tools.r8.references.MethodReference                                 : loaded 2 times (x 72B)
Class com.android.tools.r8.androidapi.f$a                                             : loaded 2 times (x 97B)
Class com.android.tools.r8.internal.mm1                                               : loaded 2 times (x 293B)
Class com.android.tools.r8.internal.ty2                                               : loaded 2 times (x 124B)
Class com.android.tools.r8.internal.nk2                                               : loaded 2 times (x 78B)
Class com.android.tools.r8.internal.ng                                                : loaded 2 times (x 75B)
Class com.android.tools.r8.internal.b21                                               : loaded 2 times (x 71B)
Class com.android.tools.r8.graph.p4                                                   : loaded 2 times (x 74B)
Class org.jetbrains.kotlin.buildtools.api.SourcesChanges                              : loaded 2 times (x 70B)
Class com.sun.xml.bind.v2.runtime.reflect.PrimitiveArrayListerBoolean                 : loaded 2 times (x 76B)
Class com.sun.xml.bind.v2.runtime.property.Property                                   : loaded 2 times (x 70B)
Class com.android.sdklib.repository.generated.sysimg.v3.SysImgDetailsType             : loaded 2 times (x 144B)
Class com.android.repository.api.RepositorySource                                     : loaded 2 times (x 70B)
Class com.sun.xml.bind.v2.model.impl.ClassInfoImpl$1                                  : loaded 2 times (x 71B)
Class com.sun.xml.bind.v2.runtime.reflect.Accessor$GetterOnlyReflection               : loaded 2 times (x 85B)
Class javax.xml.bind.annotation.XmlMixed                                              : loaded 2 times (x 70B)
Class com.sun.xml.bind.v2.model.nav.ReflectionNavigator                               : loaded 2 times (x 123B)
Class com.sun.xml.bind.v2.model.annotation.AnnotationReader                           : loaded 2 times (x 70B)
Class com.android.repository.impl.generated.v1.LicenseType                            : loaded 2 times (x 87B)
Class com.android.sdklib.repository.generated.common.v1.LibraryType                   : loaded 2 times (x 90B)
Class com.android.sdklib.repository.meta.DetailsTypes$AddonDetailsType                : loaded 2 times (x 70B)
Class com.android.sdklib.repository.legacy.remote.internal.DownloadCache              : loaded 2 times (x 77B)
Class com.android.builder.model.v2.models.Versions$Version                            : loaded 2 times (x 70B)
Class com.android.build.gradle.internal.scope.InternalArtifactType$PUBLIC_RES         : loaded 2 times (x 74B)
Class com.android.build.api.variant.VariantOutputConfiguration                        : loaded 2 times (x 70B)
Class com.android.repository.Revision$Precision                                       : loaded 2 times (x 79B)
Class org.jetbrains.kotlin.gradle.plugin.internal.DefaultCompatibilityConventionRegistrar$Factory: loaded 2 times (x 76B)
Class com.google.protobuf.Internal$EnumLiteMap                                        : loaded 2 times (x 70B)
Class com.google.wireless.android.sdk.stats.GradleBuildMemorySample$1                 : loaded 2 times (x 151B)
Class com.google.gson.internal.bind.TypeAdapters$34$1                                 : loaded 2 times (x 74B)
Class com.android.build.gradle.internal.errors.AndroidProblemReporterProvider$Inject_ : loaded 2 times (x 96B)
Class com.google.protobuf.MapField                                                    : loaded 2 times (x 89B)
Class com.android.builder.profile.NameAnonymizer                                      : loaded 2 times (x 72B)
Class com.amazon.ion.IonClob                                                          : loaded 2 times (x 70B)
Class io.opentelemetry.context.LazyStorage                                            : loaded 2 times (x 71B)
Class org.jetbrains.plugins.gradle.tooling.ModelBuilderService$Parameter              : loaded 2 times (x 70B)
Class kotlin.io.FilesKt                                                               : loaded 2 times (x 71B)
Class kotlin.collections.MapsKt___MapsKt                                              : loaded 2 times (x 71B)
Class kotlin.collections.ArraysKt___ArraysKt                                          : loaded 2 times (x 71B)
Class com.google.common.collect.Maps$AbstractFilteredMap                              : loaded 2 times (x 127B)
Class com.android.tools.r8.internal.yl1                                               : loaded 2 times (x 76B)
Class com.google.common.collect.MapMakerInternalMap$StrongKeyDummyValueSegment        : loaded 2 times (x 142B)
Class com.android.tools.r8.internal.ug0                                               : loaded 2 times (x 72B)
Class com.android.tools.r8.dex.z                                                      : loaded 2 times (x 72B)
Class com.android.tools.r8.internal.gy                                                : loaded 2 times (x 84B)
Class com.android.tools.r8.internal.hj0                                               : loaded 2 times (x 161B)
Class com.android.tools.r8.internal.ih1                                               : loaded 2 times (x 71B)
Class com.android.tools.r8.internal.ec0                                               : loaded 2 times (x 78B)
Class com.android.tools.r8.internal.xn0                                               : loaded 2 times (x 330B)
Class com.android.tools.r8.internal.nx0                                               : loaded 2 times (x 329B)
Class com.android.tools.r8.graph.c8                                                   : loaded 2 times (x 102B)
Class com.android.tools.r8.internal.w94                                               : loaded 2 times (x 75B)
Class com.android.tools.r8.internal.a41                                               : loaded 2 times (x 160B)
Class com.android.tools.r8.internal.pt2                                               : loaded 2 times (x 78B)
Class com.android.tools.r8.references.g                                               : loaded 2 times (x 89B)
Class com.android.tools.r8.internal.oi4                                               : loaded 2 times (x 74B)
Class com.android.tools.r8.internal.n11                                               : loaded 2 times (x 70B)
Class com.android.tools.r8.internal.ka                                                : loaded 2 times (x 72B)
Class com.android.tools.r8.graph.ub                                                   : loaded 2 times (x 70B)
Class com.android.tools.r8.internal.fa1                                               : loaded 2 times (x 78B)
Class com.android.zipflinger.Sources                                                  : loaded 2 times (x 71B)
Class com.android.build.gradle.internal.res.ParseLibraryResourcesTask_Decorated       : loaded 2 times (x 396B)
Class com.google.common.io.Files                                                      : loaded 2 times (x 71B)
Class com.android.build.gradle.internal.profile.AnalyticsService$Params$Inject_       : loaded 2 times (x 120B)
Class com.android.tools.r8.internal.dr                                                : loaded 2 times (x 83B)
Class com.android.tools.r8.synthesis.a0                                               : loaded 2 times (x 70B)
Class com.android.tools.r8.graph.p5                                                   : loaded 2 times (x 74B)
Class com.android.tools.r8.internal.j                                                 : loaded 2 times (x 82B)
Class org.jetbrains.kotlin.gradle.tasks.DefaultKotlinJavaToolchain$DefaultJdkSetter   : loaded 2 times (x 76B)
Class com.google.protobuf.CodedInputStream$UnsafeDirectNioDecoder                     : loaded 2 times (x 120B)
Class com.sun.xml.bind.v2.model.impl.PropertyInfoImpl$1                               : loaded 2 times (x 71B)
Class javax.xml.bind.annotation.XmlInlineBinaryData                                   : loaded 2 times (x 70B)
Class com.sun.xml.bind.v2.runtime.Location                                            : loaded 2 times (x 70B)
Class javax.xml.bind.JAXBContextFactory                                               : loaded 2 times (x 70B)
Class com.android.build.gradle.internal.SystemPropertiesFactory                       : loaded 2 times (x 71B)
Class com.android.build.gradle.internal.scope.InternalArtifactType$DATA_BINDING_ARTIFACT: loaded 2 times (x 74B)
Class com.android.build.gradle.internal.scope.InternalArtifactType$ANDROID_TEST_LINT_PARTIAL_RESULTS: loaded 2 times (x 74B)
Class com.android.build.gradle.internal.dependency.ExtractNavigationXmlTransform$Inject_1: loaded 2 times (x 109B)
Class com.android.build.gradle.internal.services.Aapt2Input                           : loaded 2 times (x 70B)
Class com.android.build.gradle.internal.SdkLocationSourceSet                          : loaded 2 times (x 72B)
Class org.jetbrains.kotlin.gradle.dsl.KotlinVersion$Companion                         : loaded 2 times (x 71B)
Class com.android.build.gradle.internal.scope.InternalArtifactType$APK_IDE_MODEL      : loaded 2 times (x 74B)
Class com.android.build.gradle.internal.manifest.ManifestValueSource$Params           : loaded 2 times (x 70B)
Class com.android.build.api.artifact.ArtifactKind                                     : loaded 2 times (x 72B)
Class org.bouncycastle.operator.OperatorCreationException                             : loaded 2 times (x 82B)
Class org.jetbrains.kotlin.gradle.plugin.internal.CustomPropertiesFileValueSource     : loaded 2 times (x 82B)
Class org.jetbrains.kotlin.gradle.InternalKotlinGradlePluginApi                       : loaded 2 times (x 70B)
Class [Lcom.android.prefs.VariableType;                                               : loaded 2 times (x 69B)
Class com.android.build.gradle.internal.services.FakeDependencyJarBuildService$FakeDependencyJarCreator$Params: loaded 2 times (x 70B)
Class com.google.protobuf.LazyStringList                                              : loaded 2 times (x 70B)
Class com.android.build.gradle.internal.tasks.SigningConfigUtils$Companion$gson$2     : loaded 2 times (x 78B)
Class com.android.build.gradle.internal.scope.InternalArtifactType$METADATA_FEATURE_MANIFEST: loaded 2 times (x 74B)
Class com.amazon.ion.impl.lite.IonLobLite                                             : loaded 2 times (x 185B)
Class com.amazon.ion.impl.lite.IonTextLite                                            : loaded 2 times (x 182B)
Class com.amazon.ion.IonNumber                                                        : loaded 2 times (x 70B)
Class gnu.trove.TObjectHashingStrategy                                                : loaded 2 times (x 70B)
Class kotlin.collections.MapsKt__MapWithDefaultKt                                     : loaded 2 times (x 71B)
Class org.gradle.tooling.internal.adapter.ProtocolToModelAdapter$ReflectionMethodInvoker: loaded 2 times (x 76B)
Class com.google.common.util.concurrent.AbstractListeningExecutorService              : loaded 2 times (x 136B)
Class com.android.builder.dexing.DexArchiveBuilderException                           : loaded 2 times (x 82B)
Class com.android.builder.utils.ExceptionFunction                                     : loaded 2 times (x 70B)
Class com.android.build.gradle.internal.res.LinkApplicationAndroidResourcesTask       : loaded 2 times (x 383B)
Class com.android.build.gradle.internal.scope.InternalArtifactType$COMPILE_AND_RUNTIME_R_CLASS_JAR: loaded 2 times (x 74B)
Class [Lcom.google.common.collect.MapMaker$Dummy;                                     : loaded 2 times (x 69B)
Class com.google.common.base.CharMatcher$Whitespace                                   : loaded 2 times (x 112B)
Class com.android.tools.r8.internal.de0                                               : loaded 2 times (x 161B)
Class com.android.tools.r8.internal.gl0                                               : loaded 2 times (x 161B)
Class com.android.tools.r8.internal.jf3                                               : loaded 2 times (x 82B)
Class com.android.tools.r8.dex.m0                                                     : loaded 2 times (x 87B)
Class com.android.tools.r8.internal.qb0                                               : loaded 2 times (x 161B)
Class com.android.tools.r8.internal.qp                                                : loaded 2 times (x 71B)
Class com.android.tools.r8.internal.kd4                                               : loaded 2 times (x 78B)
Class com.android.tools.r8.internal.ti0                                               : loaded 2 times (x 161B)
Class com.android.tools.r8.internal.ug1                                               : loaded 2 times (x 71B)
Class com.android.tools.r8.internal.ec1                                               : loaded 2 times (x 90B)
Class com.android.tools.r8.references.h                                               : loaded 2 times (x 89B)
Class com.android.tools.r8.internal.al                                                : loaded 2 times (x 72B)
Class com.android.tools.r8.graph.p6                                                   : loaded 2 times (x 166B)
Class com.android.tools.r8.internal.gz                                                : loaded 2 times (x 71B)
Class com.android.tools.r8.graph.c9                                                   : loaded 2 times (x 74B)
Class [Lcom.android.tools.r8.graph.a1;                                                : loaded 2 times (x 69B)
Class com.android.tools.r8.internal.s2                                                : loaded 2 times (x 134B)
Class com.android.tools.r8.kotlin.y0                                                  : loaded 2 times (x 132B)
Class com.android.zipflinger.ZipArchive                                               : loaded 2 times (x 95B)
Class com.android.build.gradle.internal.DependencyResourcesComputer                   : loaded 2 times (x 79B)
Class com.android.build.gradle.internal.tasks.AppMetadataTask$Companion               : loaded 2 times (x 71B)
Class org.jetbrains.kotlin.gradle.plugin.statistics.BuildFusService$Parameters_Decorated: loaded 2 times (x 139B)
Class com.android.build.gradle.internal.dependency.SubtractingArtifactCollection$SubtractingArtifactResult$initFileCollection$1: loaded 2 times (x 75B)
Class org.jetbrains.kotlin.gradle.tasks.TaskOutputsBackup                             : loaded 2 times (x 72B)
Class com.sun.xml.bind.v2.runtime.JaxBeanInfo$1                                       : loaded 2 times (x 77B)
Class javax.xml.bind.ValidationEvent                                                  : loaded 2 times (x 70B)
Class com.sun.xml.bind.v2.model.impl.Utils                                            : loaded 2 times (x 71B)
Class com.android.repository.api.Channel                                              : loaded 2 times (x 81B)
Class com.android.sdklib.repository.meta.Library                                      : loaded 2 times (x 89B)
Class com.android.sdklib.repository.generated.sysimg.v4.ObjectFactory                 : loaded 2 times (x 75B)
Class com.android.build.gradle.internal.PlatformToolsComponents$Companion$build$fileExists$1: loaded 2 times (x 75B)
Class com.android.build.gradle.internal.SdkComponentsBuildService$VersionedSdkLoader$coreForSystemModulesProvider$1: loaded 2 times (x 75B)
Class com.android.build.gradle.internal.scope.InternalArtifactType$FEATURE_NAME       : loaded 2 times (x 74B)
Class com.android.build.gradle.internal.scope.InternalArtifactType$AAPT_PROGUARD_FILE : loaded 2 times (x 74B)
Class com.android.build.api.artifact.SingleArtifact$OBFUSCATION_MAPPING_FILE          : loaded 2 times (x 74B)
Class com.android.build.gradle.internal.dependency.DexingOutputSplitTransform$DexOutput: loaded 2 times (x 79B)
Class com.android.build.gradle.internal.dependency.LibrarySymbolTableTransform$Inject_1: loaded 2 times (x 109B)
Class com.android.build.gradle.internal.NdkHandlerInput                               : loaded 2 times (x 73B)
Class com.android.build.gradle.internal.scope.InternalArtifactType$CODE_COVERAGE      : loaded 2 times (x 74B)
Class com.android.build.gradle.internal.scope.InternalArtifactType$NATIVE_SYMBOL_TABLES: loaded 2 times (x 74B)
Class com.android.tools.r8.internal.nk4                                               : loaded 2 times (x 73B)
Class org.jetbrains.kotlin.gradle.internal.transforms.BuildToolsApiClasspathEntrySnapshotTransform$Inject_1: loaded 2 times (x 113B)
Class com.android.build.gradle.tasks.ProcessApplicationManifest                       : loaded 2 times (x 363B)
Class com.android.builder.core.ToolsRevisionUtils                                     : loaded 2 times (x 71B)
Class com.google.common.cache.LocalCache$AbstractReferenceEntry                       : loaded 2 times (x 107B)
Class [Lcom.google.wireless.android.sdk.stats.GradleBuildVariant$VariantType;         : loaded 2 times (x 69B)
Class [Lcom.android.ide.common.gradle.Separator;                                      : loaded 2 times (x 69B)
Class org.jetbrains.kotlin.gradle.plugin.KotlinGradleBuildServices$Inject_            : loaded 2 times (x 100B)
Class org.jetbrains.kotlin.tooling.core.HasMutableExtras                              : loaded 2 times (x 70B)
Class com.android.prefs.QueryResult                                                   : loaded 2 times (x 82B)
Class com.android.tools.analytics.HostData$runtimeBean$2                              : loaded 2 times (x 78B)
Class com.google.protobuf.MutabilityOracle                                            : loaded 2 times (x 70B)
Class com.google.protobuf.GeneratedMessageV3$Builder                                  : loaded 2 times (x 278B)
Class com.android.build.gradle.internal.services.UsesAapt2ThreadPoolBuildService      : loaded 2 times (x 70B)
Class com.android.sdklib.repository.meta.DetailsTypes$PlatformDetailsType$LayoutlibType: loaded 2 times (x 73B)
Class com.android.sdklib.util.CacheByCanonicalPath                                    : loaded 2 times (x 72B)
Class [Lcom.amazon.ion.impl.bin.IonManagedBinaryWriter$UserState;                     : loaded 2 times (x 69B)
Class com.amazon.ion.impl.bin.utf8.Utf8StringEncoder                                  : loaded 2 times (x 80B)
Class com.amazon.ion.IonBool                                                          : loaded 2 times (x 70B)
Class kotlin.text.StringsKt___StringsKt                                               : loaded 2 times (x 71B)
Class com.google.common.collect.NullsLastOrdering                                     : loaded 2 times (x 115B)
Class kotlin.collections.CollectionsKt__MutableCollectionsJVMKt                       : loaded 2 times (x 71B)
Class com.android.repository.impl.generated.v1.ObjectFactory                          : loaded 2 times (x 107B)
Class kotlin.enums.EnumEntriesKt                                                      : loaded 2 times (x 71B)
Class com.google.common.collect.Iterables$5                                           : loaded 2 times (x 81B)
Class ijJvmDebugger1_3s5zkvzkmj3eyveb9pd6w8mo9                                        : loaded 2 times (x 171B)
Class com.android.tools.r8.DesugarGraphConsumer                                       : loaded 2 times (x 70B)
Class com.android.utils.concurrency.ReadWriteProcessLock$ReadLock                     : loaded 2 times (x 77B)
Class com.google.common.collect.ImmutableMapKeySet                                    : loaded 2 times (x 152B)
Class com.android.tools.r8.internal.jf4                                               : loaded 2 times (x 71B)
Class com.android.tools.r8.shaking.qa                                                 : loaded 2 times (x 80B)
Class com.android.tools.r8.internal.cg0                                               : loaded 2 times (x 163B)
Class [Lcom.android.tools.r8.graph.i2$b;                                              : loaded 2 times (x 69B)
Class com.android.tools.r8.internal.nj                                                : loaded 2 times (x 70B)
Class com.android.tools.r8.internal.mm4                                               : loaded 2 times (x 77B)
Class com.android.tools.r8.internal.sk0                                               : loaded 2 times (x 161B)
Class com.android.tools.r8.internal.de1                                               : loaded 2 times (x 114B)
Class com.android.tools.r8.internal.ug2                                               : loaded 2 times (x 284B)
Class com.android.tools.r8.internal.am                                                : loaded 2 times (x 80B)
Class com.android.tools.r8.internal.h00                                               : loaded 2 times (x 80B)
Class com.android.tools.r8.internal.zj4                                               : loaded 2 times (x 89B)
Class com.android.tools.r8.internal.ti1                                               : loaded 2 times (x 289B)
Class com.android.tools.r8.internal.n13                                               : loaded 2 times (x 70B)
Class com.android.tools.r8.graph.p7                                                   : loaded 2 times (x 92B)
Class com.android.tools.r8.internal.wc4                                               : loaded 2 times (x 78B)
Class com.android.tools.r8.internal.k70                                               : loaded 2 times (x 87B)
Class com.android.tools.r8.internal.nx2                                               : loaded 2 times (x 76B)
Class com.android.tools.r8.internal.f6                                                : loaded 2 times (x 77B)
Class com.android.build.gradle.internal.tasks.CompressAssetsTask_Decorated            : loaded 2 times (x 390B)
Class com.android.ide.common.resources.FileValidity$FileStatus                        : loaded 2 times (x 79B)
Class org.jetbrains.kotlin.statistics.BuildSession                                    : loaded 2 times (x 72B)
Class org.jetbrains.kotlin.statistics.metrics.BooleanOverridePolicy$OR                : loaded 2 times (x 85B)
Class org.jetbrains.kotlin.cli.common.arguments.InternalArgument                      : loaded 2 times (x 70B)
Class com.android.tools.r8.internal.kc                                                : loaded 2 times (x 76B)
Class com.android.tools.r8.internal.xn2                                               : loaded 2 times (x 78B)
Class com.android.tools.r8.internal.by3                                               : loaded 2 times (x 79B)
Class com.android.tools.r8.internal.vr0                                               : loaded 2 times (x 79B)
Class com.android.tools.r8.internal.kq2                                               : loaded 2 times (x 188B)
Class com.android.tools.r8.utils.b                                                    : loaded 2 times (x 87B)
Class com.android.tools.r8.c2                                                         : loaded 2 times (x 70B)
Class com.google.common.base.VerifyException                                          : loaded 2 times (x 82B)
Class com.sun.xml.bind.v2.model.impl.ArrayInfoImpl                                    : loaded 2 times (x 98B)
Class com.sun.xml.bind.v2.runtime.property.ArrayERProperty$ReceiverImpl               : loaded 2 times (x 75B)
Class [Ljavax.xml.bind.annotation.XmlElement;                                         : loaded 2 times (x 69B)
Class com.sun.xml.bind.v2.runtime.reflect.Utils$1                                     : loaded 2 times (x 77B)
Class javax.xml.bind.annotation.XmlAccessType                                         : loaded 2 times (x 79B)
Class javax.xml.bind.annotation.XmlType                                               : loaded 2 times (x 70B)
Class com.sun.xml.bind.v2.model.annotation.XmlEnumQuick                               : loaded 2 times (x 91B)
Class com.sun.xml.bind.v2.model.annotation.RuntimeInlineAnnotationReader              : loaded 2 times (x 106B)
Class com.android.builder.model.v2.models.VariantDependencies                         : loaded 2 times (x 70B)
Class com.android.build.api.artifact.SingleArtifact$BUNDLE                            : loaded 2 times (x 74B)
Class com.android.build.gradle.internal.scope.InternalArtifactType$DEX_METADATA_DIRECTORY: loaded 2 times (x 74B)
Class org.jetbrains.kotlin.gradle.dsl.KotlinJvmCompile                                : loaded 2 times (x 70B)
Class com.android.build.gradle.internal.scope.InternalArtifactType$ANNOTATION_PROCESSOR_LIST: loaded 2 times (x 74B)
Class org.objectweb.asm.SymbolTable                                                   : loaded 2 times (x 72B)
Class org.jetbrains.kotlin.gradle.plugin.UsesVariantImplementationFactories           : loaded 2 times (x 70B)
Class com.android.build.gradle.internal.services.AndroidLocationsBuildService$AndroidDirectoryCreator$Inject_: loaded 2 times (x 111B)
Class com.sun.xml.bind.v2.model.impl.ModelBuilder$1                                   : loaded 2 times (x 76B)
Class com.sun.xml.bind.v2.runtime.property.Utils                                      : loaded 2 times (x 71B)
Class com.android.tools.r8.internal.b61                                               : loaded 2 times (x 203B)
Class com.android.tools.r8.internal.w0                                                : loaded 2 times (x 162B)
Class com.amazon.ion.IonLoader                                                        : loaded 2 times (x 70B)
Class io.opentelemetry.context.propagation.NoopTextMapPropagator                      : loaded 2 times (x 76B)
Class com.intellij.gradle.toolingExtension.model.repositoryModel.ProjectRepositoriesModel: loaded 2 times (x 70B)
Class org.jetbrains.plugins.gradle.model.GradleProperty                               : loaded 2 times (x 70B)
Class gnu.trove.TObjectCanonicalHashingStrategy                                       : loaded 2 times (x 78B)
Class com.google.common.collect.ImmutableRangeSet$ComplementRanges                    : loaded 2 times (x 207B)
Class com.android.tools.r8.internal.an                                                : loaded 2 times (x 123B)
Class [Lcom.android.builder.packaging.DexPackagingMode;                               : loaded 2 times (x 69B)
Class com.android.tools.r8.ProgramResource$ByteResource                               : loaded 2 times (x 87B)
Class com.android.tools.r8.internal.rm0                                               : loaded 2 times (x 161B)
Class [Lcom.android.tools.r8.graph.q6$a;                                              : loaded 2 times (x 69B)
Class com.android.tools.r8.internal.ve4                                               : loaded 2 times (x 75B)
Class com.android.tools.r8.graph.m1                                                   : loaded 2 times (x 106B)
Class com.android.tools.r8.internal.qb2                                               : loaded 2 times (x 71B)
Class com.android.tools.r8.internal.ec3                                               : loaded 2 times (x 72B)
Class com.android.tools.r8.internal.of0                                               : loaded 2 times (x 162B)
Class com.android.tools.r8.internal.kd                                                : loaded 2 times (x 91B)
Class com.android.tools.r8.internal.fa4                                               : loaded 2 times (x 70B)
Class com.android.tools.r8.internal.hj3                                               : loaded 2 times (x 305B)
Class com.android.tools.r8.internal.y22                                               : loaded 2 times (x 79B)
Class com.android.tools.r8.internal.hw0                                               : loaded 2 times (x 78B)
Class com.android.tools.r8.internal.ep0                                               : loaded 2 times (x 78B)
Class com.android.tools.r8.internal.yl4                                               : loaded 2 times (x 70B)
Class com.android.tools.r8.internal.nk                                                : loaded 2 times (x 124B)
Class com.android.tools.r8.internal.mz2                                               : loaded 2 times (x 74B)
Class com.android.build.gradle.internal.services.R8D8ThreadPoolBuildService$Parameters_Decorated: loaded 2 times (x 127B)
Class [Lorg.jetbrains.kotlin.statistics.metrics.BooleanOverridePolicy;                : loaded 2 times (x 69B)
Class org.jetbrains.kotlin.compilerRunner.ArgumentsToStrings                          : loaded 2 times (x 71B)
Class org.jetbrains.kotlin.gradle.utils.CompilerArgsUtilsKt                           : loaded 2 times (x 71B)
Class com.android.builder.model.v2.ide.TestedTargetVariant                            : loaded 2 times (x 70B)
Class com.android.tools.r8.internal.g20                                               : loaded 2 times (x 75B)
Class com.android.tools.r8.internal.ug3                                               : loaded 2 times (x 97B)
Class com.android.tools.r8.internal.fn1                                               : loaded 2 times (x 71B)
Class com.android.tools.r8.internal.nx3                                               : loaded 2 times (x 71B)
Class com.android.tools.r8.DiagnosticsLevel                                           : loaded 2 times (x 79B)
Class com.android.build.gradle.internal.dependency.JdkImageTransform                  : loaded 2 times (x 79B)
Class com.sun.xml.bind.v2.runtime.Utils$1                                             : loaded 2 times (x 77B)
Class com.sun.xml.bind.v2.runtime.reflect.PrimitiveArrayListerFloat                   : loaded 2 times (x 76B)
Class com.sun.xml.bind.v2.util.FlattenIterator                                        : loaded 2 times (x 79B)
Class com.sun.xml.bind.v2.model.impl.RuntimeElementInfoImpl$RuntimePropertyImpl       : loaded 2 times (x 160B)
Class com.sun.xml.bind.v2.model.runtime.RuntimePropertyInfo                           : loaded 2 times (x 70B)
Class com.sun.xml.bind.v2.model.annotation.XmlElementRefsQuick                        : loaded 2 times (x 91B)
Class javax.xml.bind.annotation.XmlElementRef                                         : loaded 2 times (x 70B)
Class com.android.repository.impl.generated.v1.ArchivesType                           : loaded 2 times (x 75B)
Class com.android.sdklib.BuildToolInfo                                                : loaded 2 times (x 76B)
Class com.android.build.gradle.internal.EnvironmentVariablesPropertiesFactory         : loaded 2 times (x 71B)
Class com.android.build.gradle.internal.SdkComponentsBuildService$VersionedNdkHandler : loaded 2 times (x 72B)
Class com.android.build.gradle.internal.res.GenerateLibraryRFileTask                  : loaded 2 times (x 350B)
Class com.android.build.gradle.internal.scope.InternalArtifactType$MERGED_RES_BLAME_FOLDER: loaded 2 times (x 74B)
Class com.google.common.cache.LocalCache$StrongEntry                                  : loaded 2 times (x 108B)
Class com.google.common.util.concurrent.AbstractFuture$TrustedFuture                  : loaded 2 times (x 114B)
Class com.android.tools.r8.graph.t4                                                   : loaded 2 times (x 72B)
Class com.google.gson.internal.bind.TypeAdapters$EnumTypeAdapter                      : loaded 2 times (x 74B)
Class com.google.gson.internal.bind.TypeAdapters$28                                   : loaded 2 times (x 75B)
Class com.android.tools.r8.graph.g7                                                   : loaded 2 times (x 107B)
Class com.amazon.ion.impl._Private_Utils                                              : loaded 2 times (x 71B)
Class kotlin.ranges.IntRange$Companion                                                : loaded 2 times (x 71B)
Class kotlin.text.MatcherMatchResult$groups$1                                         : loaded 2 times (x 151B)
Class kotlin.collections.EmptyMap                                                     : loaded 2 times (x 108B)
Class kotlin.reflect.KAnnotatedElement                                                : loaded 2 times (x 70B)
Class kotlin.jvm.internal.markers.KMutableCollection                                  : loaded 2 times (x 70B)
Class kotlin.coroutines.intrinsics.IntrinsicsKt                                       : loaded 2 times (x 71B)
Class org.gradle.internal.exceptions.MultiCauseException                              : loaded 2 times (x 70B)
Class org.gradle.internal.time.CountdownTimer                                         : loaded 2 times (x 70B)
Class kotlin.jvm.internal.Intrinsics                                                  : loaded 2 times (x 71B)
Class com.google.common.collect.FluentIterable                                        : loaded 2 times (x 81B)
Class com.android.tools.r8.graph.eb                                                   : loaded 2 times (x 107B)
Class com.android.build.gradle.internal.tasks.DexMergingTask$doTaskAction$1           : loaded 2 times (x 75B)
Class com.android.tools.r8.internal.za4                                               : loaded 2 times (x 83B)
Class com.android.tools.r8.graph.m2                                                   : loaded 2 times (x 127B)
Class com.android.tools.r8.internal.xb                                                : loaded 2 times (x 70B)
Class com.android.tools.r8.internal.y23                                               : loaded 2 times (x 111B)
Class com.android.tools.r8.internal.ak0                                               : loaded 2 times (x 164B)
Class com.android.tools.r8.internal.nh0                                               : loaded 2 times (x 170B)
Class com.android.tools.r8.internal.tz                                                : loaded 2 times (x 73B)
Class com.android.tools.r8.internal.rm1                                               : loaded 2 times (x 79B)
Class com.android.tools.r8.internal.gy0                                               : loaded 2 times (x 80B)
Class com.google.gson.internal.Streams$AppendableWriter                               : loaded 2 times (x 99B)
Class com.android.tools.r8.internal.de3                                               : loaded 2 times (x 70B)
Class com.android.tools.r8.internal.hj4                                               : loaded 2 times (x 301B)
Class com.android.tools.r8.internal.ke                                                : loaded 2 times (x 87B)
Class com.android.tools.r8.internal.yy2                                               : loaded 2 times (x 73B)
Class com.android.tools.r8.internal.nl                                                : loaded 2 times (x 123B)
Class [Lcom.android.tools.r8.internal.tp2;                                            : loaded 2 times (x 69B)
Class com.android.tools.r8.internal.ao                                                : loaded 2 times (x 70B)
Class com.android.builder.dexing.ClassFileInput                                       : loaded 2 times (x 70B)
Class com.android.tools.r8.origin.a                                                   : loaded 2 times (x 81B)
Class com.android.tools.r8.DataResourceProvider                                       : loaded 2 times (x 70B)
Class com.android.ide.common.build.CommonBuiltArtifact                                : loaded 2 times (x 70B)
Class com.google.common.io.ByteStreams$LimitedInputStream                             : loaded 2 times (x 92B)
Class com.android.build.gradle.internal.tasks.ProcessJavaResTask_Decorated            : loaded 2 times (x 637B)
Class com.android.ide.common.process.ProcessException                                 : loaded 2 times (x 82B)
Class com.android.tools.r8.internal.sk2                                               : loaded 2 times (x 75B)
Class com.android.tools.r8.internal.zw3                                               : loaded 2 times (x 79B)
Class com.android.tools.r8.graph.p9                                                   : loaded 2 times (x 73B)
Class com.android.tools.r8.dex.z0                                                     : loaded 2 times (x 73B)
Class com.android.tools.r8.internal.g21                                               : loaded 2 times (x 70B)
Class com.android.tools.r8.internal.of1                                               : loaded 2 times (x 70B)
Class com.android.tools.r8.utils.d                                                    : loaded 2 times (x 88B)
Class org.jetbrains.kotlin.gradle.tasks.GradleCompileTaskProvider                     : loaded 2 times (x 72B)
Class javax.xml.bind.annotation.W3CDomHandler                                         : loaded 2 times (x 85B)
Class com.sun.xml.bind.v2.runtime.reflect.TransducedAccessor$IDREFTransducedAccessorImpl: loaded 2 times (x 80B)
Class com.sun.xml.bind.v2.runtime.unmarshaller.WildcardLoader                         : loaded 2 times (x 79B)
Class com.sun.xml.bind.v2.runtime.unmarshaller.XsiTypeLoader                          : loaded 2 times (x 78B)
Class com.sun.xml.bind.v2.runtime.reflect.AdaptedAccessor                             : loaded 2 times (x 85B)
Class com.sun.xml.bind.v2.model.impl.LeafInfoImpl                                     : loaded 2 times (x 102B)
Class com.android.sdklib.repository.generated.addon.v1.LibrariesType                  : loaded 2 times (x 75B)
Class com.android.sdklib.repository.AndroidSdkHandler                                 : loaded 2 times (x 72B)
Class [Lcom.android.sdklib.repository.legacy.remote.internal.DownloadCache$Strategy;  : loaded 2 times (x 69B)
Class com.android.build.gradle.internal.GradleLocalPropertiesFactory$get$propertiesContent$1: loaded 2 times (x 75B)
Class com.android.build.gradle.internal.scope.InternalArtifactType$DEVICE_PROVIDER_CODE_COVERAGE: loaded 2 times (x 74B)
Class org.jetbrains.kotlin.gradle.plugin.internal.BuildIdService                      : loaded 2 times (x 76B)
Class com.android.build.gradle.internal.res.ParseLibraryResourcesTask                 : loaded 2 times (x 343B)
Class com.android.build.gradle.internal.tasks.ValidateResourcesTask                   : loaded 2 times (x 335B)
Class com.android.build.gradle.internal.api.artifact.SourceArtifactType$JNI           : loaded 2 times (x 74B)
Class org.objectweb.asm.MethodWriter                                                  : loaded 2 times (x 106B)
Class org.jetbrains.kotlin.gradle.dsl.KotlinVersion                                   : loaded 2 times (x 79B)
Class org.jetbrains.kotlin.gradle.utils.StoredPropertyKt                              : loaded 2 times (x 71B)
Class com.android.tools.r8.synthesis.d                                                : loaded 2 times (x 72B)
Class com.google.protobuf.AbstractProtobufList                                        : loaded 2 times (x 229B)
Class com.android.tools.r8.shaking.c4                                                 : loaded 2 times (x 78B)
Class com.android.tools.r8.internal.bc                                                : loaded 2 times (x 70B)
Class com.android.build.api.variant.MultiOutputHandler                                : loaded 2 times (x 70B)
Class com.android.build.gradle.internal.scope.InternalArtifactType$AAPT_FRIENDLY_MERGED_MANIFESTS: loaded 2 times (x 74B)
Class com.google.common.util.concurrent.ListeningScheduledExecutorService             : loaded 2 times (x 70B)
Class jdk.internal.jrtfs.JrtFileSystem                                                : loaded 2 times (x 102B)
Class io.opentelemetry.api.trace.Span                                                 : loaded 2 times (x 70B)
Class com.intellij.gradle.toolingExtension.impl.model.projectModel.GradleExternalProjectSerializationService$ReadContext: loaded 2 times (x 73B)
Class com.intellij.gradle.toolingExtension.impl.model.dependencyModel.DependencyWriteContext: loaded 2 times (x 72B)
Class ijInit1_a3nttfldymfjyju12sejz6bz9$_run_closure1                                 : loaded 2 times (x 140B)
Class kotlin.collections.MapsKt                                                       : loaded 2 times (x 71B)
Class kotlin.coroutines.intrinsics.CoroutineSingletons                                : loaded 2 times (x 79B)
Class kotlin.collections.CollectionsKt__IterablesKt                                   : loaded 2 times (x 71B)
Class org.gradle.tooling.model.ProjectModel                                           : loaded 2 times (x 70B)
Class com.android.tools.r8.internal.mj0                                               : loaded 2 times (x 161B)
Class com.android.tools.r8.AssertionsConfiguration$Builder                            : loaded 2 times (x 80B)
Class com.android.tools.r8.internal.de4                                               : loaded 2 times (x 73B)
Class com.android.tools.r8.internal.ak1                                               : loaded 2 times (x 72B)
Class com.android.tools.r8.internal.jc0                                               : loaded 2 times (x 164B)
Class com.android.tools.r8.internal.o                                                 : loaded 2 times (x 86B)
Class com.android.tools.r8.internal.zg0                                               : loaded 2 times (x 161B)
Class com.android.tools.r8.ir.optimize.k1                                             : loaded 2 times (x 72B)
Class [Lcom.android.tools.r8.internal.dk4;                                            : loaded 2 times (x 69B)
Class com.android.tools.r8.internal.ap                                                : loaded 2 times (x 98B)
Class com.android.tools.r8.internal.iu3                                               : loaded 2 times (x 72B)
Class com.google.common.collect.AbstractMapBasedMultimap$RandomAccessWrappedList      : loaded 2 times (x 205B)
Class com.android.tools.r8.internal.ep2                                               : loaded 2 times (x 74B)
Class com.android.tools.r8.internal.f41                                               : loaded 2 times (x 73B)
Class com.android.tools.r8.internal.g22                                               : loaded 2 times (x 74B)
Class com.android.tools.r8.internal.v81                                               : loaded 2 times (x 70B)
Class com.android.tools.r8.internal.ut2                                               : loaded 2 times (x 71B)
Class com.android.tools.r8.internal.pd3                                               : loaded 2 times (x 82B)
Class org.jetbrains.kotlin.build.report.metrics.BuildMetrics                          : loaded 2 times (x 72B)
Class com.android.build.gradle.internal.tasks.DexFileDependenciesTask_Decorated       : loaded 2 times (x 399B)
Class com.android.build.gradle.internal.tasks.OptionalCollectionWithProvenance_Decorated: loaded 2 times (x 117B)
Class com.google.common.io.FileWriteMode                                              : loaded 2 times (x 79B)
Class org.jetbrains.kotlin.statistics.metrics.StringAnonymizationPolicy$RegexControlled: loaded 2 times (x 79B)
Class org.jetbrains.kotlin.statistics.ValueAnonymizer                                 : loaded 2 times (x 70B)
Class com.google.common.collect.ImmutableMultimap$1                                   : loaded 2 times (x 82B)
Class com.android.tools.r8.internal.rz2$a                                             : loaded 2 times (x 77B)
Class com.android.tools.r8.internal.of2                                               : loaded 2 times (x 72B)
Class com.android.tools.r8.internal.nm                                                : loaded 2 times (x 123B)
Class com.android.tools.r8.internal.h03                                               : loaded 2 times (x 70B)
Class com.android.tools.r8.internal.qo1                                               : loaded 2 times (x 75B)
Class [Lcom.android.tools.r8.internal.ev2;                                            : loaded 2 times (x 69B)
Class com.android.tools.r8.graph.m3                                                   : loaded 2 times (x 74B)
Class javax.xml.bind.ValidationEventLocator                                           : loaded 2 times (x 70B)
Class com.sun.xml.bind.v2.runtime.ElementBeanInfoImpl$IntercepterLoader               : loaded 2 times (x 81B)
Class com.android.sdklib.repository.generated.repository.v2.PlatformDetailsType       : loaded 2 times (x 126B)
Class [Lcom.sun.xml.bind.v2.model.impl.PropertyInfoImpl;                              : loaded 2 times (x 69B)
Class com.sun.xml.bind.v2.model.annotation.XmlElementDeclQuick                        : loaded 2 times (x 96B)
Class com.android.repository.impl.generated.v2.ChannelRefType                         : loaded 2 times (x 77B)
Class com.android.build.gradle.internal.SdkComponentsBuildService$VersionedSdkLoader$emulatorDirectoryProvider$1: loaded 2 times (x 75B)
Class com.android.repository.impl.downloader.LocalFileAwareDownloader                 : loaded 2 times (x 84B)
Class org.jetbrains.kotlin.gradle.tasks.KotlinJvmCompile                              : loaded 2 times (x 70B)
Class com.android.ide.common.gradle.Version$Companion$ParseState$EMPTY                : loaded 2 times (x 74B)
Class org.jetbrains.kotlin.gradle.report.BuildReportMode                              : loaded 2 times (x 79B)
Class org.jetbrains.kotlin.gradle.plugin.internal.ProjectIsolationStartParameterAccessor$Factory: loaded 2 times (x 70B)
Class com.android.tools.analytics.HostData$graphicsEnvironment$2                      : loaded 2 times (x 78B)
Class com.google.protobuf.Message$Builder                                             : loaded 2 times (x 70B)
Class com.android.tools.analytics.Environment$EnvironmentVariable                     : loaded 2 times (x 79B)
Class com.android.build.gradle.internal.errors.AndroidProblemReporterProvider$Parameters_Decorated: loaded 2 times (x 130B)
Class com.android.build.gradle.internal.errors.AndroidProblemReporterProvider$Parameters: loaded 2 times (x 70B)
Class jdk.internal.jimage.decompressor.CompressedResourceHeader                       : loaded 2 times (x 71B)
Class org.jetbrains.plugins.gradle.model.GradleConfiguration                          : loaded 2 times (x 70B)
Class com.amazon.ion.impl.bin.utf8.Utf8StringEncoderPool                              : loaded 2 times (x 74B)
Class com.amazon.ion.impl._Private_IonSystem                                          : loaded 2 times (x 70B)
Class com.amazon.ion.BufferConfiguration$OversizedValueHandler                        : loaded 2 times (x 70B)
Class kotlin.ranges.OpenEndRange                                                      : loaded 2 times (x 70B)
Class kotlin.sequences.SequenceBuilderIterator                                        : loaded 2 times (x 85B)
Class kotlin.KotlinNullPointerException                                               : loaded 2 times (x 83B)
Class com.android.tools.r8.internal.p                                                 : loaded 2 times (x 71B)
Class com.android.tools.r8.internal.nn                                                : loaded 2 times (x 124B)
Class com.android.ide.common.resources.ResourcePreprocessor                           : loaded 2 times (x 70B)
Class com.android.tools.r8.internal.ll0                                               : loaded 2 times (x 161B)
Class com.android.tools.r8.internal.vb0                                               : loaded 2 times (x 71B)
Class com.android.tools.r8.internal.dr2                                               : loaded 2 times (x 115B)
Class [Lcom.android.tools.r8.internal.xb;                                             : loaded 2 times (x 69B)
Class com.android.tools.r8.internal.q50                                               : loaded 2 times (x 71B)
Class com.android.tools.r8.internal.yi0                                               : loaded 2 times (x 161B)
Class com.android.tools.r8.internal.r31                                               : loaded 2 times (x 73B)
Class com.android.tools.r8.internal.pd4                                               : loaded 2 times (x 197B)
Class com.android.tools.r8.graph.ed                                                   : loaded 2 times (x 137B)
Class com.android.tools.r8.internal.cg4                                               : loaded 2 times (x 70B)
Class com.android.tools.r8.internal.p0                                                : loaded 2 times (x 87B)
Class com.android.tools.r8.internal.k74                                               : loaded 2 times (x 70B)
Class com.android.tools.r8.origin.c                                                   : loaded 2 times (x 81B)
Class com.android.build.gradle.internal.tasks.NewIncrementalTask$taskAction$$inlined$recordTaskAction$1: loaded 2 times (x 75B)
Class com.android.tools.r8.graph.ra                                                   : loaded 2 times (x 105B)
Class com.android.tools.r8.shaking.i1                                                 : loaded 2 times (x 70B)
Class com.android.tools.r8.internal.bi3                                               : loaded 2 times (x 71B)
Class com.android.zipflinger.ZipSourceEntry                                           : loaded 2 times (x 86B)
Class com.android.build.gradle.internal.tasks.MergeNativeLibsTaskKt$getExternalNativeLibs$1: loaded 2 times (x 74B)
Class com.android.build.gradle.tasks.MergeResources_Decorated                         : loaded 2 times (x 422B)
Class com.android.build.gradle.internal.scope.InternalArtifactType$LINT_VITAL_INTERMEDIATE_TEXT_REPORT: loaded 2 times (x 74B)
Class com.google.common.collect.ImmutableMultimap$2                                   : loaded 2 times (x 81B)
Class com.android.tools.r8.internal.dx                                                : loaded 2 times (x 71B)
Class com.android.tools.r8.internal.rz2$b                                             : loaded 2 times (x 129B)
Class com.android.tools.r8.internal.j93                                               : loaded 2 times (x 72B)
Class com.android.tools.r8.internal.qo2                                               : loaded 2 times (x 74B)
Class com.android.tools.r8.internal.c3                                                : loaded 2 times (x 70B)
Class com.android.tools.r8.profile.art.ArtProfileBuilder                              : loaded 2 times (x 70B)
Class com.android.tools.r8.internal.xd                                                : loaded 2 times (x 70B)
Class com.android.tools.r8.internal.f42                                               : loaded 2 times (x 78B)
Class [Lcom.android.tools.r8.graph.v5;                                                : loaded 2 times (x 69B)
Class com.android.tools.r8.internal.e61                                               : loaded 2 times (x 78B)
Class com.android.tools.r8.graph.m4                                                   : loaded 2 times (x 74B)
Class org.jetbrains.kotlin.build.report.metrics.BuildAttribute                        : loaded 2 times (x 79B)
Class com.android.build.gradle.tasks.JavaCompileOptionsForRoom                        : loaded 2 times (x 75B)
Class com.android.build.gradle.internal.tasks.DexParameterInputs_Decorated            : loaded 2 times (x 145B)
Class com.sun.xml.bind.v2.runtime.property.SingleMapNodeProperty$1                    : loaded 2 times (x 78B)
Class javax.xml.bind.annotation.XmlList                                               : loaded 2 times (x 70B)
Class com.sun.xml.bind.v2.model.core.EnumLeafInfo                                     : loaded 2 times (x 70B)
Class com.android.build.gradle.internal.SupportToolsComponents                        : loaded 2 times (x 72B)
Class com.android.build.gradle.internal.PlatformToolsComponents                       : loaded 2 times (x 72B)
Class [Lcom.android.build.gradle.internal.SdkLocator$PropertyLocation;                : loaded 2 times (x 69B)
Class com.android.repository.io.FileOpUtils                                           : loaded 2 times (x 71B)
Class com.android.build.gradle.internal.scope.InternalArtifactType$LINT_MODEL         : loaded 2 times (x 74B)
Class com.android.build.gradle.internal.scope.InternalArtifactType$BINARY_ART_PROFILE_METADATA: loaded 2 times (x 74B)
Class com.android.build.gradle.tasks.ProcessTestManifest$Companion                    : loaded 2 times (x 71B)
Class com.android.build.gradle.internal.services.FakeDependencyJarBuildService        : loaded 2 times (x 82B)
Class com.android.zipflinger.Zip64Locator                                             : loaded 2 times (x 74B)
Class [Lcom.google.common.base.AbstractIterator$State;                                : loaded 2 times (x 69B)
Class com.android.tools.r8.internal.ej                                                : loaded 2 times (x 94B)
Class [Lcom.android.tools.r8.internal.bk4;                                            : loaded 2 times (x 69B)
Class com.amazon.ion.IonDecimal                                                       : loaded 2 times (x 70B)
Class io.opentelemetry.api.OpenTelemetry                                              : loaded 2 times (x 70B)
Class org.jetbrains.plugins.gradle.model.tests.ExternalTestsModel                     : loaded 2 times (x 70B)
Class kotlin.ranges.RangesKt___RangesKt                                               : loaded 2 times (x 71B)
Class org.gradle.tooling.model.idea.IdeaLanguageLevel                                 : loaded 2 times (x 70B)
Class org.gradle.tooling.internal.adapter.ProtocolToModelAdapter$SafeMethodInvoker    : loaded 2 times (x 76B)
Class org.gradle.tooling.internal.adapter.WeakIdentityHashMap$WeakKey                 : loaded 2 times (x 79B)
Class org.gradle.internal.exceptions.DefaultMultiCauseException                       : loaded 2 times (x 95B)
Class com.google.common.collect.AbstractIterator$State                                : loaded 2 times (x 79B)
Class com.android.tools.r8.internal.xe2                                               : loaded 2 times (x 79B)
Class com.android.tools.r8.internal.p12                                               : loaded 2 times (x 78B)
Class com.android.tools.r8.internal.ud0                                               : loaded 2 times (x 161B)
Class com.android.tools.r8.MapConsumer                                                : loaded 2 times (x 70B)
Class com.android.tools.r8.internal.a11                                               : loaded 2 times (x 70B)
Class com.android.tools.r8.internal.d81                                               : loaded 2 times (x 85B)
Class com.android.tools.r8.internal.kn0                                               : loaded 2 times (x 73B)
Class com.android.tools.r8.internal.hg0                                               : loaded 2 times (x 170B)
Class com.android.tools.r8.internal.w64                                               : loaded 2 times (x 74B)
Class com.google.gson.internal.Streams                                                : loaded 2 times (x 71B)
Class com.android.tools.r8.internal.zg2                                               : loaded 2 times (x 286B)
Class com.android.tools.r8.FeatureSplit                                               : loaded 2 times (x 77B)
Class [Lcom.android.tools.r8.graph.r0;                                                : loaded 2 times (x 69B)
Class com.android.tools.r8.internal.rz2$c                                             : loaded 2 times (x 129B)
Class com.android.tools.r8.internal.sx2                                               : loaded 2 times (x 75B)
Class com.android.tools.r8.origin.d                                                   : loaded 2 times (x 81B)
Class com.android.build.gradle.internal.tasks.NonIncrementalTask$taskAction$$inlined$recordTaskAction$1: loaded 2 times (x 75B)
Class com.android.tools.r8.internal.j3                                                : loaded 2 times (x 86B)
Class com.android.build.api.variant.FilterConfiguration$FilterType                    : loaded 2 times (x 79B)
Class com.android.builder.model.v2.ide.ProjectInfo                                    : loaded 2 times (x 70B)
Class com.android.tools.r8.internal.nu0                                               : loaded 2 times (x 70B)
Class com.android.tools.r8.internal.bi4                                               : loaded 2 times (x 176B)
Class com.android.tools.r8.internal.s8                                                : loaded 2 times (x 99B)
Class com.android.tools.r8.internal.of4                                               : loaded 2 times (x 92B)
Class com.android.tools.r8.internal.ha                                                : loaded 2 times (x 72B)
Class com.android.tools.r8.position.Position                                          : loaded 2 times (x 70B)
Class com.android.tools.r8.graph.z                                                    : loaded 2 times (x 112B)
Class com.android.tools.r8.internal.kh                                                : loaded 2 times (x 72B)
Class com.android.tools.r8.graph.m5                                                   : loaded 2 times (x 72B)
Class com.android.tools.r8.internal.dy                                                : loaded 2 times (x 84B)
Class com.android.tools.r8.internal.q51                                               : loaded 2 times (x 133B)
Class com.android.tools.r8.graph.rb                                                   : loaded 2 times (x 70B)
Class org.jetbrains.kotlin.gradle.tasks.internal.KotlinJvmOptionsCompat               : loaded 2 times (x 101B)
Class com.android.tools.r8.internal.yp0                                               : loaded 2 times (x 70B)
Class com.android.sdklib.repository.targets.PlatformTarget                            : loaded 2 times (x 129B)
Class javax.xml.bind.helpers.AbstractUnmarshallerImpl                                 : loaded 2 times (x 130B)
Class com.sun.xml.bind.v2.runtime.property.SingleMapNodeProperty$2                    : loaded 2 times (x 78B)
Class com.android.repository.impl.meta.Archive$PatchType                              : loaded 2 times (x 81B)
Class com.sun.xml.bind.v2.model.core.ValuePropertyInfo                                : loaded 2 times (x 70B)
Class com.sun.xml.bind.v2.runtime.RuntimeUtil                                         : loaded 2 times (x 71B)
Class com.android.sdklib.repository.meta.DetailsTypes$SysImgDetailsType               : loaded 2 times (x 70B)
Class com.android.build.gradle.internal.utils.ConsoleProgressIndicatorFactory$create$1: loaded 2 times (x 108B)
Class com.android.build.gradle.internal.dependency.IdentityTransform                  : loaded 2 times (x 78B)
Class com.android.tools.r8.internal.d23                                               : loaded 2 times (x 212B)
Class com.android.build.gradle.internal.tasks.ClasspathComparisonTask                 : loaded 2 times (x 336B)
Class com.android.build.gradle.internal.tasks.DexMergingTask                          : loaded 2 times (x 345B)
Class com.android.build.gradle.tasks.MapSourceSetPathsTask                            : loaded 2 times (x 347B)
Class com.android.tools.r8.internal.no2                                               : loaded 2 times (x 327B)
Class org.jetbrains.kotlin.gradle.logging.GradleLoggingUtilsKt                        : loaded 2 times (x 71B)
Class com.android.tools.r8.internal.vi0                                               : loaded 2 times (x 161B)
Class com.android.tools.r8.internal.sb0                                               : loaded 2 times (x 161B)
Class com.android.tools.r8.internal.ls0                                               : loaded 2 times (x 72B)
Class com.android.tools.r8.internal.fe0                                               : loaded 2 times (x 161B)
Class com.amazon.ion.impl.bin.IonRawBinaryWriter$StreamCloseMode                      : loaded 2 times (x 79B)
Class com.amazon.ion.impl._Private_IonBinaryWriterBuilder$Mutable                     : loaded 2 times (x 115B)
Class io.opentelemetry.api.trace.PropagatedSpan                                       : loaded 2 times (x 112B)
Class com.intellij.gradle.toolingExtension.impl.model.projectModel.GradleExternalProjectSerializationService: loaded 2 times (x 77B)
Class kotlin.text.CharsKt__CharKt                                                     : loaded 2 times (x 71B)
Class kotlin.collections.ArrayDeque$Companion                                         : loaded 2 times (x 71B)
Class kotlin.collections.ArraysKt                                                     : loaded 2 times (x 71B)
Class org.gradle.tooling.model.HierarchicalElement                                    : loaded 2 times (x 70B)
Class com.android.tools.r8.utils.h                                                    : loaded 2 times (x 79B)
Class [Lorg.apache.commons.io.file.DeleteOption;                                      : loaded 2 times (x 69B)
Class com.android.tools.r8.internal.lf3                                               : loaded 2 times (x 73B)
Class com.android.tools.r8.internal.wm0                                               : loaded 2 times (x 161B)
Class com.android.tools.r8.internal.db0                                               : loaded 2 times (x 161B)
Class com.android.tools.r8.dex.j0                                                     : loaded 2 times (x 72B)
Class com.android.tools.r8.internal.kn1                                               : loaded 2 times (x 81B)
Class com.android.tools.r8.internal.ak4                                               : loaded 2 times (x 71B)
Class com.android.tools.r8.internal.tf0                                               : loaded 2 times (x 161B)
Class com.android.tools.r8.internal.d82                                               : loaded 2 times (x 74B)
Class com.android.tools.r8.internal.np                                                : loaded 2 times (x 72B)
Class com.android.tools.r8.internal.nh4                                               : loaded 2 times (x 244B)
Class com.android.tools.r8.internal.ka4                                               : loaded 2 times (x 70B)
Class com.android.tools.r8.internal.l20                                               : loaded 2 times (x 80B)
Class com.android.tools.r8.graph.rc                                                   : loaded 2 times (x 74B)
Class com.android.tools.r8.origin.e                                                   : loaded 2 times (x 81B)
Class com.android.ide.common.resources.DataFile                                       : loaded 2 times (x 83B)
Class com.android.zipflinger.CentralDirectory                                         : loaded 2 times (x 79B)
Class com.android.build.api.artifact.impl.InternalScopedArtifacts                     : loaded 2 times (x 70B)
Class org.jetbrains.kotlin.statistics.metrics.NumericalMetrics$Companion              : loaded 2 times (x 71B)
Class [Lorg.jetbrains.kotlin.statistics.metrics.NumberAnonymizationPolicy;            : loaded 2 times (x 69B)
Class org.jetbrains.kotlin.statistics.metrics.NumberOverridePolicy$OVERRIDE           : loaded 2 times (x 85B)
Class com.google.common.io.CharSink                                                   : loaded 2 times (x 79B)
Class com.android.builder.model.v2.dsl.DependenciesInfo                               : loaded 2 times (x 70B)
Class com.android.tools.r8.internal.rz2                                               : loaded 2 times (x 129B)
Class com.android.tools.r8.internal.sx3                                               : loaded 2 times (x 83B)
Class com.android.tools.r8.graph.m6                                                   : loaded 2 times (x 128B)
Class com.android.tools.r8.graph.z3                                                   : loaded 2 times (x 72B)
Class com.android.tools.r8.internal.p2                                                : loaded 2 times (x 128B)
Class org.jetbrains.kotlin.compilerRunner.GradleCompilerRunner$Companion              : loaded 2 times (x 71B)
Class com.sun.xml.bind.v2.runtime.unmarshaller.ChildLoader                            : loaded 2 times (x 72B)
Class javax.xml.bind.JAXBElement$GlobalScope                                          : loaded 2 times (x 71B)
Class com.sun.xml.bind.v2.runtime.property.ValueProperty                              : loaded 2 times (x 102B)
Class com.android.sdklib.repository.generated.addon.v4.AddonDetailsType               : loaded 2 times (x 144B)
Class com.android.sdklib.repository.generated.repository.v1.SourceDetailsType         : loaded 2 times (x 120B)
Class javax.xml.bind.annotation.XmlSchemaTypes                                        : loaded 2 times (x 70B)
Class javax.xml.bind.annotation.XmlIDREF                                              : loaded 2 times (x 70B)
Class javax.xml.bind.annotation.XmlElement                                            : loaded 2 times (x 70B)
Class com.sun.xml.bind.v2.model.runtime.RuntimeLeafInfo                               : loaded 2 times (x 70B)
Class com.android.repository.impl.meta.RepoPackageImpl$UsesLicense                    : loaded 2 times (x 73B)
Class com.android.build.gradle.internal.scope.InternalArtifactType$RUNTIME_LIBRARY_CLASSES_DIR: loaded 2 times (x 74B)
Class com.android.build.gradle.internal.scope.InternalArtifactType$UNIT_TEST_LINT_MODEL: loaded 2 times (x 74B)
Class com.android.tools.r8.internal.ar2                                               : loaded 2 times (x 169B)
Class com.android.build.api.artifact.Artifact$Companion                               : loaded 2 times (x 71B)
Class org.objectweb.asm.Label                                                         : loaded 2 times (x 73B)
Class org.objectweb.asm.CurrentFrame                                                  : loaded 2 times (x 73B)
Class org.objectweb.asm.ClassTooLargeException                                        : loaded 2 times (x 83B)
Class com.android.build.gradle.internal.services.AndroidLocationsBuildService$Inject_ : loaded 2 times (x 110B)
Class com.google.protobuf.PrimitiveNonBoxingCollection                                : loaded 2 times (x 70B)
Class com.google.wireless.android.sdk.stats.InstantRunStatus                          : loaded 2 times (x 205B)
Class com.android.tools.r8.internal.il0                                               : loaded 2 times (x 161B)
Class [Lcom.google.common.collect.MapMakerInternalMap$Segment;                        : loaded 2 times (x 69B)
Class com.android.builder.utils.SynchronizedFile$ActionExecutionException             : loaded 2 times (x 82B)
Class com.amazon.ion.impl.bin.IonRawBinaryWriter$PatchPoint                           : loaded 2 times (x 72B)
Class com.amazon.ion.IonBlob                                                          : loaded 2 times (x 70B)
Class com.amazon.ion.IonLob                                                           : loaded 2 times (x 70B)
Class com.amazon.ion.IonSequence                                                      : loaded 2 times (x 70B)
Class io.opentelemetry.api.trace.TraceFlags                                           : loaded 2 times (x 70B)
Class org.jetbrains.plugins.gradle.tooling.serialization.ExternalTestsSerializationService: loaded 2 times (x 77B)
Class com.google.common.collect.ByFunctionOrdering                                    : loaded 2 times (x 115B)
Class kotlin.collections.SetsKt__SetsKt                                               : loaded 2 times (x 71B)
Class kotlin.coroutines.EmptyCoroutineContext                                         : loaded 2 times (x 77B)
Class org.gradle.internal.time.Time                                                   : loaded 2 times (x 71B)
Class com.android.build.gradle.internal.tasks.DexMergingWorkAction$Params_Decorated   : loaded 2 times (x 147B)
Class com.android.tools.r8.graph.ya                                                   : loaded 2 times (x 72B)
Class com.android.build.gradle.internal.signing.SigningConfigVersions                 : loaded 2 times (x 71B)
Class com.android.utils.JvmWideVariable                                               : loaded 2 times (x 72B)
Class com.google.common.collect.MapMakerInternalMap$InternalEntryHelper               : loaded 2 times (x 70B)
Class com.android.tools.r8.internal.r34                                               : loaded 2 times (x 71B)
Class com.android.tools.r8.DataResourceConsumer                                       : loaded 2 times (x 70B)
Class [Lcom.android.tools.r8.OutputMode;                                              : loaded 2 times (x 69B)
Class com.android.tools.r8.internal.tf1                                               : loaded 2 times (x 85B)
Class com.android.tools.r8.internal.pa0                                               : loaded 2 times (x 161B)
Class com.android.tools.r8.internal.gi1                                               : loaded 2 times (x 135B)
Class com.android.tools.r8.internal.cd0                                               : loaded 2 times (x 164B)
Class com.android.tools.r8.internal.sh0                                               : loaded 2 times (x 170B)
Class com.android.tools.r8.internal.kj                                                : loaded 2 times (x 72B)
Class com.android.tools.r8.internal.ax2                                               : loaded 2 times (x 74B)
Class com.android.tools.r8.internal.ie3                                               : loaded 2 times (x 71B)
Class com.android.tools.r8.internal.ly0                                               : loaded 2 times (x 70B)
Class com.android.tools.r8.internal.nu2                                               : loaded 2 times (x 128B)
Class org.gradle.internal.classloader.FilteringClassLoader                            : loaded 2 times (x 105B)
Class com.android.tools.r8.internal.rz3                                               : loaded 2 times (x 154B)
Class com.google.common.collect.Table                                                 : loaded 2 times (x 70B)
Class com.google.common.io.ByteSource$AsCharSource                                    : loaded 2 times (x 86B)
Class com.android.build.gradle.internal.scope.InternalArtifactType$LINT_RETURN_VALUE  : loaded 2 times (x 74B)
Class org.jetbrains.kotlin.gradle.plugin.statistics.KotlinBuildStatsLoggerService     : loaded 2 times (x 72B)
Class com.android.tools.r8.internal.hc                                                : loaded 2 times (x 76B)
Class com.android.tools.r8.internal.x10                                               : loaded 2 times (x 284B)
Class com.android.tools.r8.internal.kn2                                               : loaded 2 times (x 74B)
Class com.android.tools.r8.internal.us0$a                                             : loaded 2 times (x 70B)
Class com.android.tools.r8.graph.z4                                                   : loaded 2 times (x 73B)
Class com.android.tools.r8.internal.l21                                               : loaded 2 times (x 71B)
Class com.android.tools.r8.internal.yi3                                               : loaded 2 times (x 146B)
Class com.android.tools.r8.utils.i                                                    : loaded 2 times (x 87B)
Class org.jetbrains.kotlin.build.report.metrics.BuildAttributes$Companion             : loaded 2 times (x 71B)
Class kotlin.NotImplementedError                                                      : loaded 2 times (x 82B)
Class com.sun.xml.bind.v2.runtime.property.TagAndType                                 : loaded 2 times (x 72B)
Class com.android.repository.impl.generated.v2.PatchesType                            : loaded 2 times (x 75B)
Class com.android.sdklib.repository.generated.common.v4.ApiDetailsType                : loaded 2 times (x 116B)
Class com.android.repository.impl.generated.v1.DependencyType                         : loaded 2 times (x 81B)
Class com.android.repository.api.LocalPackage                                         : loaded 2 times (x 70B)
Class javax.xml.bind.annotation.XmlSchema                                             : loaded 2 times (x 70B)
Class com.android.builder.sdk.LicenceNotAcceptedException                             : loaded 2 times (x 82B)
Class com.android.builder.model.v2.models.ProjectGraph                                : loaded 2 times (x 70B)
Class com.android.build.gradle.internal.scope.InternalArtifactType$ANDROID_TEST_LINT_MODEL: loaded 2 times (x 74B)
Class kotlin.sequences.FlatteningSequence                                             : loaded 2 times (x 75B)
Class com.android.build.gradle.internal.scope.InternalArtifactType$MERGED_JAVA_RES    : loaded 2 times (x 74B)
Class org.jetbrains.kotlin.gradle.tasks.KotlinCompilationTask                         : loaded 2 times (x 70B)
Class com.android.build.gradle.internal.scope.InternalArtifactType$METADATA_APPLICATION_ID: loaded 2 times (x 74B)
Class [Lcom.android.builder.dexing.DexingType;                                        : loaded 2 times (x 69B)
Class org.objectweb.asm.Frame                                                         : loaded 2 times (x 73B)
Class org.objectweb.asm.MethodVisitor                                                 : loaded 2 times (x 105B)
Class com.android.ide.common.gradle.Version$Companion$ParseState$NUMERIC              : loaded 2 times (x 74B)
Class com.android.tools.analytics.CommonMetricsData                                   : loaded 2 times (x 71B)
Class kotlin.text.MatcherMatchResult                                                  : loaded 2 times (x 80B)
Class kotlin.text.MatchGroupCollection                                                : loaded 2 times (x 70B)
Class kotlin.text.StringsKt__StringsKt                                                : loaded 2 times (x 71B)
Class com.android.ide.gradle.model.dependencies.DeclaredDependencies                  : loaded 2 times (x 70B)
Class org.jetbrains.plugins.gradle.tooling.serialization.internal.IdeaProjectSerializationService$ReadContext: loaded 2 times (x 72B)
Class com.amazon.ion.system.IonTextWriterBuilder                                      : loaded 2 times (x 98B)
Class com.amazon.ion.impl.bin.IonManagedBinaryWriter$ImportedSymbolResolverMode$1$1$1 : loaded 2 times (x 76B)
Class com.amazon.ion.impl._Private_LocalSymbolTableFactory                            : loaded 2 times (x 70B)
Class org.jetbrains.plugins.gradle.tooling.serialization.AnnotationProcessingModelSerializationService: loaded 2 times (x 77B)
Class kotlin.collections.ArraysKt__ArraysJVMKt                                        : loaded 2 times (x 71B)
Class org.jetbrains.kotlin.cli.common.messages.MessageCollector$Companion$NONE$1      : loaded 2 times (x 76B)
Class com.android.tools.r8.synthesis.k0                                               : loaded 2 times (x 74B)
Class com.amazon.ion.impl.bin.IonManagedBinaryWriter$UserState$1                      : loaded 2 times (x 85B)
Class com.android.ide.common.blame.SourceFileJsonTypeAdapter                          : loaded 2 times (x 75B)
Class com.android.tools.r8.internal.rj0                                               : loaded 2 times (x 161B)
Class com.android.tools.r8.internal.em0                                               : loaded 2 times (x 161B)
Class com.android.tools.r8.graph.z5                                                   : loaded 2 times (x 75B)
Class com.android.tools.r8.internal.kk                                                : loaded 2 times (x 71B)
Class com.android.tools.r8.internal.bf0                                               : loaded 2 times (x 161B)
Class com.android.tools.r8.internal.cd1                                               : loaded 2 times (x 148B)
Class com.android.tools.r8.internal.hd                                                : loaded 2 times (x 70B)
Class com.android.tools.r8.internal.pa1                                               : loaded 2 times (x 74B)
Class com.android.tools.r8.graph.ba                                                   : loaded 2 times (x 174B)
Class com.android.tools.r8.internal.qy                                                : loaded 2 times (x 74B)
Class com.android.tools.r8.errors.UnsupportedConstMethodHandleDiagnostic              : loaded 2 times (x 82B)
Class com.android.tools.r8.internal.q54                                               : loaded 2 times (x 73B)
Class com.android.tools.r8.internal.tf2                                               : loaded 2 times (x 70B)
Class com.android.tools.r8.internal.uq0                                               : loaded 2 times (x 79B)
Class com.android.tools.r8.internal.l22                                               : loaded 2 times (x 74B)
Class com.android.tools.r8.internal.lk$a                                              : loaded 2 times (x 79B)
Class com.android.zipflinger.LargeFileSource                                          : loaded 2 times (x 87B)
Class com.android.build.gradle.internal.tasks.MergeNativeLibsTask_Decorated           : loaded 2 times (x 402B)
Class com.android.build.api.artifact.SingleArtifact$LINT_SARIF_REPORT                 : loaded 2 times (x 74B)
Class com.android.tools.r8.internal.a14                                               : loaded 2 times (x 70B)
Class com.android.tools.r8.internal.ax3                                               : loaded 2 times (x 71B)
Class com.android.tools.r8.internal.k41                                               : loaded 2 times (x 70B)
Class com.android.tools.r8.internal.m03                                               : loaded 2 times (x 95B)
Class com.android.tools.r8.internal.zt2                                               : loaded 2 times (x 79B)
Class [Lcom.android.tools.r8.internal.zr0;                                            : loaded 2 times (x 69B)
Class com.android.tools.r8.m0                                                         : loaded 2 times (x 70B)
Class com.sun.istack.SAXParseException2                                               : loaded 2 times (x 88B)
Class com.sun.xml.bind.v2.runtime.unmarshaller.DomLoader                              : loaded 2 times (x 78B)
Class com.sun.xml.bind.v2.runtime.ValueListBeanInfoImpl                               : loaded 2 times (x 89B)
Class com.android.repository.impl.meta.RepoPackageImpl$Dependencies                   : loaded 2 times (x 72B)
Class com.android.sdklib.repository.generated.sysimg.v5.ObjectFactory                 : loaded 2 times (x 75B)
Class com.android.build.gradle.internal.SdkComponentsBuildService$VersionedSdkLoader$optionalLibrariesProvider$1: loaded 2 times (x 75B)
Class com.android.build.api.artifact.SingleArtifact$AAR                               : loaded 2 times (x 74B)
Class com.android.build.gradle.internal.scope.InternalArtifactType$BUNDLE_IDE_REDIRECT_FILE: loaded 2 times (x 74B)
Class com.android.build.gradle.internal.scope.InternalArtifactType$APK_IDE_REDIRECT_FILE: loaded 2 times (x 74B)
Class com.android.build.gradle.internal.scope.InternalArtifactType$EXTERNAL_LIBS_DEX_ARCHIVE_WITH_ARTIFACT_TRANSFORMS: loaded 2 times (x 74B)
Class org.jetbrains.kotlin.compilerRunner.UsesCompilerSystemPropertiesService         : loaded 2 times (x 70B)
Class com.android.build.api.artifact.SingleArtifact$RUNTIME_SYMBOL_LIST               : loaded 2 times (x 74B)
Class com.android.build.gradle.internal.tasks.BaseTask                                : loaded 2 times (x 326B)
Class org.jetbrains.kotlin.gradle.plugin.VariantImplementationFactories               : loaded 2 times (x 75B)
Class com.google.wireless.android.sdk.stats.JavaProcessStatsOrBuilder                 : loaded 2 times (x 70B)
Class com.android.build.gradle.internal.profile.AnalyticsService$Params               : loaded 2 times (x 70B)
Class com.android.build.gradle.internal.utils.AnalyticsEnabledValueSource$Inject_     : loaded 2 times (x 109B)
Class com.android.build.gradle.internal.utils.AnalyticsEnabledValueSource$Params_Decorated: loaded 2 times (x 130B)
Class com.android.build.gradle.internal.dependency.GenericTransformParameters         : loaded 2 times (x 70B)
Class com.android.prefs.AndroidPathLocator                                            : loaded 2 times (x 73B)
Class com.amazon.ion.impl.lite.IonNullLite                                            : loaded 2 times (x 176B)
Class org.jetbrains.plugins.gradle.model.DependencyAccessorsModel                     : loaded 2 times (x 70B)
Class [Lcom.intellij.openapi.externalSystem.model.project.dependencies.ResolutionState;: loaded 2 times (x 69B)
Class gnu.trove.TObjectIntHashMap                                                     : loaded 2 times (x 109B)
Class kotlin.text.StringsKt__StringBuilderKt                                          : loaded 2 times (x 71B)
Class com.google.common.collect.RangeSet                                              : loaded 2 times (x 70B)
Class kotlin.jvm.internal.CallableReference$NoReceiver                                : loaded 2 times (x 71B)
Class com.android.build.gradle.internal.tasks.DexMergingWorkAction$Params$Inject_     : loaded 2 times (x 113B)
Class com.android.tools.r8.internal.jn$a                                              : loaded 2 times (x 79B)
Class com.android.tools.r8.m1                                                         : loaded 2 times (x 79B)
Class com.android.tools.r8.internal.ud4                                               : loaded 2 times (x 73B)
Class com.android.tools.r8.internal.ub                                                : loaded 2 times (x 75B)
Class [Lcom.android.tools.r8.internal.fo;                                             : loaded 2 times (x 69B)
Class com.android.tools.r8.internal.ir2                                               : loaded 2 times (x 81B)
Class com.android.tools.r8.internal.ah0                                               : loaded 2 times (x 161B)
Class com.android.tools.r8.internal.ne0                                               : loaded 2 times (x 162B)
Class com.android.tools.r8.internal.w31                                               : loaded 2 times (x 80B)
Class com.android.tools.r8.ir.optimize.h0                                             : loaded 2 times (x 72B)
Class com.android.tools.r8.internal.qz                                                : loaded 2 times (x 73B)
Class com.android.tools.r8.internal.em1                                               : loaded 2 times (x 293B)
Class com.android.tools.r8.internal.fk2                                               : loaded 2 times (x 284B)
Class com.android.tools.r8.internal.kl                                                : loaded 2 times (x 128B)
Class com.android.tools.r8.internal.zt3                                               : loaded 2 times (x 287B)
Class com.android.tools.r8.internal.ts0                                               : loaded 2 times (x 90B)
Class com.android.tools.r8.internal.m04                                               : loaded 2 times (x 78B)
Class com.android.tools.r8.internal.i80                                               : loaded 2 times (x 78B)
Class com.android.tools.r8.graph.bb                                                   : loaded 2 times (x 104B)
Class com.android.tools.r8.internal.v50                                               : loaded 2 times (x 106B)
Class com.android.tools.r8.internal.he                                                : loaded 2 times (x 72B)
Class com.android.tools.r8.graph.z6                                                   : loaded 2 times (x 166B)
Class com.android.tools.r8.graph.m9                                                   : loaded 2 times (x 104B)
Class com.android.zipflinger.FreeStore$Zone                                           : loaded 2 times (x 73B)
Class com.android.build.gradle.internal.tasks.DexParameterInputs                      : loaded 2 times (x 81B)
Class org.jetbrains.kotlin.gradle.plugin.statistics.BuildFusService$Parameters$Inject_: loaded 2 times (x 112B)
Class org.jetbrains.kotlin.gradle.utils.ReportUtilsKt                                 : loaded 2 times (x 71B)
Class com.android.ide.common.build.CommonBuiltArtifacts                               : loaded 2 times (x 70B)
Class com.android.tools.r8.internal.c8                                                : loaded 2 times (x 305B)
Class com.android.tools.r8.internal.u                                                 : loaded 2 times (x 78B)
Class com.android.tools.r8.internal.k42                                               : loaded 2 times (x 72B)
Class com.android.tools.r8.graph.a8$a                                                 : loaded 2 times (x 102B)
Class com.android.tools.r8.internal.ly2                                               : loaded 2 times (x 84B)
Class com.android.tools.r8.shaking.v3                                                 : loaded 2 times (x 80B)
Class com.android.tools.r8.internal.do0                                               : loaded 2 times (x 75B)
Class com.android.tools.r8.internal.j61                                               : loaded 2 times (x 85B)
Class com.google.gson.internal.$Gson$Types$ParameterizedTypeImpl                      : loaded 2 times (x 81B)
Class com.sun.xml.bind.v2.runtime.reflect.TransducedAccessor$CompositeTransducedAccessorImpl: loaded 2 times (x 79B)
Class com.sun.xml.bind.v2.runtime.unmarshaller.XsiNilLoader$Single                    : loaded 2 times (x 80B)
Class com.android.repository.impl.meta.TrimStringAdapter                              : loaded 2 times (x 75B)
Class javax.xml.bind.annotation.XmlSchemaType                                         : loaded 2 times (x 70B)
Class com.sun.xml.bind.v2.model.impl.RuntimeBuiltinLeafInfoImpl                       : loaded 2 times (x 133B)
Class com.sun.xml.bind.v2.model.impl.BuiltinLeafInfoImpl                              : loaded 2 times (x 105B)
Class com.android.build.gradle.internal.utils.ConsoleProgressIndicatorFactory$isTerminalSmart$2: loaded 2 times (x 79B)
Class com.android.build.gradle.internal.cxx.configure.GradleLocalPropertiesKt$gradleLocalProperties$propertiesContent$1: loaded 2 times (x 75B)
Class org.objectweb.asm.ModuleWriter                                                  : loaded 2 times (x 82B)
Class org.jetbrains.kotlin.gradle.internal.CompilerArgumentAware                      : loaded 2 times (x 70B)
Class org.jetbrains.kotlin.gradle.utils.StoredLazyProperty                            : loaded 2 times (x 75B)
Class com.android.prefs.Global                                                        : loaded 2 times (x 80B)
Class org.jetbrains.kotlin.gradle.plugin.internal.CustomPropertiesFileValueSource$Inject_: loaded 2 times (x 113B)
Class com.android.build.gradle.internal.scope.InternalArtifactType$NAVIGATION_JSON    : loaded 2 times (x 74B)
Class org.jetbrains.kotlin.compilerRunner.CompilerSystemPropertiesService$Companion   : loaded 2 times (x 71B)
Class com.android.build.gradle.internal.scope.InternalArtifactType$FEATURE_SET_METADATA: loaded 2 times (x 74B)
Class [Lcom.android.build.gradle.options.SyncOptions$EvaluationMode;                  : loaded 2 times (x 69B)
Class com.android.build.gradle.internal.dependency.AarToClassTransform                : loaded 2 times (x 78B)
Class com.amazon.ion.impl.lite.IonClobLite                                            : loaded 2 times (x 221B)
Class com.amazon.ion.impl._Private_ValueFactory                                       : loaded 2 times (x 70B)
Class com.amazon.ion.impl.bin.IonRawBinaryWriter$PreallocationMode$1                  : loaded 2 times (x 82B)
Class [Lcom.amazon.ion.impl.bin._Private_IonManagedBinaryWriterBuilder$AllocatorMode; : loaded 2 times (x 69B)
Class org.jetbrains.kotlin.idea.gradleTooling.KotlinMPPGradleModel                    : loaded 2 times (x 70B)
Class io.opentelemetry.context.propagation.ContextPropagators                         : loaded 2 times (x 70B)
Class com.intellij.gradle.toolingExtension.impl.model.dependencyDownloadPolicyModel.GradleDependencyDownloadPolicy: loaded 2 times (x 70B)
Class org.gradle.tooling.model.BuildIdentifier                                        : loaded 2 times (x 70B)
Class kotlin.NoWhenBranchMatchedException                                             : loaded 2 times (x 82B)
Class com.google.common.collect.SetMultimap                                           : loaded 2 times (x 70B)
Class com.android.tools.r8.internal.zd0                                               : loaded 2 times (x 161B)
Class com.android.tools.r8.graph.bc                                                   : loaded 2 times (x 72B)
Class com.android.tools.r8.internal.p6                                                : loaded 2 times (x 78B)
Class com.android.tools.r8.graph.z7                                                   : loaded 2 times (x 102B)
Class com.android.tools.r8.internal.mg0                                               : loaded 2 times (x 70B)
Class com.android.tools.r8.internal.su0                                               : loaded 2 times (x 79B)
Class com.android.tools.r8.internal.ah1                                               : loaded 2 times (x 87B)
Class [Lcom.android.tools.r8.internal.ad1;                                            : loaded 2 times (x 69B)
Class [Lcom.android.tools.r8.internal.lk$a;                                           : loaded 2 times (x 69B)
Class com.android.tools.r8.internal.km                                                : loaded 2 times (x 129B)
Class [Lcom.android.tools.r8.graph.j3;                                                : loaded 2 times (x 69B)
Class com.android.tools.r8.kotlin.f0                                                  : loaded 2 times (x 70B)
Class com.android.tools.r8.graph.j3                                                   : loaded 2 times (x 79B)
Class com.android.tools.r8.internal.cd3                                               : loaded 2 times (x 76B)
Class com.android.build.gradle.internal.signing.SigningConfigData                     : loaded 2 times (x 72B)
Class org.jetbrains.kotlin.statistics.metrics.BooleanMetrics                          : loaded 2 times (x 80B)
Class org.jetbrains.kotlin.gradle.plugin.KotlinCompilerArgumentsProducerKt            : loaded 2 times (x 71B)
Class com.android.builder.model.v2.ide.VectorDrawablesOptions                         : loaded 2 times (x 70B)
Class com.android.tools.r8.internal.uc                                                : loaded 2 times (x 76B)
Class com.android.tools.r8.internal.ql1                                               : loaded 2 times (x 82B)
Class com.android.tools.r8.internal.ht2                                               : loaded 2 times (x 70B)
Class com.android.tools.r8.internal.do1                                               : loaded 2 times (x 116B)
Class com.android.tools.r8.internal.v51                                               : loaded 2 times (x 116B)
Class com.android.tools.r8.internal.uq2                                               : loaded 2 times (x 129B)
Class org.jetbrains.kotlin.gradle.tasks.K2MultiplatformStructure_Decorated            : loaded 2 times (x 131B)
Class org.jetbrains.kotlin.compilerRunner.GradleCompilerRunner                        : loaded 2 times (x 73B)
Class com.sun.xml.bind.v2.runtime.NameList                                            : loaded 2 times (x 72B)
Class com.sun.xml.bind.v2.runtime.reflect.TransducedAccessor                          : loaded 2 times (x 78B)
Class com.sun.xml.bind.v2.model.impl.RuntimeClassInfoImpl$RuntimePropertySeed         : loaded 2 times (x 84B)
Class javax.xml.bind.annotation.XmlAttachmentRef                                      : loaded 2 times (x 70B)
Class com.android.repository.api.Repository                                           : loaded 2 times (x 79B)
Class com.android.build.gradle.internal.scope.InternalArtifactType$PREFAB_PACKAGE     : loaded 2 times (x 74B)
Class com.android.build.gradle.internal.scope.InternalArtifactType$SIGNING_CONFIG_DATA: loaded 2 times (x 74B)
Class org.jetbrains.kotlin.gradle.plugin.diagnostics.IsAttachedToTerminalValueSource  : loaded 2 times (x 80B)
Class com.android.build.gradle.internal.scope.InternalArtifactType$LINT_PUBLISH_JAR   : loaded 2 times (x 74B)
Class com.android.build.api.variant.impl.VariantOutputConfigurationImplKt             : loaded 2 times (x 71B)
Class com.android.build.gradle.internal.SdkComponentsBuildService$VersionedSdkLoader$annotationsJarProvider$1: loaded 2 times (x 75B)
Class com.android.build.gradle.internal.api.artifact.SourceArtifactType$ANDROID_RESOURCES: loaded 2 times (x 74B)
Class org.jetbrains.kotlin.gradle.internal.tasks.TaskWithLocalState                   : loaded 2 times (x 70B)
Class com.android.sdklib.repository.generated.addon.v3.LibrariesType                  : loaded 2 times (x 75B)
Class com.google.protobuf.Descriptors$Descriptor                                      : loaded 2 times (x 76B)
Class com.google.wireless.android.sdk.stats.InstantRunStatusOrBuilder                 : loaded 2 times (x 70B)
Class com.sun.xml.bind.api.RawAccessor                                                : loaded 2 times (x 73B)
Class [Lcom.android.tools.analytics.Environment$SystemProperty;                       : loaded 2 times (x 69B)
Class com.android.tools.analytics.AnalyticsSettings                                   : loaded 2 times (x 71B)
Class com.android.ide.common.blame.SourceFilePosition                                 : loaded 2 times (x 72B)
Class com.sun.xml.bind.v2.model.impl.ClassInfoImpl                                    : loaded 2 times (x 137B)
Class com.sun.xml.bind.v2.model.impl.RuntimeBuiltinLeafInfoImpl$StringImpl            : loaded 2 times (x 134B)
Class com.sun.xml.bind.v2.model.impl.PropertySeed                                     : loaded 2 times (x 70B)
Class com.amazon.ion.IonInt                                                           : loaded 2 times (x 70B)
Class com.amazon.ion.impl.bin.IonRawBinaryWriter$PreallocationMode$2                  : loaded 2 times (x 82B)
Class org.jetbrains.kotlin.idea.gradleTooling.PrepareKotlinIdeImportTaskModel         : loaded 2 times (x 70B)
Class com.android.tools.r8.internal.kn                                                : loaded 2 times (x 125B)
Class com.google.common.util.concurrent.InterruptibleTask$DoNothingRunnable           : loaded 2 times (x 74B)
Class com.android.builder.dexing.DexOutputMode                                        : loaded 2 times (x 70B)
Class com.android.tools.r8.internal.li0                                               : loaded 2 times (x 161B)
Class com.android.tools.r8.internal.ib0                                               : loaded 2 times (x 161B)
Class com.android.tools.r8.shaking.i8                                                 : loaded 2 times (x 74B)
Class [Lcom.android.tools.r8.graph.q6$k;                                              : loaded 2 times (x 69B)
Class com.android.tools.r8.internal.yf0                                               : loaded 2 times (x 163B)
Class com.android.tools.r8.internal.hg                                                : loaded 2 times (x 329B)
Class com.android.tools.r8.internal.bf3                                               : loaded 2 times (x 73B)
Class com.android.tools.r8.internal.ah2                                               : loaded 2 times (x 284B)
Class com.android.tools.r8.internal.k44                                               : loaded 2 times (x 78B)
Class com.android.tools.r8.graph.oa                                                   : loaded 2 times (x 105B)
Class com.android.tools.r8.internal.sh4                                               : loaded 2 times (x 73B)
Class com.android.tools.r8.internal.bs0                                               : loaded 2 times (x 82B)
Class com.android.tools.r8.internal.nu                                                : loaded 2 times (x 87B)
Class com.android.build.gradle.internal.tasks.DexArchiveBuilderTask_Decorated         : loaded 2 times (x 408B)
Class com.android.build.api.variant.impl.VariantOutputImpl$SerializedForm             : loaded 2 times (x 72B)
Class org.jetbrains.kotlin.statistics.metrics.NumberOverridePolicy$AVERAGE            : loaded 2 times (x 85B)
Class org.jetbrains.kotlin.gradle.dsl.KotlinCommonCompilerOptionsExtensionsKt         : loaded 2 times (x 71B)
Class com.android.builder.model.v2.ide.Edge                                           : loaded 2 times (x 70B)
Class com.google.common.io.ByteStreams$1                                              : loaded 2 times (x 85B)
Class com.android.tools.r8.internal.pa4                                               : loaded 2 times (x 79B)
Class com.android.tools.r8.internal.w                                                 : loaded 2 times (x 70B)
Class com.android.tools.r8.internal.xx3                                               : loaded 2 times (x 79B)
Class com.android.tools.r8.synthesis.x0                                               : loaded 2 times (x 79B)
Class com.android.tools.r8.graph.bd                                                   : loaded 2 times (x 70B)
Class com.android.tools.r8.internal.m0                                                : loaded 2 times (x 70B)
Class com.android.tools.r8.ClassConflictResolver                                      : loaded 2 times (x 70B)
Class com.android.tools.r8.graph.w1                                                   : loaded 2 times (x 72B)
Class com.android.tools.r8.graph.j4                                                   : loaded 2 times (x 72B)
Class com.android.tools.r8.internal.pn1                                               : loaded 2 times (x 93B)
Class com.android.tools.r8.internal.t90                                               : loaded 2 times (x 70B)
Class com.android.build.gradle.internal.scope.InternalArtifactType$RENDERSCRIPT_SOURCE_OUTPUT_DIR: loaded 2 times (x 74B)
Class com.android.tools.r8.DataResourceProvider$Visitor                               : loaded 2 times (x 70B)
Class com.sun.xml.bind.v2.runtime.unmarshaller.LocatorExWrapper                       : loaded 2 times (x 86B)
Class [Lcom.sun.xml.bind.v2.model.annotation.AnnotationSource;                        : loaded 2 times (x 69B)
Class com.sun.xml.bind.InternalAccessorFactory                                        : loaded 2 times (x 70B)
Class com.sun.xml.bind.v2.model.impl.SingleTypePropertyInfoImpl                       : loaded 2 times (x 113B)
Class com.sun.xml.bind.v2.model.core.LeafInfo                                         : loaded 2 times (x 70B)
Class com.android.repository.impl.generated.generic.v2.package-info                   : loaded 2 times (x 70B)
Class com.android.sdklib.repository.generated.common.v3.package-info                  : loaded 2 times (x 70B)
Class com.android.sdklib.repository.generated.addon.v2.LibrariesType                  : loaded 2 times (x 75B)
Class com.android.sdklib.AndroidTargetHash                                            : loaded 2 times (x 71B)
Class com.android.build.gradle.internal.SdkComponentsBuildService$VersionedSdkLoader$aapt2ExecutableProvider$1: loaded 2 times (x 74B)
Class com.android.builder.model.v2.models.VariantDependenciesFlatList                 : loaded 2 times (x 70B)
Class com.android.build.gradle.internal.dependency.BaseDexingTransform$Parameters_Decorated: loaded 2 times (x 159B)
Class com.android.build.gradle.internal.dependency.AarTransform$Parameters            : loaded 2 times (x 70B)
Class com.android.build.gradle.internal.utils.HasConfigurableValuesKt                 : loaded 2 times (x 71B)
Class org.jetbrains.kotlin.gradle.plugin.statistics.UsesBuildFusService               : loaded 2 times (x 70B)
Class org.jetbrains.kotlin.gradle.tasks.K2MultiplatformCompilationTask                : loaded 2 times (x 70B)
Class com.android.build.gradle.internal.scope.InternalArtifactType$FEATURE_RESOURCE_PKG: loaded 2 times (x 74B)
Class com.android.build.gradle.internal.core.dsl.impl.InstrumentedTestDslInfoImpl$handleProfiling$2: loaded 2 times (x 74B)
Class [Lcom.android.builder.core.ComponentType;                                       : loaded 2 times (x 69B)
Class com.android.tools.r8.graph.t3                                                   : loaded 2 times (x 92B)
Class com.android.builder.profile.NameAnonymizer$ProjectCacheLoader                   : loaded 2 times (x 76B)
Class com.android.tools.analytics.AnalyticsPaths                                      : loaded 2 times (x 71B)
Class com.android.tools.r8.graph.g6                                                   : loaded 2 times (x 351B)
Class com.amazon.ion.impl.bin.IonRawBinaryWriter$PreallocationMode$3                  : loaded 2 times (x 82B)
Class com.android.ide.gradle.model.GradlePluginModel                                  : loaded 2 times (x 70B)
Class com.google.common.collect.ReverseOrdering                                       : loaded 2 times (x 115B)
Class org.gradle.tooling.model.build.JavaEnvironment                                  : loaded 2 times (x 70B)
Class com.android.tools.r8.internal.p11                                               : loaded 2 times (x 80B)
Class com.android.builder.dexing.DexArchiveBuilder$Companion                          : loaded 2 times (x 71B)
Class org.apache.commons.io.output.AppendableWriter                                   : loaded 2 times (x 100B)
Class com.google.common.collect.HashMultimap                                          : loaded 2 times (x 174B)
Class com.android.tools.r8.internal.q21                                               : loaded 2 times (x 72B)
Class com.android.tools.r8.internal.kk0                                               : loaded 2 times (x 161B)
Class com.android.tools.r8.graph.w2                                                   : loaded 2 times (x 138B)
Class com.android.tools.r8.internal.bf4                                               : loaded 2 times (x 73B)
Class com.android.tools.r8.internal.ua0                                               : loaded 2 times (x 161B)
Class com.android.tools.r8.internal.p40                                               : loaded 2 times (x 71B)
Class com.android.tools.r8.internal.xh0                                               : loaded 2 times (x 167B)
Class com.android.tools.r8.internal.hd0                                               : loaded 2 times (x 164B)
Class com.android.tools.r8.graph.ob                                                   : loaded 2 times (x 104B)
Class com.android.tools.r8.internal.ib1                                               : loaded 2 times (x 154B)
Class com.android.tools.r8.internal.yf1                                               : loaded 2 times (x 84B)
Class com.android.tools.r8.internal.zd2                                               : loaded 2 times (x 76B)
Class com.android.tools.r8.internal.u72                                               : loaded 2 times (x 70B)
Class com.android.tools.r8.internal.hh                                                : loaded 2 times (x 92B)
Class com.android.tools.r8.internal.ue                                                : loaded 2 times (x 78B)
Class com.android.tools.r8.internal.p8                                                : loaded 2 times (x 289B)
Class com.android.tools.r8.internal.d51                                               : loaded 2 times (x 81B)
Class com.android.tools.r8.internal.xl                                                : loaded 2 times (x 98B)
Class com.android.tools.r8.internal.nv                                                : loaded 2 times (x 72B)
Class com.android.build.gradle.internal.tasks.Info$Companion                          : loaded 2 times (x 71B)
Class com.android.zipflinger.BytesSource                                              : loaded 2 times (x 87B)
Class com.android.build.gradle.internal.tasks.DexMergingTask$SharedParams$MainDexListConfig: loaded 2 times (x 76B)
Class com.android.tools.r8.internal.ay                                                : loaded 2 times (x 83B)
Class com.android.tools.r8.internal.ea                                                : loaded 2 times (x 72B)
Class com.android.tools.r8.internal.su2                                               : loaded 2 times (x 77B)
Class com.android.tools.r8.graph.z9                                                   : loaded 2 times (x 70B)
Class com.android.tools.r8.internal.oc4                                               : loaded 2 times (x 80B)
Class com.android.tools.r8.graph.j5                                                   : loaded 2 times (x 72B)
Class com.android.tools.r8.internal.li1                                               : loaded 2 times (x 70B)
Class com.android.builder.model.v2.ide.SourceSetContainer                             : loaded 2 times (x 70B)
Class com.android.tools.r8.graph.lc                                                   : loaded 2 times (x 232B)
Class com.sun.xml.bind.IDResolver                                                     : loaded 2 times (x 75B)
Class com.android.sdklib.repository.generated.addon.v2.AddonDetailsType               : loaded 2 times (x 141B)
Class com.sun.xml.bind.v2.model.impl.Util                                             : loaded 2 times (x 71B)
Class [Lcom.sun.xml.bind.v2.model.core.PropertyKind;                                  : loaded 2 times (x 69B)
Class [Lcom.sun.xml.bind.v2.runtime.Location;                                         : loaded 2 times (x 69B)
Class com.sun.xml.bind.api.JAXBRIContext                                              : loaded 2 times (x 89B)
Class com.android.sdklib.repository.generated.addon.v3.package-info                   : loaded 2 times (x 70B)
Class com.android.build.gradle.internal.SdkLocator$SdkLocationSource                  : loaded 2 times (x 80B)
Class com.android.build.gradle.internal.ndk.NdkHandler                                : loaded 2 times (x 72B)
Class com.android.build.gradle.internal.scope.InternalArtifactType$COMPILE_R_CLASS_JAR: loaded 2 times (x 74B)
Class com.android.build.gradle.tasks.MergeResources                                   : loaded 2 times (x 357B)
Class com.android.build.gradle.internal.scope.InternalArtifactType$MANIFEST_MERGE_BLAME_FILE: loaded 2 times (x 74B)
Class com.android.ide.common.signing.KeystoreHelper                                   : loaded 2 times (x 71B)
Class org.jetbrains.kotlin.gradle.plugin.internal.CustomPropertiesFileValueSource$Parameters: loaded 2 times (x 70B)
Class org.jetbrains.kotlin.gradle.plugin.UsesBuildFinishedListenerService             : loaded 2 times (x 70B)
Class com.android.tools.r8.internal.o30                                               : loaded 2 times (x 71B)
Class com.android.tools.r8.naming.r1                                                  : loaded 2 times (x 79B)
Class org.jetbrains.plugins.gradle.model.GradleExtension                              : loaded 2 times (x 70B)
Class com.amazon.ion.impl.lite.IonDecimalLite                                         : loaded 2 times (x 189B)
Class com.amazon.ion.IonBufferConfiguration$Builder                                   : loaded 2 times (x 78B)
Class org.gradle.internal.time.Timer                                                  : loaded 2 times (x 70B)
Class kotlin.jvm.internal.markers.KMappedMarker                                       : loaded 2 times (x 70B)
Class org.gradle.internal.installation.CurrentGradleInstallationLocator               : loaded 2 times (x 71B)
Class com.android.tools.r8.internal.q22                                               : loaded 2 times (x 72B)
Class org.apache.commons.io.output.ThresholdingOutputStream                           : loaded 2 times (x 95B)
Class com.android.tools.r8.internal.wj0                                               : loaded 2 times (x 161B)
Class com.android.tools.r8.PartitionMapConsumer                                       : loaded 2 times (x 70B)
Class com.android.tools.r8.internal.ne4                                               : loaded 2 times (x 73B)
Class com.android.tools.r8.internal.gf0                                               : loaded 2 times (x 163B)
Class com.android.tools.r8.internal.jm0                                               : loaded 2 times (x 161B)
Class com.android.tools.r8.internal.xh1                                               : loaded 2 times (x 70B)
Class com.android.tools.r8.internal.c71                                               : loaded 2 times (x 146B)
Class com.android.tools.r8.internal.m2                                                : loaded 2 times (x 156B)
Class com.android.tools.r8.internal.p41                                               : loaded 2 times (x 74B)
Class com.android.tools.r8.internal.o60                                               : loaded 2 times (x 286B)
Class com.android.tools.r8.internal.nw                                                : loaded 2 times (x 70B)
Class com.android.tools.r8.internal.kp                                                : loaded 2 times (x 73B)
Class [Lcom.android.tools.r8.graph.d2;                                                : loaded 2 times (x 69B)
Class com.android.tools.r8.dex.g0                                                     : loaded 2 times (x 72B)
Class com.android.zipflinger.Source                                                   : loaded 2 times (x 86B)
Class com.google.common.io.ByteSource$SlicedByteSource                                : loaded 2 times (x 85B)
Class com.google.common.collect.ImmutableMultimap$Builder                             : loaded 2 times (x 86B)
Class com.android.builder.model.v2.ide.LintOptions                                    : loaded 2 times (x 70B)
Class org.objectweb.asm.ClassReader                                                   : loaded 2 times (x 94B)
Class com.android.tools.r8.internal.ua1                                               : loaded 2 times (x 70B)
Class com.android.tools.r8.internal.tc0                                               : loaded 2 times (x 110B)
Class com.android.tools.r8.graph.w3                                                   : loaded 2 times (x 73B)
Class org.jetbrains.kotlin.build.report.metrics.GcMetrics                             : loaded 2 times (x 72B)
Class com.android.repository.impl.generated.v2.RepositoryType                         : loaded 2 times (x 86B)
Class [Ljavax.xml.bind.annotation.XmlNs;                                              : loaded 2 times (x 69B)
Class com.android.build.gradle.internal.scope.InternalArtifactType$UNIT_TEST_LINT_PARTIAL_RESULTS: loaded 2 times (x 74B)
Class [Lcom.android.build.gradle.internal.dependency.DexingOutputSplitTransform$DexOutput;: loaded 2 times (x 69B)
Class com.android.build.gradle.internal.dependency.AarResourcesCompilerTransform      : loaded 2 times (x 78B)
Class com.google.common.collect.Maps$KeySet                                           : loaded 2 times (x 137B)
Class com.android.build.gradle.internal.scope.InternalArtifactType$GLOBAL_SYNTHETICS_PROJECT: loaded 2 times (x 74B)
Class com.android.build.gradle.internal.tasks.GlobalSyntheticsGeneratorTask           : loaded 2 times (x 336B)
Class [Lcom.android.build.gradle.internal.publishing.AndroidArtifacts$ArtifactType;   : loaded 2 times (x 69B)
Class com.android.build.api.variant.impl.VariantOutputConfigurationImpl               : loaded 2 times (x 76B)
Class com.android.build.gradle.internal.utils.GuavaKtxKt                              : loaded 2 times (x 71B)
Class com.android.tools.r8.internal.zn0                                               : loaded 2 times (x 83B)
Class org.jetbrains.kotlin.gradle.fus.BuildUidService                                 : loaded 2 times (x 80B)
Class org.jetbrains.kotlin.gradle.plugin.KotlinPluginWrapperKt                        : loaded 2 times (x 71B)
Class [Lcom.google.protobuf.Internal$EnumLite;                                        : loaded 2 times (x 69B)
Class com.google.protobuf.CodedInputStream$ArrayDecoder                               : loaded 2 times (x 120B)
Class com.android.tools.analytics.HostData$osBean$2                                   : loaded 2 times (x 78B)
Class com.android.tools.analytics.HostData                                            : loaded 2 times (x 71B)
Class com.android.tools.r8.references.ClassReference                                  : loaded 2 times (x 86B)
Class com.android.build.gradle.internal.LoggerWrapper                                 : loaded 2 times (x 86B)
Class [Lcom.android.tools.r8.internal.ic;                                             : loaded 2 times (x 69B)
Class com.android.builder.model.v2.ide.ViewBindingOptions                             : loaded 2 times (x 70B)
Class com.android.build.gradle.internal.plugins.TestPlugin                            : loaded 2 times (x 97B)
Class [Lcom.amazon.ion.impl.bin.IonRawBinaryWriter$ContainerType;                     : loaded 2 times (x 69B)
Class org.gradle.tooling.internal.adapter.ProtocolToModelAdapter$ViewGraphDetails     : loaded 2 times (x 72B)
Class org.gradle.tooling.model.idea.IdeaProject                                       : loaded 2 times (x 70B)
Class org.gradle.tooling.model.DomainObjectSet                                        : loaded 2 times (x 70B)
Class org.jetbrains.kotlin.cli.common.messages.CompilerMessageSeverity$Companion      : loaded 2 times (x 71B)
Class org.gradle.internal.service.DefaultServiceLocator                               : loaded 2 times (x 83B)
Class com.android.tools.r8.internal.io0                                               : loaded 2 times (x 77B)
Class com.android.tools.r8.naming.u2                                                  : loaded 2 times (x 80B)
Class com.android.tools.r8.internal.hd2                                               : loaded 2 times (x 87B)
Class com.android.tools.r8.internal.li3                                               : loaded 2 times (x 71B)
Class com.android.tools.r8.internal.ez3                                               : loaded 2 times (x 70B)
Class com.android.tools.r8.internal.se0                                               : loaded 2 times (x 161B)
Class com.android.tools.r8.ir.optimize.w                                              : loaded 2 times (x 83B)
Class com.android.tools.r8.internal.vl0                                               : loaded 2 times (x 168B)
Class com.android.tools.r8.internal.fh0                                               : loaded 2 times (x 170B)
Class com.android.tools.r8.graph.g0                                                   : loaded 2 times (x 77B)
Class com.android.tools.r8.internal.ca0                                               : loaded 2 times (x 70B)
Class com.android.tools.r8.internal.jm1                                               : loaded 2 times (x 82B)
Class com.android.tools.r8.internal.kk2                                               : loaded 2 times (x 70B)
Class com.android.tools.r8.internal.r04                                               : loaded 2 times (x 78B)
Class com.android.tools.r8.internal.z0                                                : loaded 2 times (x 143B)
Class com.android.tools.r8.internal.wj1                                               : loaded 2 times (x 70B)
Class com.android.tools.r8.internal.e34                                               : loaded 2 times (x 71B)
Class com.android.tools.r8.internal.tc1                                               : loaded 2 times (x 76B)
Class com.android.tools.r8.internal.nr2                                               : loaded 2 times (x 70B)
Class com.android.tools.r8.ByteBufferProvider                                         : loaded 2 times (x 70B)
Class org.jetbrains.kotlin.gradle.plugin.KotlinCompilerArgumentsProducer$ContributeCompilerArgumentsContext: loaded 2 times (x 70B)
Class com.android.build.api.artifact.SingleArtifact$LINT_XML_REPORT                   : loaded 2 times (x 74B)
Class org.jetbrains.kotlin.gradle.plugin.statistics.SynchronizedMetricsContainer      : loaded 2 times (x 82B)
Class org.jetbrains.kotlin.statistics.metrics.NumberOverridePolicy                    : loaded 2 times (x 85B)
Class org.jetbrains.kotlin.statistics.metrics.StringAnonymizationPolicy$AllowedListAnonymizer$Companion: loaded 2 times (x 71B)
Class org.jetbrains.kotlin.gradle.plugin.KotlinCompilerArgumentsProducer$ArgumentType : loaded 2 times (x 79B)
Class com.google.common.collect.ImmutableMultimap$EntryCollection                     : loaded 2 times (x 128B)
Class com.google.wireless.android.sdk.stats.AndroidStudioEvent$Builder                : loaded 2 times (x 1047B)
Class com.android.tools.r8.shaking.f4                                                 : loaded 2 times (x 78B)
Class com.android.tools.r8.graph.w4                                                   : loaded 2 times (x 73B)
Class [Lcom.android.tools.r8.internal.k61;                                            : loaded 2 times (x 69B)
Class com.android.tools.r8.internal.m3                                                : loaded 2 times (x 128B)
Class org.jetbrains.kotlin.gradle.tasks.K2MultiplatformStructure$Fragment             : loaded 2 times (x 72B)
Class com.android.builder.model.v2.ide.BasicArtifact                                  : loaded 2 times (x 70B)
Class com.android.repository.impl.generated.v1.PatchesType                            : loaded 2 times (x 75B)
Class [Lcom.sun.xml.bind.v2.model.core.ID;                                            : loaded 2 times (x 69B)
Class javax.xml.bind.annotation.XmlAttribute                                          : loaded 2 times (x 70B)
Class com.android.sdklib.repository.generated.repository.v3.package-info              : loaded 2 times (x 70B)
Class com.android.build.gradle.internal.FileExistsValueSource$Params$Inject_          : loaded 2 times (x 106B)
Class org.jetbrains.kotlin.gradle.fus.internal.SynchronizedConfigurationMetrics$Companion: loaded 2 times (x 71B)
Class com.android.build.gradle.tasks.JavaPreCompileTask                               : loaded 2 times (x 335B)
Class com.android.build.gradle.internal.scope.InternalArtifactType$COMPILE_MANIFEST_JAR: loaded 2 times (x 74B)
Class com.android.builder.profile.AnalyticsProfileWriter$Companion                    : loaded 2 times (x 71B)
Class com.android.manifmerger.ManifestMerger2$Invoker$Feature                         : loaded 2 times (x 79B)
Class com.google.protobuf.ProtocolStringList                                          : loaded 2 times (x 70B)
Class com.android.build.gradle.internal.errors.SyncIssueReporterImpl$GlobalSyncIssueService$Parameters_Decorated: loaded 2 times (x 139B)
Class com.android.tools.r8.utils.v                                                    : loaded 2 times (x 71B)
Class com.android.tools.r8.internal.d22                                               : loaded 2 times (x 72B)
Class com.android.tools.r8.kotlin.p0                                                  : loaded 2 times (x 70B)
Class jdk.internal.jrtfs.JrtDirectoryStream                                           : loaded 2 times (x 89B)
Class com.amazon.ion.impl.bin.utf8.Utf8StringEncoder$Result                           : loaded 2 times (x 74B)
Class com.amazon.ion.impl.bin.utf8.Pool$Allocator                                     : loaded 2 times (x 70B)
Class com.amazon.ion.IonText                                                          : loaded 2 times (x 70B)
Class com.amazon.ion.impl.SymbolTokenImpl                                             : loaded 2 times (x 81B)
Class com.amazon.ion.SubstituteSymbolTableException                                   : loaded 2 times (x 84B)
Class io.opentelemetry.api.trace.SpanContextKey                                       : loaded 2 times (x 71B)
Class kotlin.coroutines.jvm.internal.SuspendFunction                                  : loaded 2 times (x 70B)
Class org.gradle.util.GradleVersion                                                   : loaded 2 times (x 81B)
Class org.gradle.internal.installation.CurrentGradleInstallation                      : loaded 2 times (x 73B)
Class com.google.common.util.concurrent.FluentFuture$TrustedFuture                    : loaded 2 times (x 114B)
Class com.android.tools.r8.graph.w5                                                   : loaded 2 times (x 75B)
Class com.android.tools.r8.internal.ny                                                : loaded 2 times (x 74B)
Class com.android.tools.r8.internal.ej0                                               : loaded 2 times (x 161B)
Class com.android.tools.r8.internal.bc0                                               : loaded 2 times (x 78B)
Class com.android.tools.r8.internal.mt2                                               : loaded 2 times (x 270B)
Class com.android.tools.r8.internal.n81                                               : loaded 2 times (x 284B)
Class com.android.tools.r8.internal.li4                                               : loaded 2 times (x 74B)
Class com.android.tools.r8.internal.uh                                                : loaded 2 times (x 89B)
Class com.android.tools.r8.internal.kr                                                : loaded 2 times (x 76B)
Class com.android.tools.r8.internal.vl1                                               : loaded 2 times (x 294B)
Class com.android.tools.r8.internal.xu0                                               : loaded 2 times (x 87B)
Class [Lcom.android.tools.r8.dex.m0$b;                                                : loaded 2 times (x 69B)
Class com.android.tools.r8.internal.hd3                                               : loaded 2 times (x 70B)
Class org.jetbrains.kotlin.gradle.plugin.statistics.FusMetrics                        : loaded 2 times (x 70B)
Class com.android.build.gradle.internal.tasks.AppMetadataTask_Decorated               : loaded 2 times (x 387B)
Class com.android.tools.r8.internal.un0                                               : loaded 2 times (x 73B)
Class com.android.tools.r8.internal.t94                                               : loaded 2 times (x 71B)
Class com.android.tools.r8.graph.g1                                                   : loaded 2 times (x 70B)
Class com.android.tools.r8.internal.fh1                                               : loaded 2 times (x 70B)
Class org.jetbrains.kotlin.gradle.tasks.KotlinCompilerExecutionStrategy               : loaded 2 times (x 79B)
Class com.sun.xml.bind.v2.model.impl.TypeRefImpl                                      : loaded 2 times (x 87B)
Class com.android.repository.api.Dependency                                           : loaded 2 times (x 77B)
Class com.android.repository.impl.meta.Archive                                        : loaded 2 times (x 84B)
Class [Lcom.android.repository.api.SchemaModule;                                      : loaded 2 times (x 69B)
Class com.android.build.gradle.internal.utils.ConsoleProgressIndicatorFactory$IsTerminalSmartValueSource$Inject_: loaded 2 times (x 109B)
Class com.android.ide.common.workers.WorkerExecutorFacade                             : loaded 2 times (x 70B)
Class com.android.build.gradle.internal.scope.InternalArtifactType$RESOURCES_CONFIG_MAP_FILE: loaded 2 times (x 74B)
Class com.android.build.gradle.internal.scope.InternalArtifactType$MERGED_STARTUP_PROFILE: loaded 2 times (x 74B)
Class com.android.build.gradle.tasks.ProcessPackagedManifestTask$CreationAction$handleProvider$1: loaded 2 times (x 127B)
Class org.jetbrains.kotlin.tooling.core.Extras$Type$Companion                         : loaded 2 times (x 71B)
Class com.android.build.gradle.internal.services.SymbolTableBuildService              : loaded 2 times (x 79B)
Class [Lcom.android.tools.r8.graph.g6;                                                : loaded 2 times (x 69B)
Class com.android.builder.profile.Recorder$VoidBlock                                  : loaded 2 times (x 70B)
Class com.android.tools.r8.internal.e03                                               : loaded 2 times (x 70B)
Class com.android.tools.r8.internal.g92                                               : loaded 2 times (x 330B)
Class com.android.tools.r8.internal.ha1                                               : loaded 2 times (x 284B)
Class com.amazon.ion.impl.bin.IonManagedBinaryWriter$ImportDescriptor                 : loaded 2 times (x 76B)
Class com.amazon.ion.SymbolTable                                                      : loaded 2 times (x 70B)
Class org.jetbrains.plugins.gradle.javaModel.JavaGradleManifestModel                  : loaded 2 times (x 70B)
Class org.jetbrains.plugins.gradle.tooling.serialization.GradleExtensionsSerializationService$WriteContext: loaded 2 times (x 72B)
Class com.intellij.gradle.toolingExtension.impl.model.taskModel.GradleTaskSerialisationService$Companion: loaded 2 times (x 71B)
Class kotlin.jvm.internal.Ref$BooleanRef                                              : loaded 2 times (x 71B)
Class kotlin.jvm.internal.StringCompanionObject                                       : loaded 2 times (x 71B)
Class kotlin.coroutines.intrinsics.IntrinsicsKt__IntrinsicsJvmKt                      : loaded 2 times (x 71B)
Class kotlin.coroutines.jvm.internal.CoroutineStackFrame                              : loaded 2 times (x 70B)
Class org.gradle.tooling.internal.adapter.ProtocolToModelAdapter$MethodInvocationCache$MethodInvocationKey: loaded 2 times (x 73B)
Class org.gradle.util.internal.GUtil                                                  : loaded 2 times (x 71B)
Class [Lcom.android.tools.build.apkzlib.zfile.NativeLibrariesPackagingMode;           : loaded 2 times (x 69B)
Class com.android.tools.r8.internal.nb0                                               : loaded 2 times (x 161B)
Class com.android.tools.r8.internal.ae0                                               : loaded 2 times (x 161B)
Class com.android.tools.r8.dex.t0                                                     : loaded 2 times (x 77B)
Class com.android.tools.r8.internal.gf3                                               : loaded 2 times (x 84B)
Class com.android.tools.r8.internal.lv2                                               : loaded 2 times (x 72B)
Class com.android.tools.r8.shaking.s3                                                 : loaded 2 times (x 73B)
Class com.android.tools.r8.internal.ks                                                : loaded 2 times (x 72B)
Class com.android.tools.r8.internal.qi0                                               : loaded 2 times (x 161B)
Class com.android.tools.r8.ir.optimize.y                                              : loaded 2 times (x 72B)
Class com.android.tools.r8.internal.dl0                                               : loaded 2 times (x 168B)
Class com.android.tools.r8.internal.nz                                                : loaded 2 times (x 73B)
Class com.android.tools.r8.internal.ej1                                               : loaded 2 times (x 71B)
Class com.android.tools.r8.internal.fh2                                               : loaded 2 times (x 305B)
Class com.android.tools.r8.internal.hd4                                               : loaded 2 times (x 78B)
Class com.android.tools.r8.internal.rb                                                : loaded 2 times (x 70B)
Class com.android.tools.r8.internal.w01                                               : loaded 2 times (x 286B)
Class com.android.tools.r8.internal.z2                                                : loaded 2 times (x 277B)
Class com.android.tools.r8.graph.w6                                                   : loaded 2 times (x 166B)
Class com.android.tools.r8.graph.j9                                                   : loaded 2 times (x 77B)
Class org.jetbrains.kotlin.gradle.plugin.statistics.KotlinBuildStatsConfiguration$Companion: loaded 2 times (x 71B)
Class com.google.common.io.ByteSource                                                 : loaded 2 times (x 84B)
Class com.android.tools.r8.internal.io2                                               : loaded 2 times (x 87B)
Class com.android.tools.r8.internal.ca2                                               : loaded 2 times (x 76B)
Class com.android.tools.r8.graph.g2                                                   : loaded 2 times (x 181B)
Class com.android.tools.r8.internal.jz0                                               : loaded 2 times (x 70B)
Class javax.xml.bind.UnmarshallerHandler                                              : loaded 2 times (x 70B)
Class com.android.sdklib.repository.generated.repository.v3.PlatformDetailsType       : loaded 2 times (x 126B)
Class com.sun.xml.bind.v2.model.core.Adapter                                          : loaded 2 times (x 72B)
Class com.sun.xml.bind.v2.model.impl.ClassInfoImpl$DuplicateException                 : loaded 2 times (x 82B)
Class [Ljavax.xml.bind.annotation.XmlAccessType;                                      : loaded 2 times (x 69B)
Class javax.xml.bind.annotation.XmlElementDecl                                        : loaded 2 times (x 70B)
Class com.android.repository.impl.generated.v2.CompleteType                           : loaded 2 times (x 84B)
Class com.android.repository.api.SchemaModule$SchemaModuleVersion                     : loaded 2 times (x 76B)
Class com.android.build.gradle.internal.PlatformToolsComponents$Companion             : loaded 2 times (x 71B)
Class com.android.build.gradle.internal.SdkComponentsBuildService$VersionedSdkLoader$sdkLoadStrategy$2$1$1: loaded 2 times (x 79B)
Class com.android.build.gradle.internal.scope.InternalArtifactType$LINT_VITAL_PARTIAL_RESULTS: loaded 2 times (x 74B)
Class com.android.build.gradle.internal.scope.InternalArtifactType$GLOBAL_SYNTHETICS_MERGED: loaded 2 times (x 74B)
Class com.android.build.gradle.internal.scope.InternalArtifactType$VARIANT_CODE_COVERAGE_DATA: loaded 2 times (x 74B)
Class com.android.build.gradle.internal.SdkComponentsBuildService$Environment         : loaded 2 times (x 73B)
Class com.android.build.gradle.internal.scope.InternalArtifactType$DEVICE_SPEC_PATH_MAP: loaded 2 times (x 74B)
Class com.android.build.gradle.internal.scope.InternalArtifactType$GENERATED_PROGUARD_FILE: loaded 2 times (x 74B)
Class com.android.build.gradle.tasks.ProcessPackagedManifestTask$CreationAction$handleProvider$2: loaded 2 times (x 127B)
Class com.google.common.util.concurrent.AbstractFuture$SetFuture                      : loaded 2 times (x 75B)
Class com.android.utils.StringHelper                                                  : loaded 2 times (x 71B)
Class com.android.prefs.PathLocator$WhenMappings                                      : loaded 2 times (x 71B)
Class com.google.wireless.android.sdk.stats.JavaProcessStats                          : loaded 2 times (x 207B)
Class com.android.tools.r8.synthesis.c                                                : loaded 2 times (x 72B)
Class com.google.protobuf.Message                                                     : loaded 2 times (x 70B)
Class com.android.tools.analytics.Environment$Companion$SYSTEM$1                      : loaded 2 times (x 73B)
Class com.android.tools.analytics.Environment$Companion                               : loaded 2 times (x 71B)
Class com.android.tools.analytics.Environment$SystemProperty                          : loaded 2 times (x 79B)
Class com.android.ide.common.blame.SourceFilePositionJsonSerializer                   : loaded 2 times (x 77B)
Class com.android.tools.r8.internal.kw                                                : loaded 2 times (x 78B)
Class [Lcom.amazon.ion.impl.bin.IonManagedBinaryWriter$SymbolState;                   : loaded 2 times (x 69B)
Class com.amazon.ion.impl._Private_IonWriterBase                                      : loaded 2 times (x 162B)
Class com.amazon.ion.system.IonSystemBuilder                                          : loaded 2 times (x 75B)
Class com.amazon.ion.IonCatalog                                                       : loaded 2 times (x 70B)
Class io.opentelemetry.api.trace.TraceId                                              : loaded 2 times (x 71B)
Class com.intellij.gradle.toolingExtension.impl.model.utilTurnOffDefaultTasksModel.TurnOffDefaultTasks: loaded 2 times (x 70B)
Class com.intellij.gradle.toolingExtension.impl.model.sourceSetModel.GradleSourceSetSerialisationService$SourceSetModelReadContext: loaded 2 times (x 72B)
Class kotlin.io.NoSuchFileException                                                   : loaded 2 times (x 82B)
Class kotlin.collections.CollectionsKt                                                : loaded 2 times (x 71B)
Class com.android.builder.dexing.JarClassFileInput                                    : loaded 2 times (x 82B)
Class com.android.tools.r8.internal.y94                                               : loaded 2 times (x 78B)
Class com.google.common.collect.MapMakerInternalMap$1                                 : loaded 2 times (x 83B)
Class com.android.tools.r8.internal.pk0                                               : loaded 2 times (x 161B)
Class com.android.tools.r8.retrace.ProguardMapProducer                                : loaded 2 times (x 70B)
Class com.android.tools.r8.internal.gf4                                               : loaded 2 times (x 73B)
Class com.android.tools.r8.internal.za0                                               : loaded 2 times (x 161B)
Class com.android.tools.r8.internal.md0                                               : loaded 2 times (x 164B)
Class com.android.tools.r8.ir.optimize.e1                                             : loaded 2 times (x 72B)
Class com.android.tools.r8.internal.wj4                                               : loaded 2 times (x 72B)
Class com.android.tools.r8.internal.z3                                                : loaded 2 times (x 70B)
Class com.android.tools.r8.internal.hm                                                : loaded 2 times (x 125B)
Class com.android.tools.r8.internal.qi1                                               : loaded 2 times (x 70B)
Class com.android.tools.r8.internal.i51                                               : loaded 2 times (x 81B)
Class com.android.tools.r8.internal.vy0                                               : loaded 2 times (x 70B)
Class com.android.tools.r8.ProgramConsumer                                            : loaded 2 times (x 70B)
Class com.android.build.gradle.internal.services.R8D8ThreadPoolBuildService$Parameters: loaded 2 times (x 72B)
Class org.jetbrains.kotlin.statistics.fileloggers.MetricsContainer                    : loaded 2 times (x 77B)
Class com.android.builder.model.v2.dsl.BuildType                                      : loaded 2 times (x 70B)
Class org.objectweb.asm.Context                                                       : loaded 2 times (x 72B)
Class com.android.tools.r8.internal.rc                                                : loaded 2 times (x 76B)
Class com.android.tools.r8.internal.bc2                                               : loaded 2 times (x 70B)
Class com.android.tools.r8.graph.t0                                                   : loaded 2 times (x 70B)
Class com.android.tools.r8.graph.g3                                                   : loaded 2 times (x 107B)
Class com.android.tools.r8.DataResource                                               : loaded 2 times (x 70B)
Class javax.xml.bind.annotation.DomHandler                                            : loaded 2 times (x 70B)
Class com.sun.xml.bind.v2.runtime.property.PropertyFactory                            : loaded 2 times (x 71B)
Class com.sun.xml.bind.v2.model.impl.ElementInfoImpl$PropertyImpl                     : loaded 2 times (x 133B)
Class javax.activation.DataSource                                                     : loaded 2 times (x 70B)
Class com.sun.xml.bind.v2.model.runtime.RuntimeBuiltinLeafInfo                        : loaded 2 times (x 70B)
Class com.android.sdklib.repository.generated.sysimg.v4.package-info                  : loaded 2 times (x 70B)
Class com.android.sdklib.repository.meta.DetailsTypes$ExtraDetailsType                : loaded 2 times (x 70B)
Class com.android.build.gradle.internal.SdkComponentsBuildService$VersionedSdkLoader$aidlFrameworkProvider$1: loaded 2 times (x 75B)
Class com.android.build.gradle.internal.SdkComponentsBuildService$VersionedSdkLoader$androidJarProvider$1: loaded 2 times (x 75B)
Class com.android.build.gradle.internal.scope.InternalArtifactType$DESUGAR_GRAPH      : loaded 2 times (x 74B)
Class com.android.build.api.variant.impl.VariantOutputImpl                            : loaded 2 times (x 83B)
Class com.android.build.gradle.internal.scope.InternalArtifactType$DEFAULT_PROGUARD_FILES: loaded 2 times (x 74B)
Class org.jetbrains.kotlin.gradle.internal.ClassLoadersCachingBuildService$Parameters : loaded 2 times (x 70B)
Class org.jetbrains.kotlin.gradle.utils.StoredProperty                                : loaded 2 times (x 70B)
Class com.google.protobuf.ExtensionRegistryFactory                                    : loaded 2 times (x 71B)
Class com.google.protobuf.AbstractMessage$Builder                                     : loaded 2 times (x 257B)
Class com.android.tools.r8.internal.md3                                               : loaded 2 times (x 284B)
Class com.android.ide.common.blame.Message                                            : loaded 2 times (x 72B)
Class com.android.tools.r8.internal.xe1                                               : loaded 2 times (x 76B)
Class com.android.tools.r8.internal.hp                                                : loaded 2 times (x 72B)
Class com.android.tools.r8.internal.c41                                               : loaded 2 times (x 195B)
Class com.google.protobuf.ProtocolMessageEnum                                         : loaded 2 times (x 70B)
Class io.opentelemetry.api.internal.ImmutableSpanContext                              : loaded 2 times (x 91B)
Class com.intellij.gradle.toolingExtension.impl.model.sourceSetModel.GradleSourceSetSerialisationService$SourceSetModelWriteContext: loaded 2 times (x 72B)
Class kotlin.ranges.IntProgressionIterator                                            : loaded 2 times (x 82B)
Class kotlin.coroutines.CoroutineContext                                              : loaded 2 times (x 70B)
Class kotlin.coroutines.jvm.internal.DebugProbesKt                                    : loaded 2 times (x 71B)
Class org.gradle.tooling.internal.adapter.WeakIdentityHashMap                         : loaded 2 times (x 76B)
Class org.gradle.tooling.GradleConnectionException                                    : loaded 2 times (x 83B)
Class org.gradle.tooling.internal.adapter.ProtocolToModelAdapter$1                    : loaded 2 times (x 75B)
Class org.gradle.tooling.internal.adapter.ProtocolToModelAdapter$ViewDecoration       : loaded 2 times (x 70B)
Class org.gradle.internal.installation.GradleInstallation                             : loaded 2 times (x 75B)
Class com.android.tools.build.apkzlib.zfile.NativeLibrariesPackagingMode              : loaded 2 times (x 79B)
Class com.android.tools.r8.internal.ww2                                               : loaded 2 times (x 72B)
Class com.android.tools.r8.internal.dl2                                               : loaded 2 times (x 70B)
Class com.android.tools.r8.internal.yc0                                               : loaded 2 times (x 161B)
Class com.android.tools.r8.internal.om0                                               : loaded 2 times (x 161B)
Class com.android.tools.r8.internal.se4                                               : loaded 2 times (x 74B)
Class com.android.tools.r8.internal.pk1                                               : loaded 2 times (x 86B)
Class com.android.tools.r8.internal.ew0                                               : loaded 2 times (x 73B)
Class com.android.tools.r8.synthesis.a                                                : loaded 2 times (x 106B)
Class com.android.tools.r8.internal.j0                                                : loaded 2 times (x 85B)
Class com.android.tools.r8.internal.md1                                               : loaded 2 times (x 152B)
Class com.android.tools.r8.internal.lf0                                               : loaded 2 times (x 161B)
Class com.android.tools.r8.internal.ca4                                               : loaded 2 times (x 70B)
Class com.android.tools.r8.internal.g90                                               : loaded 2 times (x 72B)
Class com.android.tools.r8.internal.tp2                                               : loaded 2 times (x 79B)
Class com.android.tools.r8.internal.hn                                                : loaded 2 times (x 124B)
Class com.google.common.base.Splitter$Strategy                                        : loaded 2 times (x 70B)
Class com.android.zipflinger.ZipSourceEntryPipe                                       : loaded 2 times (x 87B)
Class com.android.build.gradle.internal.AndroidJarInput$sdkLoader$1                   : loaded 2 times (x 75B)
Class com.android.build.gradle.internal.DependencyResourcesComputer$ResourceSourceSetInput_Decorated: loaded 2 times (x 127B)
Class org.jetbrains.kotlin.statistics.metrics.BooleanMetrics$Companion                : loaded 2 times (x 71B)
Class com.android.buildanalyzer.common.AndroidGradlePluginAttributionData$TaskInfo    : loaded 2 times (x 72B)
Class org.jetbrains.kotlin.gradle.tasks.KotlinCompile$createCompilerArguments$1       : loaded 2 times (x 79B)
Class [Lorg.jetbrains.kotlin.gradle.plugin.KotlinCompilerArgumentsProducer$ArgumentType;: loaded 2 times (x 69B)
Class com.android.tools.r8.internal.za1                                               : loaded 2 times (x 70B)
Class com.android.tools.r8.internal.z4                                                : loaded 2 times (x 78B)
Class com.android.tools.r8.SyntheticInfoConsumerData                                  : loaded 2 times (x 70B)
Class com.android.tools.r8.graph.t1                                                   : loaded 2 times (x 128B)
Class com.android.tools.r8.graph.la                                                   : loaded 2 times (x 78B)
Class com.android.tools.r8.internal.m7                                                : loaded 2 times (x 70B)
Class com.android.tools.r8.internal.cn1                                               : loaded 2 times (x 80B)
Class com.android.tools.r8.internal.nb2                                               : loaded 2 times (x 136B)
Class com.android.tools.r8.synthesis.u0                                               : loaded 2 times (x 105B)
Class com.android.tools.r8.internal.u41                                               : loaded 2 times (x 71B)
Class [Lcom.android.tools.r8.internal.n62;                                            : loaded 2 times (x 69B)
Class com.android.tools.r8.graph.g4                                                   : loaded 2 times (x 74B)
Class com.android.sdklib.repository.targets.PlatformTarget$1                          : loaded 2 times (x 75B)
Class com.sun.xml.bind.v2.ClassFactory$1                                              : loaded 2 times (x 83B)
Class com.sun.xml.bind.v2.runtime.property.ArrayElementNodeProperty                   : loaded 2 times (x 105B)
Class com.sun.xml.bind.v2.model.annotation.XmlElementRefQuick                         : loaded 2 times (x 94B)
Class com.sun.xml.bind.v2.runtime.JaxBeanInfo                                         : loaded 2 times (x 89B)
Class com.android.repository.impl.meta.GenericFactory                                 : loaded 2 times (x 72B)
Class com.android.build.gradle.internal.SdkComponentsBuildService$VersionedSdkLoader$sdkSetupCorrectly$1: loaded 2 times (x 75B)
Class com.android.build.gradle.internal.scope.InternalArtifactType$JAVA_DOC_JAR       : loaded 2 times (x 74B)
Class com.android.build.gradle.internal.SdkHandler                                    : loaded 2 times (x 81B)
Class com.android.build.gradle.internal.scope.InternalArtifactType$BUNDLE_IDE_MODEL   : loaded 2 times (x 74B)
Class com.android.build.gradle.internal.scope.InternalArtifactType$COMBINED_ART_PROFILE: loaded 2 times (x 74B)
Class com.android.tools.r8.internal.wg0                                               : loaded 2 times (x 161B)
Class org.jetbrains.kotlin.gradle.tasks.KotlinJavaToolchain                           : loaded 2 times (x 70B)
Class com.android.prefs.AndroidLocationsException                                     : loaded 2 times (x 82B)
Class com.google.protobuf.CodedInputStream                                            : loaded 2 times (x 119B)
Class com.google.wireless.android.sdk.stats.GradleBuildProfileSpan                    : loaded 2 times (x 216B)
Class com.google.protobuf.MessageLite                                                 : loaded 2 times (x 70B)
Class com.android.tools.r8.internal.j2                                                : loaded 2 times (x 80B)
Class com.android.tools.r8.internal.v24                                               : loaded 2 times (x 83B)
Class com.android.tools.r8.dex.d0                                                     : loaded 2 times (x 72B)
Class jdk.internal.jimage.decompressor.ResourceDecompressor$StringsProvider           : loaded 2 times (x 70B)
Class com.amazon.ion.impl.lite.ContainerlessContext                                   : loaded 2 times (x 80B)
Class io.opentelemetry.api.trace.DefaultTracer                                        : loaded 2 times (x 74B)
Class org.jetbrains.plugins.gradle.tooling.serialization.GradleExtensionsSerializationService$ReadContext: loaded 2 times (x 72B)
Class com.google.common.collect.ForwardingCollection                                  : loaded 2 times (x 130B)
Class com.google.common.collect.LexicographicalOrdering                               : loaded 2 times (x 115B)
Class org.gradle.tooling.internal.adapter.MethodInvoker                               : loaded 2 times (x 70B)
Class com.android.tools.r8.internal.bp1                                               : loaded 2 times (x 94B)
Class com.android.tools.r8.internal.ho                                                : loaded 2 times (x 73B)
Class com.android.tools.r8.internal.s80                                               : loaded 2 times (x 70B)
Class com.android.tools.r8.internal.fu2                                               : loaded 2 times (x 197B)
Class com.android.tools.r8.internal.m8                                                : loaded 2 times (x 84B)
Class com.android.tools.r8.internal.xe0                                               : loaded 2 times (x 161B)
Class com.android.tools.r8.ir.optimize.r0                                             : loaded 2 times (x 74B)
Class com.android.tools.r8.graph.t2                                                   : loaded 2 times (x 72B)
Class com.android.tools.r8.internal.t61                                               : loaded 2 times (x 146B)
Class com.android.tools.r8.internal.qi3                                               : loaded 2 times (x 77B)
Class com.android.tools.r8.graph.lb                                                   : loaded 2 times (x 112B)
Class com.android.tools.r8.internal.kh0                                               : loaded 2 times (x 170B)
Class com.android.tools.r8.internal.om1                                               : loaded 2 times (x 294B)
Class com.android.tools.r8.internal.d21                                               : loaded 2 times (x 83B)
Class com.android.tools.r8.internal.no0                                               : loaded 2 times (x 90B)
Class com.android.tools.r8.internal.re                                                : loaded 2 times (x 87B)
Class com.android.utils.XmlUtils                                                      : loaded 2 times (x 71B)
Class com.android.tools.r8.internal.xs                                                : loaded 2 times (x 78B)
Class com.android.tools.r8.internal.sr2                                               : loaded 2 times (x 114B)
Class com.android.build.gradle.internal.tasks.ValidateSigningTask$CreationAction$configure$2: loaded 2 times (x 75B)
Class com.google.wireless.android.sdk.stats.GradleTransformExecutionOrBuilder         : loaded 2 times (x 70B)
Class com.android.tools.r8.internal.j34                                               : loaded 2 times (x 293B)
Class com.android.tools.r8.internal.jz3                                               : loaded 2 times (x 206B)
Class com.android.tools.r8.synthesis.b                                                : loaded 2 times (x 72B)
Class com.android.tools.r8.internal.kv                                                : loaded 2 times (x 76B)
Class com.android.tools.r8.internal.ba                                                : loaded 2 times (x 72B)
Class com.android.tools.r8.graph.g5                                                   : loaded 2 times (x 72B)
Class com.android.build.gradle.tasks.JavaCompileKt$recordAnnotationProcessors$1       : loaded 2 times (x 75B)
Class com.android.tools.r8.internal.x31                                               : loaded 2 times (x 70B)
Class com.sun.xml.bind.v2.runtime.unmarshaller.LeafPropertyLoader                     : loaded 2 times (x 78B)
Class com.sun.xml.bind.v2.model.impl.RuntimeTypeRefImpl                               : loaded 2 times (x 96B)
Class com.sun.xml.bind.v2.model.core.ReferencePropertyInfo                            : loaded 2 times (x 70B)
Class com.sun.xml.bind.v2.model.annotation.XmlTypeQuick                               : loaded 2 times (x 95B)
Class com.android.build.gradle.internal.SdkComponentsBuildService$VersionedSdkLoader$aidlExecutableProvider$1: loaded 2 times (x 75B)
Class com.android.build.gradle.internal.scope.InternalArtifactType$MERGED_NATIVE_DEBUG_METADATA: loaded 2 times (x 74B)
Class com.google.common.collect.Lists$RandomAccessReverseList                         : loaded 2 times (x 200B)
Class com.android.build.gradle.internal.manifest.LazyManifestParser                   : loaded 2 times (x 76B)
Class com.android.build.gradle.internal.api.artifact.SourceArtifactType$SHADERS       : loaded 2 times (x 74B)
Class com.android.builder.core.ComponentType                                          : loaded 2 times (x 70B)
Class com.android.ide.common.gradle.Part                                              : loaded 2 times (x 77B)
Class com.google.protobuf.MapFieldReflectionAccessor                                  : loaded 2 times (x 74B)
Class com.google.wireless.android.sdk.stats.GradleBuildProject$Builder                : loaded 2 times (x 360B)
Class com.google.protobuf.AbstractMessageLite$Builder                                 : loaded 2 times (x 126B)
Class com.android.tools.r8.internal.jj0                                               : loaded 2 times (x 161B)
Class com.android.build.gradle.internal.errors.AndroidProblemsReporter                : loaded 2 times (x 70B)
Class gnu.trove.PrimeFinder                                                           : loaded 2 times (x 71B)
Class com.amazon.ion.UnexpectedEofException                                           : loaded 2 times (x 84B)
Class com.amazon.ion.IonSexp                                                          : loaded 2 times (x 70B)
Class com.amazon.ion.ReadOnlyValueException                                           : loaded 2 times (x 84B)
Class com.amazon.ion.impl._Private_LocalSymbolTable                                   : loaded 2 times (x 70B)
Class com.amazon.ion.BufferConfiguration$DataHandler                                  : loaded 2 times (x 70B)
Class com.amazon.ion.impl._Private_IonBinaryWriterBuilder                             : loaded 2 times (x 115B)
Class org.jetbrains.plugins.gradle.tooling.serialization.RepositoriesModelSerializationService$WriteContext: loaded 2 times (x 72B)
Class com.android.ide.gradle.model.LegacyAndroidGradlePluginProperties                : loaded 2 times (x 70B)
Class kotlin.ranges.IntProgression                                                    : loaded 2 times (x 81B)
Class kotlin.jvm.KotlinReflectionNotSupportedError                                    : loaded 2 times (x 82B)
Class org.gradle.tooling.model.gradle.GradleScript                                    : loaded 2 times (x 70B)

---------------  S Y S T E M  ---------------

OS:
 Windows 11 , 64 bit Build 26100 (10.0.26100.8875)
OS uptime: 3 days 16:49 hours
Hyper-V role detected

CPU: total 8 (initial active 8) (4 cores per cpu, 2 threads per core) family 6 model 158 stepping 10 microcode 0xde, cx8, cmov, fxsr, ht, mmx, 3dnowpref, sse, sse2, sse3, ssse3, sse4.1, sse4.2, popcnt, lzcnt, tsc, tscinvbit, avx, avx2, aes, erms, clmul, bmi1, bmi2, adx, fma, vzeroupper, clflush, clflushopt, hv, rdtscp, f16c
Processor Information for processor 0
  Max Mhz: 2400, Current Mhz: 2400, Mhz Limit: 2400
Processor Information for processor 1
  Max Mhz: 2400, Current Mhz: 2400, Mhz Limit: 2400
Processor Information for processor 2
  Max Mhz: 2400, Current Mhz: 1500, Mhz Limit: 2400
Processor Information for processor 3
  Max Mhz: 2400, Current Mhz: 2400, Mhz Limit: 2400
Processor Information for processor 4
  Max Mhz: 2400, Current Mhz: 2400, Mhz Limit: 2400
Processor Information for processor 5
  Max Mhz: 2400, Current Mhz: 1500, Mhz Limit: 2400
Processor Information for processor 6
  Max Mhz: 2400, Current Mhz: 2400, Mhz Limit: 2400
Processor Information for processor 7
  Max Mhz: 2400, Current Mhz: 1500, Mhz Limit: 2400

Memory: 4k page, system-wide physical 8072M (390M free)
TotalPageFile size 23277M (AvailPageFile size 596M)
current process WorkingSet (physical memory assigned to process): 773M, peak: 880M
current process commit charge ("private bytes"): 1182M, peak: 1799M

vm_info: OpenJDK 64-Bit Server VM (21.0.10+-14961533-b1163.108) for windows-amd64 JRE (21.0.10+-14961533-b1163.108), built on 2026-03-02T19:58:50Z by "builder" with MS VC++ 16.10 / 16.11 (VS2019)

END.
